{
  "summary": {
    "analyze_sec": "",
    "backend": "python",
    "buses": "",
    "case_name": "case4601_goc",
    "case_stem": "pglib_opf_case4601_goc",
    "compute": "fp64",
    "dump_case_name": "",
    "elapsed_sec": 0.13862786814570427,
    "final_mismatch": 2.5815461548407613e-11,
    "implementation": "pypower",
    "iterations": 5,
    "jacobian": "pypower",
    "max_abs_v_delta_from_v0": "",
    "measurement_mode": "operators",
    "newtonpf.init_index.avg_sec": 1.3969838619232178e-05,
    "newtonpf.init_index.count": 1,
    "newtonpf.init_index.total_sec": 1.3969838619232178e-05,
    "newtonpf.jacobian.avg_sec": 0.007558014988899231,
    "newtonpf.jacobian.count": 5,
    "newtonpf.jacobian.total_sec": 0.037790074944496155,
    "newtonpf.mismatch.avg_sec": 0.00010821688920259476,
    "newtonpf.mismatch.count": 6,
    "newtonpf.mismatch.total_sec": 0.0006493013352155685,
    "newtonpf.solve.avg_sec": 0.018195128068327904,
    "newtonpf.solve.count": 5,
    "newtonpf.solve.total_sec": 0.09097564034163952,
    "newtonpf.update_voltage.avg_sec": 0.00021916776895523072,
    "newtonpf.update_voltage.count": 5,
    "newtonpf.update_voltage.total_sec": 0.0010958388447761536,
    "pq": "",
    "profile": "pypower",
    "pv": "",
    "repeat_idx": 0,
    "runpf.build_Sbus.avg_sec": 0.00017533078789710999,
    "runpf.build_Sbus.count": 1,
    "runpf.build_Sbus.total_sec": 0.00017533078789710999,
    "runpf.build_Ybus.avg_sec": 0.0057382285594940186,
    "runpf.build_Ybus.count": 1,
    "runpf.build_Ybus.total_sec": 0.0057382285594940186,
    "runpf.bus_indexing.avg_sec": 0.0023402106016874313,
    "runpf.bus_indexing.count": 1,
    "runpf.bus_indexing.total_sec": 0.0023402106016874313,
    "runpf.load_case_data.avg_sec": 0.0009811799973249435,
    "runpf.load_case_data.count": 1,
    "runpf.load_case_data.total_sec": 0.0009811799973249435,
    "runpf.newtonpf.avg_sec": 0.13064759597182274,
    "runpf.newtonpf.count": 1,
    "runpf.newtonpf.total_sec": 0.13064759597182274,
    "solve_sec": 0.13064759597182274,
    "source_profile": "pypower",
    "success": true
  },
  "timing_entries": [
    {
      "elapsed_sec": 0.0009811799973249435,
      "iter_idx": 0,
      "op_name": "load_case_data",
      "tag": "runpf"
    },
    {
      "elapsed_sec": 0.0023402106016874313,
      "iter_idx": 0,
      "op_name": "bus_indexing",
      "tag": "runpf"
    },
    {
      "elapsed_sec": 0.0057382285594940186,
      "iter_idx": 0,
      "op_name": "build_Ybus",
      "tag": "runpf"
    },
    {
      "elapsed_sec": 0.00017533078789710999,
      "iter_idx": 0,
      "op_name": "build_Sbus",
      "tag": "runpf"
    },
    {
      "elapsed_sec": 1.3969838619232178e-05,
      "iter_idx": 0,
      "op_name": "init_index",
      "tag": "newtonpf"
    },
    {
      "elapsed_sec": 0.00010624155402183533,
      "iter_idx": 0,
      "op_name": "mismatch",
      "tag": "newtonpf"
    },
    {
      "elapsed_sec": 0.007430091500282288,
      "iter_idx": 1,
      "op_name": "jacobian",
      "tag": "newtonpf"
    },
    {
      "elapsed_sec": 0.017909720540046692,
      "iter_idx": 1,
      "op_name": "solve",
      "tag": "newtonpf"
    },
    {
      "elapsed_sec": 0.00021880120038986206,
      "iter_idx": 1,
      "op_name": "update_voltage",
      "tag": "newtonpf"
    },
    {
      "elapsed_sec": 0.00010959059000015259,
      "iter_idx": 1,
      "op_name": "mismatch",
      "tag": "newtonpf"
    },
    {
      "elapsed_sec": 0.007829772308468819,
      "iter_idx": 2,
      "op_name": "jacobian",
      "tag": "newtonpf"
    },
    {
      "elapsed_sec": 0.018289271742105484,
      "iter_idx": 2,
      "op_name": "solve",
      "tag": "newtonpf"
    },
    {
      "elapsed_sec": 0.00021778978407382965,
      "iter_idx": 2,
      "op_name": "update_voltage",
      "tag": "newtonpf"
    },
    {
      "elapsed_sec": 0.0001086890697479248,
      "iter_idx": 2,
      "op_name": "mismatch",
      "tag": "newtonpf"
    },
    {
      "elapsed_sec": 0.007505554705858231,
      "iter_idx": 3,
      "op_name": "jacobian",
      "tag": "newtonpf"
    },
    {
      "elapsed_sec": 0.01863328367471695,
      "iter_idx": 3,
      "op_name": "solve",
      "tag": "newtonpf"
    },
    {
      "elapsed_sec": 0.00022083893418312073,
      "iter_idx": 3,
      "op_name": "update_voltage",
      "tag": "newtonpf"
    },
    {
      "elapsed_sec": 0.00010841898620128632,
      "iter_idx": 3,
      "op_name": "mismatch",
      "tag": "newtonpf"
    },
    {
      "elapsed_sec": 0.0074139926582574844,
      "iter_idx": 4,
      "op_name": "jacobian",
      "tag": "newtonpf"
    },
    {
      "elapsed_sec": 0.017928950488567352,
      "iter_idx": 4,
      "op_name": "solve",
      "tag": "newtonpf"
    },
    {
      "elapsed_sec": 0.00022097863256931305,
      "iter_idx": 4,
      "op_name": "update_voltage",
      "tag": "newtonpf"
    },
    {
      "elapsed_sec": 0.00010674074292182922,
      "iter_idx": 4,
      "op_name": "mismatch",
      "tag": "newtonpf"
    },
    {
      "elapsed_sec": 0.0076106637716293335,
      "iter_idx": 5,
      "op_name": "jacobian",
      "tag": "newtonpf"
    },
    {
      "elapsed_sec": 0.01821441389620304,
      "iter_idx": 5,
      "op_name": "solve",
      "tag": "newtonpf"
    },
    {
      "elapsed_sec": 0.00021743029356002808,
      "iter_idx": 5,
      "op_name": "update_voltage",
      "tag": "newtonpf"
    },
    {
      "elapsed_sec": 0.00010962039232254028,
      "iter_idx": 5,
      "op_name": "mismatch",
      "tag": "newtonpf"
    },
    {
      "elapsed_sec": 0.13064759597182274,
      "iter_idx": 0,
      "op_name": "newtonpf",
      "tag": "runpf"
    }
  ]
}
