{
  "summary": {
    "analyze_sec": "",
    "backend": "python",
    "buses": "",
    "case_name": "case4601_goc",
    "case_stem": "pglib_opf_case4601_goc",
    "compute": "fp64",
    "dump_case_name": "",
    "elapsed_sec": 0.13818437978625298,
    "final_mismatch": 2.5815461548407613e-11,
    "implementation": "pypower",
    "iterations": 5,
    "jacobian": "pypower",
    "max_abs_v_delta_from_v0": "",
    "measurement_mode": "operators",
    "newtonpf.init_index.avg_sec": 1.3399869203567505e-05,
    "newtonpf.init_index.count": 1,
    "newtonpf.init_index.total_sec": 1.3399869203567505e-05,
    "newtonpf.jacobian.avg_sec": 0.007505665719509125,
    "newtonpf.jacobian.count": 5,
    "newtonpf.jacobian.total_sec": 0.037528328597545624,
    "newtonpf.mismatch.avg_sec": 0.00010350936402877171,
    "newtonpf.mismatch.count": 6,
    "newtonpf.mismatch.total_sec": 0.0006210561841726303,
    "newtonpf.solve.avg_sec": 0.01810811571776867,
    "newtonpf.solve.count": 5,
    "newtonpf.solve.total_sec": 0.09054057858884335,
    "newtonpf.update_voltage.avg_sec": 0.00021586120128631593,
    "newtonpf.update_voltage.count": 5,
    "newtonpf.update_voltage.total_sec": 0.0010793060064315796,
    "pq": "",
    "profile": "pypower",
    "pv": "",
    "repeat_idx": 6,
    "runpf.build_Sbus.avg_sec": 0.00017463229596614838,
    "runpf.build_Sbus.count": 1,
    "runpf.build_Sbus.total_sec": 0.00017463229596614838,
    "runpf.build_Ybus.avg_sec": 0.005715552717447281,
    "runpf.build_Ybus.count": 1,
    "runpf.build_Ybus.total_sec": 0.005715552717447281,
    "runpf.bus_indexing.avg_sec": 0.0020794011652469635,
    "runpf.bus_indexing.count": 1,
    "runpf.bus_indexing.total_sec": 0.0020794011652469635,
    "runpf.load_case_data.avg_sec": 0.0007968712598085403,
    "runpf.load_case_data.count": 1,
    "runpf.load_case_data.total_sec": 0.0007968712598085403,
    "runpf.newtonpf.avg_sec": 0.12989833392202854,
    "runpf.newtonpf.count": 1,
    "runpf.newtonpf.total_sec": 0.12989833392202854,
    "solve_sec": 0.12989833392202854,
    "source_profile": "pypower",
    "success": true
  },
  "timing_entries": [
    {
      "elapsed_sec": 0.0007968712598085403,
      "iter_idx": 0,
      "op_name": "load_case_data",
      "tag": "runpf"
    },
    {
      "elapsed_sec": 0.0020794011652469635,
      "iter_idx": 0,
      "op_name": "bus_indexing",
      "tag": "runpf"
    },
    {
      "elapsed_sec": 0.005715552717447281,
      "iter_idx": 0,
      "op_name": "build_Ybus",
      "tag": "runpf"
    },
    {
      "elapsed_sec": 0.00017463229596614838,
      "iter_idx": 0,
      "op_name": "build_Sbus",
      "tag": "runpf"
    },
    {
      "elapsed_sec": 1.3399869203567505e-05,
      "iter_idx": 0,
      "op_name": "init_index",
      "tag": "newtonpf"
    },
    {
      "elapsed_sec": 9.337067604064941e-05,
      "iter_idx": 0,
      "op_name": "mismatch",
      "tag": "newtonpf"
    },
    {
      "elapsed_sec": 0.007344342768192291,
      "iter_idx": 1,
      "op_name": "jacobian",
      "tag": "newtonpf"
    },
    {
      "elapsed_sec": 0.017919331789016724,
      "iter_idx": 1,
      "op_name": "solve",
      "tag": "newtonpf"
    },
    {
      "elapsed_sec": 0.0002161208540201187,
      "iter_idx": 1,
      "op_name": "update_voltage",
      "tag": "newtonpf"
    },
    {
      "elapsed_sec": 0.00010832957923412323,
      "iter_idx": 1,
      "op_name": "mismatch",
      "tag": "newtonpf"
    },
    {
      "elapsed_sec": 0.007818574085831642,
      "iter_idx": 2,
      "op_name": "jacobian",
      "tag": "newtonpf"
    },
    {
      "elapsed_sec": 0.01828240044414997,
      "iter_idx": 2,
      "op_name": "solve",
      "tag": "newtonpf"
    },
    {
      "elapsed_sec": 0.00021508708596229553,
      "iter_idx": 2,
      "op_name": "update_voltage",
      "tag": "newtonpf"
    },
    {
      "elapsed_sec": 0.00010561943054199219,
      "iter_idx": 2,
      "op_name": "mismatch",
      "tag": "newtonpf"
    },
    {
      "elapsed_sec": 0.007370823994278908,
      "iter_idx": 3,
      "op_name": "jacobian",
      "tag": "newtonpf"
    },
    {
      "elapsed_sec": 0.01803594082593918,
      "iter_idx": 3,
      "op_name": "solve",
      "tag": "newtonpf"
    },
    {
      "elapsed_sec": 0.0002161134034395218,
      "iter_idx": 3,
      "op_name": "update_voltage",
      "tag": "newtonpf"
    },
    {
      "elapsed_sec": 0.00010475888848304749,
      "iter_idx": 3,
      "op_name": "mismatch",
      "tag": "newtonpf"
    },
    {
      "elapsed_sec": 0.007619302719831467,
      "iter_idx": 4,
      "op_name": "jacobian",
      "tag": "newtonpf"
    },
    {
      "elapsed_sec": 0.01827850379049778,
      "iter_idx": 4,
      "op_name": "solve",
      "tag": "newtonpf"
    },
    {
      "elapsed_sec": 0.0002167820930480957,
      "iter_idx": 4,
      "op_name": "update_voltage",
      "tag": "newtonpf"
    },
    {
      "elapsed_sec": 0.0001042783260345459,
      "iter_idx": 4,
      "op_name": "mismatch",
      "tag": "newtonpf"
    },
    {
      "elapsed_sec": 0.007375285029411316,
      "iter_idx": 5,
      "op_name": "jacobian",
      "tag": "newtonpf"
    },
    {
      "elapsed_sec": 0.018024401739239693,
      "iter_idx": 5,
      "op_name": "solve",
      "tag": "newtonpf"
    },
    {
      "elapsed_sec": 0.00021520256996154785,
      "iter_idx": 5,
      "op_name": "update_voltage",
      "tag": "newtonpf"
    },
    {
      "elapsed_sec": 0.0001046992838382721,
      "iter_idx": 5,
      "op_name": "mismatch",
      "tag": "newtonpf"
    },
    {
      "elapsed_sec": 0.12989833392202854,
      "iter_idx": 0,
      "op_name": "newtonpf",
      "tag": "runpf"
    }
  ]
}
