{
  "summary": {
    "analyze_sec": "",
    "backend": "python",
    "buses": "",
    "case_name": "case4601_goc",
    "case_stem": "pglib_opf_case4601_goc",
    "compute": "fp64",
    "dump_case_name": "",
    "elapsed_sec": 0.13894250988960266,
    "final_mismatch": 2.5815461548407613e-11,
    "implementation": "pypower",
    "iterations": 5,
    "jacobian": "pypower",
    "max_abs_v_delta_from_v0": "",
    "measurement_mode": "operators",
    "newtonpf.init_index.avg_sec": 1.3550743460655212e-05,
    "newtonpf.init_index.count": 1,
    "newtonpf.init_index.total_sec": 1.3550743460655212e-05,
    "newtonpf.jacobian.avg_sec": 0.007547427341341973,
    "newtonpf.jacobian.count": 5,
    "newtonpf.jacobian.total_sec": 0.03773713670670986,
    "newtonpf.mismatch.avg_sec": 0.00010472411910692851,
    "newtonpf.mismatch.count": 6,
    "newtonpf.mismatch.total_sec": 0.000628344714641571,
    "newtonpf.solve.avg_sec": 0.018227940425276756,
    "newtonpf.solve.count": 5,
    "newtonpf.solve.total_sec": 0.09113970212638378,
    "newtonpf.update_voltage.avg_sec": 0.00021784529089927674,
    "newtonpf.update_voltage.count": 5,
    "newtonpf.update_voltage.total_sec": 0.0010892264544963837,
    "pq": "",
    "profile": "pypower",
    "pv": "",
    "repeat_idx": 2,
    "runpf.build_Sbus.avg_sec": 0.0001772996038198471,
    "runpf.build_Sbus.count": 1,
    "runpf.build_Sbus.total_sec": 0.0001772996038198471,
    "runpf.build_Ybus.avg_sec": 0.0058178529143333435,
    "runpf.build_Ybus.count": 1,
    "runpf.build_Ybus.total_sec": 0.0058178529143333435,
    "runpf.bus_indexing.avg_sec": 0.0021517425775527954,
    "runpf.bus_indexing.count": 1,
    "runpf.bus_indexing.total_sec": 0.0021517425775527954,
    "runpf.load_case_data.avg_sec": 0.001007402315735817,
    "runpf.load_case_data.count": 1,
    "runpf.load_case_data.total_sec": 0.001007402315735817,
    "runpf.newtonpf.avg_sec": 0.13072701543569565,
    "runpf.newtonpf.count": 1,
    "runpf.newtonpf.total_sec": 0.13072701543569565,
    "solve_sec": 0.13072701543569565,
    "source_profile": "pypower",
    "success": true
  },
  "timing_entries": [
    {
      "elapsed_sec": 0.001007402315735817,
      "iter_idx": 0,
      "op_name": "load_case_data",
      "tag": "runpf"
    },
    {
      "elapsed_sec": 0.0021517425775527954,
      "iter_idx": 0,
      "op_name": "bus_indexing",
      "tag": "runpf"
    },
    {
      "elapsed_sec": 0.0058178529143333435,
      "iter_idx": 0,
      "op_name": "build_Ybus",
      "tag": "runpf"
    },
    {
      "elapsed_sec": 0.0001772996038198471,
      "iter_idx": 0,
      "op_name": "build_Sbus",
      "tag": "runpf"
    },
    {
      "elapsed_sec": 1.3550743460655212e-05,
      "iter_idx": 0,
      "op_name": "init_index",
      "tag": "newtonpf"
    },
    {
      "elapsed_sec": 9.467080235481262e-05,
      "iter_idx": 0,
      "op_name": "mismatch",
      "tag": "newtonpf"
    },
    {
      "elapsed_sec": 0.007382040843367577,
      "iter_idx": 1,
      "op_name": "jacobian",
      "tag": "newtonpf"
    },
    {
      "elapsed_sec": 0.01805279217660427,
      "iter_idx": 1,
      "op_name": "solve",
      "tag": "newtonpf"
    },
    {
      "elapsed_sec": 0.00021987967193126678,
      "iter_idx": 1,
      "op_name": "update_voltage",
      "tag": "newtonpf"
    },
    {
      "elapsed_sec": 0.00010851211845874786,
      "iter_idx": 1,
      "op_name": "mismatch",
      "tag": "newtonpf"
    },
    {
      "elapsed_sec": 0.007850943133234978,
      "iter_idx": 2,
      "op_name": "jacobian",
      "tag": "newtonpf"
    },
    {
      "elapsed_sec": 0.0182788148522377,
      "iter_idx": 2,
      "op_name": "solve",
      "tag": "newtonpf"
    },
    {
      "elapsed_sec": 0.00021575205028057098,
      "iter_idx": 2,
      "op_name": "update_voltage",
      "tag": "newtonpf"
    },
    {
      "elapsed_sec": 0.00010546110570430756,
      "iter_idx": 2,
      "op_name": "mismatch",
      "tag": "newtonpf"
    },
    {
      "elapsed_sec": 0.007429774850606918,
      "iter_idx": 3,
      "op_name": "jacobian",
      "tag": "newtonpf"
    },
    {
      "elapsed_sec": 0.017921611666679382,
      "iter_idx": 3,
      "op_name": "solve",
      "tag": "newtonpf"
    },
    {
      "elapsed_sec": 0.00021845288574695587,
      "iter_idx": 3,
      "op_name": "update_voltage",
      "tag": "newtonpf"
    },
    {
      "elapsed_sec": 0.00010670721530914307,
      "iter_idx": 3,
      "op_name": "mismatch",
      "tag": "newtonpf"
    },
    {
      "elapsed_sec": 0.007635636255145073,
      "iter_idx": 4,
      "op_name": "jacobian",
      "tag": "newtonpf"
    },
    {
      "elapsed_sec": 0.018528452143073082,
      "iter_idx": 4,
      "op_name": "solve",
      "tag": "newtonpf"
    },
    {
      "elapsed_sec": 0.00021778978407382965,
      "iter_idx": 4,
      "op_name": "update_voltage",
      "tag": "newtonpf"
    },
    {
      "elapsed_sec": 0.00010630302131175995,
      "iter_idx": 4,
      "op_name": "mismatch",
      "tag": "newtonpf"
    },
    {
      "elapsed_sec": 0.007438741624355316,
      "iter_idx": 5,
      "op_name": "jacobian",
      "tag": "newtonpf"
    },
    {
      "elapsed_sec": 0.018358031287789345,
      "iter_idx": 5,
      "op_name": "solve",
      "tag": "newtonpf"
    },
    {
      "elapsed_sec": 0.00021735206246376038,
      "iter_idx": 5,
      "op_name": "update_voltage",
      "tag": "newtonpf"
    },
    {
      "elapsed_sec": 0.00010669045150279999,
      "iter_idx": 5,
      "op_name": "mismatch",
      "tag": "newtonpf"
    },
    {
      "elapsed_sec": 0.13072701543569565,
      "iter_idx": 0,
      "op_name": "newtonpf",
      "tag": "runpf"
    }
  ]
}
