{
  "summary": {
    "analyze_sec": "",
    "backend": "python",
    "buses": "",
    "case_name": "case4601_goc",
    "case_stem": "pglib_opf_case4601_goc",
    "compute": "fp64",
    "dump_case_name": "",
    "elapsed_sec": 0.13782609812915325,
    "final_mismatch": 2.5815461548407613e-11,
    "implementation": "pypower",
    "iterations": 5,
    "jacobian": "pypower",
    "max_abs_v_delta_from_v0": "",
    "measurement_mode": "operators",
    "newtonpf.init_index.avg_sec": 1.3560056686401367e-05,
    "newtonpf.init_index.count": 1,
    "newtonpf.init_index.total_sec": 1.3560056686401367e-05,
    "newtonpf.jacobian.avg_sec": 0.0075872752815485,
    "newtonpf.jacobian.count": 5,
    "newtonpf.jacobian.total_sec": 0.0379363764077425,
    "newtonpf.mismatch.avg_sec": 0.00010448011259237926,
    "newtonpf.mismatch.count": 6,
    "newtonpf.mismatch.total_sec": 0.0006268806755542755,
    "newtonpf.solve.avg_sec": 0.01804969310760498,
    "newtonpf.solve.count": 5,
    "newtonpf.solve.total_sec": 0.0902484655380249,
    "newtonpf.update_voltage.avg_sec": 0.00021549053490161897,
    "newtonpf.update_voltage.count": 5,
    "newtonpf.update_voltage.total_sec": 0.0010774526745080948,
    "pq": "",
    "profile": "pypower",
    "pv": "",
    "repeat_idx": 5,
    "runpf.build_Sbus.avg_sec": 0.00017282180488109589,
    "runpf.build_Sbus.count": 1,
    "runpf.build_Sbus.total_sec": 0.00017282180488109589,
    "runpf.build_Ybus.avg_sec": 0.005624301731586456,
    "runpf.build_Ybus.count": 1,
    "runpf.build_Ybus.total_sec": 0.005624301731586456,
    "runpf.bus_indexing.avg_sec": 0.0020648129284381866,
    "runpf.bus_indexing.count": 1,
    "runpf.bus_indexing.total_sec": 0.0020648129284381866,
    "runpf.load_case_data.avg_sec": 0.0008191000670194626,
    "runpf.load_case_data.count": 1,
    "runpf.load_case_data.total_sec": 0.0008191000670194626,
    "runpf.newtonpf.avg_sec": 0.13001836463809013,
    "runpf.newtonpf.count": 1,
    "runpf.newtonpf.total_sec": 0.13001836463809013,
    "solve_sec": 0.13001836463809013,
    "source_profile": "pypower",
    "success": true
  },
  "timing_entries": [
    {
      "elapsed_sec": 0.0008191000670194626,
      "iter_idx": 0,
      "op_name": "load_case_data",
      "tag": "runpf"
    },
    {
      "elapsed_sec": 0.0020648129284381866,
      "iter_idx": 0,
      "op_name": "bus_indexing",
      "tag": "runpf"
    },
    {
      "elapsed_sec": 0.005624301731586456,
      "iter_idx": 0,
      "op_name": "build_Ybus",
      "tag": "runpf"
    },
    {
      "elapsed_sec": 0.00017282180488109589,
      "iter_idx": 0,
      "op_name": "build_Sbus",
      "tag": "runpf"
    },
    {
      "elapsed_sec": 1.3560056686401367e-05,
      "iter_idx": 0,
      "op_name": "init_index",
      "tag": "newtonpf"
    },
    {
      "elapsed_sec": 9.523890912532806e-05,
      "iter_idx": 0,
      "op_name": "mismatch",
      "tag": "newtonpf"
    },
    {
      "elapsed_sec": 0.007594682276248932,
      "iter_idx": 1,
      "op_name": "jacobian",
      "tag": "newtonpf"
    },
    {
      "elapsed_sec": 0.017928432673215866,
      "iter_idx": 1,
      "op_name": "solve",
      "tag": "newtonpf"
    },
    {
      "elapsed_sec": 0.00021407008171081543,
      "iter_idx": 1,
      "op_name": "update_voltage",
      "tag": "newtonpf"
    },
    {
      "elapsed_sec": 0.00010923109948635101,
      "iter_idx": 1,
      "op_name": "mismatch",
      "tag": "newtonpf"
    },
    {
      "elapsed_sec": 0.007796574383974075,
      "iter_idx": 2,
      "op_name": "jacobian",
      "tag": "newtonpf"
    },
    {
      "elapsed_sec": 0.018281614407896996,
      "iter_idx": 2,
      "op_name": "solve",
      "tag": "newtonpf"
    },
    {
      "elapsed_sec": 0.00021564029157161713,
      "iter_idx": 2,
      "op_name": "update_voltage",
      "tag": "newtonpf"
    },
    {
      "elapsed_sec": 0.00010611861944198608,
      "iter_idx": 2,
      "op_name": "mismatch",
      "tag": "newtonpf"
    },
    {
      "elapsed_sec": 0.007371002808213234,
      "iter_idx": 3,
      "op_name": "jacobian",
      "tag": "newtonpf"
    },
    {
      "elapsed_sec": 0.017808903008699417,
      "iter_idx": 3,
      "op_name": "solve",
      "tag": "newtonpf"
    },
    {
      "elapsed_sec": 0.00021735206246376038,
      "iter_idx": 3,
      "op_name": "update_voltage",
      "tag": "newtonpf"
    },
    {
      "elapsed_sec": 0.00010658055543899536,
      "iter_idx": 3,
      "op_name": "mismatch",
      "tag": "newtonpf"
    },
    {
      "elapsed_sec": 0.007589763030409813,
      "iter_idx": 4,
      "op_name": "jacobian",
      "tag": "newtonpf"
    },
    {
      "elapsed_sec": 0.018203292042016983,
      "iter_idx": 4,
      "op_name": "solve",
      "tag": "newtonpf"
    },
    {
      "elapsed_sec": 0.00021466054022312164,
      "iter_idx": 4,
      "op_name": "update_voltage",
      "tag": "newtonpf"
    },
    {
      "elapsed_sec": 0.00010464154183864594,
      "iter_idx": 4,
      "op_name": "mismatch",
      "tag": "newtonpf"
    },
    {
      "elapsed_sec": 0.007584353908896446,
      "iter_idx": 5,
      "op_name": "jacobian",
      "tag": "newtonpf"
    },
    {
      "elapsed_sec": 0.01802622340619564,
      "iter_idx": 5,
      "op_name": "solve",
      "tag": "newtonpf"
    },
    {
      "elapsed_sec": 0.0002157296985387802,
      "iter_idx": 5,
      "op_name": "update_voltage",
      "tag": "newtonpf"
    },
    {
      "elapsed_sec": 0.00010506995022296906,
      "iter_idx": 5,
      "op_name": "mismatch",
      "tag": "newtonpf"
    },
    {
      "elapsed_sec": 0.13001836463809013,
      "iter_idx": 0,
      "op_name": "newtonpf",
      "tag": "runpf"
    }
  ]
}
