{
  "summary": {
    "analyze_sec": "",
    "backend": "python",
    "buses": "",
    "case_name": "case4601_goc",
    "case_stem": "pglib_opf_case4601_goc",
    "compute": "fp64",
    "dump_case_name": "",
    "elapsed_sec": 0.1389575470238924,
    "final_mismatch": 2.5815461548407613e-11,
    "implementation": "pypower",
    "iterations": 5,
    "jacobian": "pypower",
    "max_abs_v_delta_from_v0": "",
    "measurement_mode": "operators",
    "newtonpf.init_index.avg_sec": 1.3519078493118286e-05,
    "newtonpf.init_index.count": 1,
    "newtonpf.init_index.total_sec": 1.3519078493118286e-05,
    "newtonpf.jacobian.avg_sec": 0.007564639300107956,
    "newtonpf.jacobian.count": 5,
    "newtonpf.jacobian.total_sec": 0.03782319650053978,
    "newtonpf.mismatch.avg_sec": 0.00010686678191026051,
    "newtonpf.mismatch.count": 6,
    "newtonpf.mismatch.total_sec": 0.0006412006914615631,
    "newtonpf.solve.avg_sec": 0.01825913190841675,
    "newtonpf.solve.count": 5,
    "newtonpf.solve.total_sec": 0.09129565954208374,
    "newtonpf.update_voltage.avg_sec": 0.00022043809294700623,
    "newtonpf.update_voltage.count": 5,
    "newtonpf.update_voltage.total_sec": 0.0011021904647350311,
    "pq": "",
    "profile": "pypower",
    "pv": "",
    "repeat_idx": 1,
    "runpf.build_Sbus.avg_sec": 0.00017469003796577454,
    "runpf.build_Sbus.count": 1,
    "runpf.build_Sbus.total_sec": 0.00017469003796577454,
    "runpf.build_Ybus.avg_sec": 0.00571880117058754,
    "runpf.build_Ybus.count": 1,
    "runpf.build_Ybus.total_sec": 0.00571880117058754,
    "runpf.bus_indexing.avg_sec": 0.0021430030465126038,
    "runpf.bus_indexing.count": 1,
    "runpf.bus_indexing.total_sec": 0.0021430030465126038,
    "runpf.load_case_data.avg_sec": 0.0008453615009784698,
    "runpf.load_case_data.count": 1,
    "runpf.load_case_data.total_sec": 0.0008453615009784698,
    "runpf.newtonpf.avg_sec": 0.13099297508597374,
    "runpf.newtonpf.count": 1,
    "runpf.newtonpf.total_sec": 0.13099297508597374,
    "solve_sec": 0.13099297508597374,
    "source_profile": "pypower",
    "success": true
  },
  "timing_entries": [
    {
      "elapsed_sec": 0.0008453615009784698,
      "iter_idx": 0,
      "op_name": "load_case_data",
      "tag": "runpf"
    },
    {
      "elapsed_sec": 0.0021430030465126038,
      "iter_idx": 0,
      "op_name": "bus_indexing",
      "tag": "runpf"
    },
    {
      "elapsed_sec": 0.00571880117058754,
      "iter_idx": 0,
      "op_name": "build_Ybus",
      "tag": "runpf"
    },
    {
      "elapsed_sec": 0.00017469003796577454,
      "iter_idx": 0,
      "op_name": "build_Sbus",
      "tag": "runpf"
    },
    {
      "elapsed_sec": 1.3519078493118286e-05,
      "iter_idx": 0,
      "op_name": "init_index",
      "tag": "newtonpf"
    },
    {
      "elapsed_sec": 9.487010538578033e-05,
      "iter_idx": 0,
      "op_name": "mismatch",
      "tag": "newtonpf"
    },
    {
      "elapsed_sec": 0.007385203614830971,
      "iter_idx": 1,
      "op_name": "jacobian",
      "tag": "newtonpf"
    },
    {
      "elapsed_sec": 0.01786656118929386,
      "iter_idx": 1,
      "op_name": "solve",
      "tag": "newtonpf"
    },
    {
      "elapsed_sec": 0.00023182108998298645,
      "iter_idx": 1,
      "op_name": "update_voltage",
      "tag": "newtonpf"
    },
    {
      "elapsed_sec": 0.00011343136429786682,
      "iter_idx": 1,
      "op_name": "mismatch",
      "tag": "newtonpf"
    },
    {
      "elapsed_sec": 0.007837142795324326,
      "iter_idx": 2,
      "op_name": "jacobian",
      "tag": "newtonpf"
    },
    {
      "elapsed_sec": 0.018461652100086212,
      "iter_idx": 2,
      "op_name": "solve",
      "tag": "newtonpf"
    },
    {
      "elapsed_sec": 0.00021813996136188507,
      "iter_idx": 2,
      "op_name": "update_voltage",
      "tag": "newtonpf"
    },
    {
      "elapsed_sec": 0.00011063925921916962,
      "iter_idx": 2,
      "op_name": "mismatch",
      "tag": "newtonpf"
    },
    {
      "elapsed_sec": 0.007568163797259331,
      "iter_idx": 3,
      "op_name": "jacobian",
      "tag": "newtonpf"
    },
    {
      "elapsed_sec": 0.018298491835594177,
      "iter_idx": 3,
      "op_name": "solve",
      "tag": "newtonpf"
    },
    {
      "elapsed_sec": 0.0002170410007238388,
      "iter_idx": 3,
      "op_name": "update_voltage",
      "tag": "newtonpf"
    },
    {
      "elapsed_sec": 0.00010523945093154907,
      "iter_idx": 3,
      "op_name": "mismatch",
      "tag": "newtonpf"
    },
    {
      "elapsed_sec": 0.007458914071321487,
      "iter_idx": 4,
      "op_name": "jacobian",
      "tag": "newtonpf"
    },
    {
      "elapsed_sec": 0.01820051111280918,
      "iter_idx": 4,
      "op_name": "solve",
      "tag": "newtonpf"
    },
    {
      "elapsed_sec": 0.00021568872034549713,
      "iter_idx": 4,
      "op_name": "update_voltage",
      "tag": "newtonpf"
    },
    {
      "elapsed_sec": 0.00010614097118377686,
      "iter_idx": 4,
      "op_name": "mismatch",
      "tag": "newtonpf"
    },
    {
      "elapsed_sec": 0.007573772221803665,
      "iter_idx": 5,
      "op_name": "jacobian",
      "tag": "newtonpf"
    },
    {
      "elapsed_sec": 0.018468443304300308,
      "iter_idx": 5,
      "op_name": "solve",
      "tag": "newtonpf"
    },
    {
      "elapsed_sec": 0.00021949969232082367,
      "iter_idx": 5,
      "op_name": "update_voltage",
      "tag": "newtonpf"
    },
    {
      "elapsed_sec": 0.00011087954044342041,
      "iter_idx": 5,
      "op_name": "mismatch",
      "tag": "newtonpf"
    },
    {
      "elapsed_sec": 0.13099297508597374,
      "iter_idx": 0,
      "op_name": "newtonpf",
      "tag": "runpf"
    }
  ]
}
