{
  "summary": {
    "analyze_sec": "",
    "backend": "python",
    "buses": "",
    "case_name": "case4601_goc",
    "case_stem": "pglib_opf_case4601_goc",
    "compute": "fp64",
    "dump_case_name": "",
    "elapsed_sec": 0.14153149537742138,
    "final_mismatch": 2.5815461548407613e-11,
    "implementation": "pypower",
    "iterations": 5,
    "jacobian": "pypower",
    "max_abs_v_delta_from_v0": "",
    "measurement_mode": "operators",
    "newtonpf.init_index.avg_sec": 1.3770535588264465e-05,
    "newtonpf.init_index.count": 1,
    "newtonpf.init_index.total_sec": 1.3770535588264465e-05,
    "newtonpf.jacobian.avg_sec": 0.0077156111598014835,
    "newtonpf.jacobian.count": 5,
    "newtonpf.jacobian.total_sec": 0.038578055799007416,
    "newtonpf.mismatch.avg_sec": 0.00011320846776167552,
    "newtonpf.mismatch.count": 6,
    "newtonpf.mismatch.total_sec": 0.0006792508065700531,
    "newtonpf.solve.avg_sec": 0.018567084893584253,
    "newtonpf.solve.count": 5,
    "newtonpf.solve.total_sec": 0.09283542446792126,
    "newtonpf.update_voltage.avg_sec": 0.00022196397185325623,
    "newtonpf.update_voltage.count": 5,
    "newtonpf.update_voltage.total_sec": 0.0011098198592662811,
    "pq": "",
    "profile": "pypower",
    "pv": "",
    "repeat_idx": 3,
    "runpf.build_Sbus.avg_sec": 0.00017444975674152374,
    "runpf.build_Sbus.count": 1,
    "runpf.build_Sbus.total_sec": 0.00017444975674152374,
    "runpf.build_Ybus.avg_sec": 0.0058653708547353745,
    "runpf.build_Ybus.count": 1,
    "runpf.build_Ybus.total_sec": 0.0058653708547353745,
    "runpf.bus_indexing.avg_sec": 0.0022609736770391464,
    "runpf.bus_indexing.count": 1,
    "runpf.bus_indexing.total_sec": 0.0022609736770391464,
    "runpf.load_case_data.avg_sec": 0.0007907208055257797,
    "runpf.load_case_data.count": 1,
    "runpf.load_case_data.total_sec": 0.0007907208055257797,
    "runpf.newtonpf.avg_sec": 0.13333811052143574,
    "runpf.newtonpf.count": 1,
    "runpf.newtonpf.total_sec": 0.13333811052143574,
    "solve_sec": 0.13333811052143574,
    "source_profile": "pypower",
    "success": true
  },
  "timing_entries": [
    {
      "elapsed_sec": 0.0007907208055257797,
      "iter_idx": 0,
      "op_name": "load_case_data",
      "tag": "runpf"
    },
    {
      "elapsed_sec": 0.0022609736770391464,
      "iter_idx": 0,
      "op_name": "bus_indexing",
      "tag": "runpf"
    },
    {
      "elapsed_sec": 0.0058653708547353745,
      "iter_idx": 0,
      "op_name": "build_Ybus",
      "tag": "runpf"
    },
    {
      "elapsed_sec": 0.00017444975674152374,
      "iter_idx": 0,
      "op_name": "build_Sbus",
      "tag": "runpf"
    },
    {
      "elapsed_sec": 1.3770535588264465e-05,
      "iter_idx": 0,
      "op_name": "init_index",
      "tag": "newtonpf"
    },
    {
      "elapsed_sec": 9.392015635967255e-05,
      "iter_idx": 0,
      "op_name": "mismatch",
      "tag": "newtonpf"
    },
    {
      "elapsed_sec": 0.007626663893461227,
      "iter_idx": 1,
      "op_name": "jacobian",
      "tag": "newtonpf"
    },
    {
      "elapsed_sec": 0.019235653802752495,
      "iter_idx": 1,
      "op_name": "solve",
      "tag": "newtonpf"
    },
    {
      "elapsed_sec": 0.00021941959857940674,
      "iter_idx": 1,
      "op_name": "update_voltage",
      "tag": "newtonpf"
    },
    {
      "elapsed_sec": 0.00012466870248317719,
      "iter_idx": 1,
      "op_name": "mismatch",
      "tag": "newtonpf"
    },
    {
      "elapsed_sec": 0.00801939144730568,
      "iter_idx": 2,
      "op_name": "jacobian",
      "tag": "newtonpf"
    },
    {
      "elapsed_sec": 0.018586043268442154,
      "iter_idx": 2,
      "op_name": "solve",
      "tag": "newtonpf"
    },
    {
      "elapsed_sec": 0.000217389315366745,
      "iter_idx": 2,
      "op_name": "update_voltage",
      "tag": "newtonpf"
    },
    {
      "elapsed_sec": 0.00011342018842697144,
      "iter_idx": 2,
      "op_name": "mismatch",
      "tag": "newtonpf"
    },
    {
      "elapsed_sec": 0.007551692426204681,
      "iter_idx": 3,
      "op_name": "jacobian",
      "tag": "newtonpf"
    },
    {
      "elapsed_sec": 0.018127111718058586,
      "iter_idx": 3,
      "op_name": "solve",
      "tag": "newtonpf"
    },
    {
      "elapsed_sec": 0.00022554956376552582,
      "iter_idx": 3,
      "op_name": "update_voltage",
      "tag": "newtonpf"
    },
    {
      "elapsed_sec": 0.00011573918163776398,
      "iter_idx": 3,
      "op_name": "mismatch",
      "tag": "newtonpf"
    },
    {
      "elapsed_sec": 0.007894014939665794,
      "iter_idx": 4,
      "op_name": "jacobian",
      "tag": "newtonpf"
    },
    {
      "elapsed_sec": 0.01885204389691353,
      "iter_idx": 4,
      "op_name": "solve",
      "tag": "newtonpf"
    },
    {
      "elapsed_sec": 0.00022727996110916138,
      "iter_idx": 4,
      "op_name": "update_voltage",
      "tag": "newtonpf"
    },
    {
      "elapsed_sec": 0.00011469051241874695,
      "iter_idx": 4,
      "op_name": "mismatch",
      "tag": "newtonpf"
    },
    {
      "elapsed_sec": 0.007486293092370033,
      "iter_idx": 5,
      "op_name": "jacobian",
      "tag": "newtonpf"
    },
    {
      "elapsed_sec": 0.018034571781754494,
      "iter_idx": 5,
      "op_name": "solve",
      "tag": "newtonpf"
    },
    {
      "elapsed_sec": 0.0002201814204454422,
      "iter_idx": 5,
      "op_name": "update_voltage",
      "tag": "newtonpf"
    },
    {
      "elapsed_sec": 0.00011681206524372101,
      "iter_idx": 5,
      "op_name": "mismatch",
      "tag": "newtonpf"
    },
    {
      "elapsed_sec": 0.13333811052143574,
      "iter_idx": 0,
      "op_name": "newtonpf",
      "tag": "runpf"
    }
  ]
}
