{
  "dataset_root": "/workspace/datasets/cuPF_datasets",
  "case_dir": "/workspace/datasets/cuPF_datasets/case1354_pegase",
  "case_name": "case1354_pegase",
  "benchmark_kind": "cudss_linear_system",
  "mode": "full",
  "linear_system_origin": "V0 Newton step",
  "rhs_definition": "b = -F(V0)",
  "matrix_definition": "J = dF/dx at V0",
  "matrix_precision": "float32",
  "rhs_precision": "float32",
  "jacobian": "edge_based",
  "warmup": 1,
  "repeats": 3,
  "buses": 1354,
  "ybus_nnz": 4774,
  "pv": 259,
  "pq": 1094,
  "linear_dim": 2447,
  "linear_nnz": 15803,
  "build_system_sec": 0.000762786,
  "analysis_sec_mean": 0.014746172333333335,
  "no_analysis_sec_mean": 0.00044719166666666647,
  "mismatch_inf": 26.666650000000001,
  "rhs_inf": 26.666650000000001,
  "runs": [
    {
      "repeat_idx": 0,
      "analysis_sec": 0.015075188,
      "factorization_sec": 0.000321479,
      "solve_sec": 0.00013400900000000001,
      "total_sec": 0.015530726,
      "residual_inf": 0.0005011967033539122,
      "relative_residual_inf": 1.8794888122576783e-05,
      "solution_inf": 0.78442978858947754
    },
    {
      "repeat_idx": 1,
      "analysis_sec": 0.014598069,
      "factorization_sec": 0.00030916899999999998,
      "solve_sec": 0.00013292999999999999,
      "total_sec": 0.015040237999999999,
      "residual_inf": 0.00025096606667318611,
      "relative_residual_inf": 9.4112333822653432e-06,
      "solution_inf": 0.78441369533538818
    },
    {
      "repeat_idx": 2,
      "analysis_sec": 0.01456526,
      "factorization_sec": 0.00031032899999999998,
      "solve_sec": 0.00013347899999999999,
      "total_sec": 0.015009128,
      "residual_inf": 0.00020202555015202961,
      "relative_residual_inf": 7.5759628656779011e-06,
      "solution_inf": 0.7844163179397583
    }
  ],
  "summary": {
    "analysis_sec_mean": 0.014746172333333335,
    "factorization_sec_mean": 0.00031365899999999999,
    "no_analysis_sec_mean": 0.00044719166666666647,
    "solve_sec_mean": 0.00013347266666666665,
    "total_sec_mean": 0.015193364000000001,
    "analysis_sec_min": 0.01456526,
    "factorization_sec_min": 0.00030916899999999998,
    "solve_sec_min": 0.00013292999999999999,
    "total_sec_min": 0.015009128,
    "residual_inf_max": 0.0005011967033539122,
    "relative_residual_inf_max": 1.8794888122576783e-05
  }
}
