{
  "dataset_root": "/workspace/datasets/cuPF_datasets",
  "case_dir": "/workspace/datasets/cuPF_datasets/case8387_pegase",
  "case_name": "case8387_pegase",
  "benchmark_kind": "cudss_linear_system",
  "mode": "schur_j22",
  "linear_system_origin": "V0 Newton step",
  "rhs_definition": "b = -F(V0)",
  "matrix_definition": "J = dF/dx at V0",
  "matrix_precision": "float32",
  "rhs_precision": "float32",
  "jacobian": "edge_based",
  "warmup": 1,
  "repeats": 3,
  "buses": 8387,
  "ybus_nnz": 34377,
  "pv": 1864,
  "pq": 6522,
  "schur_dim": 6522,
  "linear_dim": 14908,
  "linear_nnz": 110572,
  "build_system_sec": 0.0058313100000000001,
  "analysis_sec_mean": 0.14063315066666668,
  "mismatch_inf": 2240.5179016120151,
  "rhs_inf": 2240.5179016120151,
  "runs": [
    {
      "repeat_idx": 0,
      "analysis_sec": 0.14167398,
      "factorization_sec": 0.013998381000000001,
      "schur_extract_sec": 0.044678416999999998,
      "fwd_solve_sec": 0.000193291,
      "diag_sec": 8.7600000000000008e-06,
      "getrf_sec": 0.036832808000000002,
      "getrs_sec": 0.00218519,
      "schur_solve_sec": 0.039026757999999995,
      "bwd_solve_sec": 0.00059709300000000004,
      "solve_sec": 0.039817141999999993,
      "total_sec": 0.24016808000000001,
      "residual_inf": 0.019193131991564361,
      "relative_residual_inf": 8.5663818966834516e-06,
      "solution_inf": 5.3910102844238281
    },
    {
      "repeat_idx": 1,
      "analysis_sec": 0.13991078100000001,
      "factorization_sec": 0.014756605000000001,
      "schur_extract_sec": 0.044641215999999997,
      "fwd_solve_sec": 0.00019517100000000001,
      "diag_sec": 8.8799999999999997e-06,
      "getrf_sec": 0.036812497,
      "getrs_sec": 0.002221981,
      "schur_solve_sec": 0.039043358,
      "bwd_solve_sec": 0.00060631300000000003,
      "solve_sec": 0.039844841999999998,
      "total_sec": 0.23915362400000001,
      "residual_inf": 0.023996518846655102,
      "relative_residual_inf": 1.0710255351849682e-05,
      "solution_inf": 5.3901834487915039
    },
    {
      "repeat_idx": 2,
      "analysis_sec": 0.14031469099999999,
      "factorization_sec": 0.013944051000000001,
      "schur_extract_sec": 0.044712175999999999,
      "fwd_solve_sec": 0.00020222099999999999,
      "diag_sec": 9.0610000000000002e-06,
      "getrf_sec": 0.036667975999999998,
      "getrs_sec": 0.0021592999999999998,
      "schur_solve_sec": 0.038836336999999999,
      "bwd_solve_sec": 0.000603543,
      "solve_sec": 0.039642100999999999,
      "total_sec": 0.23861321899999999,
      "residual_inf": 0.024120421690361438,
      "relative_residual_inf": 1.076555633543798e-05,
      "solution_inf": 5.3909468650817871
    }
  ],
  "summary": {
    "analysis_sec_mean": 0.14063315066666668,
    "factorization_sec_mean": 0.014233012333333335,
    "schur_extract_sec_mean": 0.044677269666666665,
    "fwd_solve_sec_mean": 0.00019689433333333335,
    "diag_sec_mean": 8.9003333333333336e-06,
    "getrf_sec_mean": 0.036771093666666664,
    "getrs_sec_mean": 0.0021888236666666662,
    "schur_solve_sec_mean": 0.038968817666666662,
    "bwd_solve_sec_mean": 0.00060231633333333336,
    "solve_sec_mean": 0.03976802833333333,
    "total_sec_mean": 0.23931164100000002,
    "analysis_sec_min": 0.13991078100000001,
    "factorization_sec_min": 0.013944051000000001,
    "solve_sec_min": 0.039642100999999999,
    "total_sec_min": 0.23861321899999999,
    "residual_inf_max": 0.024120421690361438,
    "relative_residual_inf_max": 1.076555633543798e-05
  }
}
