{
  "dataset_root": "/workspace/datasets/cuPF_datasets",
  "case_dir": "/workspace/datasets/cuPF_datasets/case1354_pegase",
  "case_name": "case1354_pegase",
  "benchmark_kind": "cudss_linear_system",
  "mode": "schur_j22",
  "linear_system_origin": "V0 Newton step",
  "rhs_definition": "b = -F(V0)",
  "matrix_definition": "J = dF/dx at V0",
  "matrix_precision": "float32",
  "rhs_precision": "float32",
  "jacobian": "edge_based",
  "warmup": 1,
  "repeats": 3,
  "buses": 1354,
  "ybus_nnz": 4774,
  "pv": 259,
  "pq": 1094,
  "schur_dim": 1094,
  "linear_dim": 2447,
  "linear_nnz": 15803,
  "build_system_sec": 0.00079033399999999996,
  "analysis_sec_mean": 0.023499626666666665,
  "mismatch_inf": 26.666650000000001,
  "rhs_inf": 26.666650000000001,
  "runs": [
    {
      "repeat_idx": 0,
      "analysis_sec": 0.023771672000000001,
      "factorization_sec": 0.00080695400000000003,
      "schur_extract_sec": 0.001393837,
      "fwd_solve_sec": 9.0871000000000005e-05,
      "diag_sec": 8.5599999999999994e-06,
      "getrf_sec": 0.0027769639999999998,
      "getrs_sec": 0.00031555199999999998,
      "schur_solve_sec": 0.0031010759999999995,
      "bwd_solve_sec": 0.00033080099999999998,
      "solve_sec": 0.0035227479999999996,
      "total_sec": 0.029495370999999999,
      "residual_inf": 0.00027399809535921804,
      "relative_residual_inf": 1.0274934997805049e-05,
      "solution_inf": 0.78441298007965088
    },
    {
      "repeat_idx": 1,
      "analysis_sec": 0.023356169,
      "factorization_sec": 0.00083884400000000005,
      "schur_extract_sec": 0.001388317,
      "fwd_solve_sec": 8.5259999999999993e-05,
      "diag_sec": 8.2800000000000003e-06,
      "getrf_sec": 0.0027831349999999999,
      "getrs_sec": 0.00031567100000000001,
      "schur_solve_sec": 0.0031070859999999998,
      "bwd_solve_sec": 0.000185961,
      "solve_sec": 0.0033783070000000001,
      "total_sec": 0.028961826999999999,
      "residual_inf": 0.00039404649494656496,
      "relative_residual_inf": 1.4776752795966684e-05,
      "solution_inf": 0.7844197154045105
    },
    {
      "repeat_idx": 2,
      "analysis_sec": 0.023371039,
      "factorization_sec": 0.00078308399999999997,
      "schur_extract_sec": 0.0013957469999999999,
      "fwd_solve_sec": 8.6080000000000003e-05,
      "diag_sec": 8.7099999999999996e-06,
      "getrf_sec": 0.0027766050000000001,
      "getrs_sec": 0.00031520099999999998,
      "schur_solve_sec": 0.0031005160000000002,
      "bwd_solve_sec": 0.000185081,
      "solve_sec": 0.0033716770000000004,
      "total_sec": 0.028921717,
      "residual_inf": 0.00030829044487745705,
      "relative_residual_inf": 1.1560898908466457e-05,
      "solution_inf": 0.78442531824111938
    }
  ],
  "summary": {
    "analysis_sec_mean": 0.023499626666666665,
    "factorization_sec_mean": 0.00080962733333333331,
    "schur_extract_sec_mean": 0.0013926336666666669,
    "fwd_solve_sec_mean": 8.7403666666666658e-05,
    "diag_sec_mean": 8.5166666666666676e-06,
    "getrf_sec_mean": 0.0027789013333333334,
    "getrs_sec_mean": 0.00031547466666666664,
    "schur_solve_sec_mean": 0.0031028926666666671,
    "bwd_solve_sec_mean": 0.0002339476666666667,
    "solve_sec_mean": 0.0034242439999999999,
    "total_sec_mean": 0.029126305000000002,
    "analysis_sec_min": 0.023356169,
    "factorization_sec_min": 0.00078308399999999997,
    "solve_sec_min": 0.0033716770000000004,
    "total_sec_min": 0.028921717,
    "residual_inf_max": 0.00039404649494656496,
    "relative_residual_inf_max": 1.4776752795966684e-05
  }
}
