{
  "dataset_root": "/workspace/datasets/cuPF_datasets",
  "case_dir": "/workspace/datasets/cuPF_datasets/case118_ieee",
  "case_name": "case118_ieee",
  "benchmark_kind": "cudss_linear_system",
  "mode": "schur_j22",
  "linear_system_origin": "V0 Newton step",
  "rhs_definition": "b = -F(V0)",
  "matrix_definition": "J = dF/dx at V0",
  "matrix_precision": "float32",
  "rhs_precision": "float32",
  "jacobian": "edge_based",
  "warmup": 1,
  "repeats": 3,
  "buses": 118,
  "ybus_nnz": 476,
  "pv": 53,
  "pq": 64,
  "schur_dim": 64,
  "linear_dim": 181,
  "linear_nnz": 1051,
  "build_system_sec": 7.4259999999999997e-05,
  "analysis_sec_mean": 0.0091805749999999998,
  "no_analysis_sec_mean": 0.0003281386666666667,
  "mismatch_inf": 3.5300000000000007,
  "rhs_inf": 3.5300000000000007,
  "runs": [
    {
      "repeat_idx": 0,
      "analysis_sec": 0.0092266310000000008,
      "factorization_sec": 9.2479999999999995e-05,
      "schur_extract_sec": 1.6820000000000002e-05,
      "fwd_solve_sec": 3.8229999999999998e-05,
      "diag_sec": 7.9100000000000005e-06,
      "getrf_sec": 8.9328999999999998e-05,
      "getrs_sec": 3.5509999999999997e-05,
      "schur_solve_sec": 0.00013274899999999999,
      "bwd_solve_sec": 4.952e-05,
      "solve_sec": 0.00022049899999999998,
      "total_sec": 0.0095566000000000002,
      "residual_inf": 1.4696654406679693e-05,
      "relative_residual_inf": 4.1633581888611023e-06,
      "solution_inf": 0.93829798698425293
    },
    {
      "repeat_idx": 1,
      "analysis_sec": 0.0091699420000000004,
      "factorization_sec": 8.7238999999999996e-05,
      "schur_extract_sec": 1.5610000000000001e-05,
      "fwd_solve_sec": 3.8179999999999997e-05,
      "diag_sec": 7.8699999999999992e-06,
      "getrf_sec": 9.1340000000000003e-05,
      "getrs_sec": 3.5259000000000002e-05,
      "schur_solve_sec": 0.00013446900000000002,
      "bwd_solve_sec": 5.075e-05,
      "solve_sec": 0.00022339899999999999,
      "total_sec": 0.0094963600000000006,
      "residual_inf": 2.1815485657050715e-05,
      "relative_residual_inf": 6.1800242654534595e-06,
      "solution_inf": 0.93829858303070068
    },
    {
      "repeat_idx": 2,
      "analysis_sec": 0.0091451520000000001,
      "factorization_sec": 8.7869999999999997e-05,
      "schur_extract_sec": 1.6039999999999999e-05,
      "fwd_solve_sec": 3.9119000000000003e-05,
      "diag_sec": 8.1000000000000004e-06,
      "getrf_sec": 8.988e-05,
      "getrs_sec": 3.595e-05,
      "schur_solve_sec": 0.00013393000000000001,
      "bwd_solve_sec": 5.0890000000000002e-05,
      "solve_sec": 0.00022393900000000001,
      "total_sec": 0.0094731810000000007,
      "residual_inf": 2.1815927143009617e-05,
      "relative_residual_inf": 6.1801493322973409e-06,
      "solution_inf": 0.93829858303070068
    }
  ],
  "summary": {
    "analysis_sec_mean": 0.0091805749999999998,
    "factorization_sec_mean": 8.9196333333333325e-05,
    "no_analysis_sec_mean": 0.0003281386666666667,
    "schur_extract_sec_mean": 1.6156666666666667e-05,
    "fwd_solve_sec_mean": 3.8509666666666668e-05,
    "diag_sec_mean": 7.96e-06,
    "getrf_sec_mean": 9.0183000000000014e-05,
    "getrs_sec_mean": 3.5573e-05,
    "schur_solve_sec_mean": 0.00013371600000000001,
    "bwd_solve_sec_mean": 5.038666666666667e-05,
    "solve_sec_mean": 0.00022261233333333334,
    "total_sec_mean": 0.0095087136666666666,
    "analysis_sec_min": 0.0091451520000000001,
    "factorization_sec_min": 8.7238999999999996e-05,
    "solve_sec_min": 0.00022049899999999998,
    "total_sec_min": 0.0094731810000000007,
    "residual_inf_max": 2.1815927143009617e-05,
    "relative_residual_inf_max": 6.1801493322973409e-06
  }
}
