{
  "dataset_root": "/workspace/datasets/cuPF_datasets",
  "case_dir": "/workspace/datasets/cuPF_datasets/case2746wop_k",
  "case_name": "case2746wop_k",
  "benchmark_kind": "cudss_linear_system",
  "mode": "schur_j22",
  "linear_system_origin": "V0 Newton step",
  "rhs_definition": "b = -F(V0)",
  "matrix_definition": "J = dF/dx at V0",
  "matrix_precision": "float32",
  "rhs_precision": "float32",
  "jacobian": "edge_based",
  "warmup": 1,
  "repeats": 3,
  "buses": 2746,
  "ybus_nnz": 9344,
  "pv": 349,
  "pq": 2396,
  "schur_dim": 2396,
  "linear_dim": 5141,
  "linear_nnz": 32445,
  "build_system_sec": 0.0016944029999999999,
  "analysis_sec_mean": 0.041579765333333331,
  "no_analysis_sec_mean": 0.01768140066666667,
  "mismatch_inf": 9.2817830297685902,
  "rhs_inf": 9.2817830297685902,
  "runs": [
    {
      "repeat_idx": 0,
      "analysis_sec": 0.042006826999999997,
      "factorization_sec": 0.0030460370000000001,
      "schur_extract_sec": 0.0060809649999999998,
      "fwd_solve_sec": 0.00011352,
      "diag_sec": 1.217e-05,
      "getrf_sec": 0.0073144689999999997,
      "getrs_sec": 0.00078563700000000005,
      "schur_solve_sec": 0.0081122759999999999,
      "bwd_solve_sec": 0.00032251900000000001,
      "solve_sec": 0.0085483150000000008,
      "total_sec": 0.059682343999999998,
      "residual_inf": 0.001122233673364989,
      "relative_residual_inf": 0.00012090712202232637,
      "solution_inf": 0.45050057768821716
    },
    {
      "repeat_idx": 1,
      "analysis_sec": 0.041287919999999999,
      "factorization_sec": 0.0031264370000000001,
      "schur_extract_sec": 0.0060717549999999999,
      "fwd_solve_sec": 0.00011113899999999999,
      "diag_sec": 8.6300000000000004e-06,
      "getrf_sec": 0.0073309600000000001,
      "getrs_sec": 0.00079079699999999998,
      "schur_solve_sec": 0.0081303869999999993,
      "bwd_solve_sec": 0.00032244899999999999,
      "solve_sec": 0.0085639749999999997,
      "total_sec": 0.059050247,
      "residual_inf": 0.00079139696504579304,
      "relative_residual_inf": 8.5263463119922105e-05,
      "solution_inf": 0.45049694180488586
    },
    {
      "repeat_idx": 2,
      "analysis_sec": 0.041444548999999997,
      "factorization_sec": 0.002990408,
      "schur_extract_sec": 0.0060757340000000002,
      "fwd_solve_sec": 0.00011108,
      "diag_sec": 8.3799999999999994e-06,
      "getrf_sec": 0.0073113199999999996,
      "getrs_sec": 0.00078705699999999997,
      "schur_solve_sec": 0.0081067569999999992,
      "bwd_solve_sec": 0.00032219900000000001,
      "solve_sec": 0.0085400359999999991,
      "total_sec": 0.059050907,
      "residual_inf": 0.00058258467594672538,
      "relative_residual_inf": 6.2766461366125061e-05,
      "solution_inf": 0.45050844550132751
    }
  ],
  "summary": {
    "analysis_sec_mean": 0.041579765333333331,
    "factorization_sec_mean": 0.0030542940000000004,
    "no_analysis_sec_mean": 0.01768140066666667,
    "schur_extract_sec_mean": 0.0060761513333333324,
    "fwd_solve_sec_mean": 0.000111913,
    "diag_sec_mean": 9.7266666666666678e-06,
    "getrf_sec_mean": 0.0073189163333333323,
    "getrs_sec_mean": 0.00078783033333333337,
    "schur_solve_sec_mean": 0.0081164733333333322,
    "bwd_solve_sec_mean": 0.00032238900000000002,
    "solve_sec_mean": 0.0085507753333333349,
    "total_sec_mean": 0.059261165999999997,
    "analysis_sec_min": 0.041287919999999999,
    "factorization_sec_min": 0.002990408,
    "solve_sec_min": 0.0085400359999999991,
    "total_sec_min": 0.059050247,
    "residual_inf_max": 0.001122233673364989,
    "relative_residual_inf_max": 0.00012090712202232637
  }
}
