{
  "dataset_root": "/workspace/datasets/cuPF_datasets",
  "case_dir": "/workspace/datasets/cuPF_datasets/case9241_pegase",
  "case_name": "case9241_pegase",
  "benchmark_kind": "cudss_linear_system",
  "mode": "schur_j22",
  "linear_system_origin": "V0 Newton step",
  "rhs_definition": "b = -F(V0)",
  "matrix_definition": "J = dF/dx at V0",
  "matrix_precision": "float32",
  "rhs_precision": "float32",
  "jacobian": "edge_based",
  "warmup": 1,
  "repeats": 3,
  "buses": 9241,
  "ybus_nnz": 37655,
  "pv": 1444,
  "pq": 7796,
  "schur_dim": 7796,
  "linear_dim": 17036,
  "linear_nnz": 129412,
  "build_system_sec": 0.0069039549999999998,
  "analysis_sec_mean": 0.17818612766666667,
  "mismatch_inf": 28.581213347603807,
  "rhs_inf": 28.581213347603807,
  "runs": [
    {
      "repeat_idx": 0,
      "analysis_sec": 0.181400758,
      "factorization_sec": 0.016307523000000001,
      "schur_extract_sec": 0.062855097999999998,
      "fwd_solve_sec": 0.000200201,
      "diag_sec": 9.5200000000000003e-06,
      "getrf_sec": 0.052460575000000002,
      "getrs_sec": 0.002765684,
      "schur_solve_sec": 0.055235778999999999,
      "bwd_solve_sec": 0.00059571299999999999,
      "solve_sec": 0.056031692999999994,
      "total_sec": 0.31659528199999998,
      "residual_inf": 0.0043520848671905702,
      "relative_residual_inf": 0.00015227082259457121,
      "solution_inf": 3.5390207767486572
    },
    {
      "repeat_idx": 1,
      "analysis_sec": 0.176347171,
      "factorization_sec": 0.016658295,
      "schur_extract_sec": 0.062840907000000001,
      "fwd_solve_sec": 0.00020997100000000001,
      "diag_sec": 1.0210000000000001e-05,
      "getrf_sec": 0.052792766999999997,
      "getrs_sec": 0.002749034,
      "schur_solve_sec": 0.055552010999999991,
      "bwd_solve_sec": 0.00059860299999999996,
      "solve_sec": 0.056360584999999998,
      "total_sec": 0.31220714799999999,
      "residual_inf": 0.0032774930463359553,
      "relative_residual_inf": 0.00011467298488959126,
      "solution_inf": 3.5393211841583252
    },
    {
      "repeat_idx": 2,
      "analysis_sec": 0.17681045400000001,
      "factorization_sec": 0.016910456000000001,
      "schur_extract_sec": 0.062875007999999996,
      "fwd_solve_sec": 0.000197011,
      "diag_sec": 9.5300000000000002e-06,
      "getrf_sec": 0.052428444999999997,
      "getrs_sec": 0.0027685740000000002,
      "schur_solve_sec": 0.055206549000000001,
      "bwd_solve_sec": 0.00059243200000000005,
      "solve_sec": 0.055995991999999994,
      "total_sec": 0.31259208999999999,
      "residual_inf": 0.0065000000072759582,
      "relative_residual_inf": 0.00022742211564719681,
      "solution_inf": 3.539442777633667
    }
  ],
  "summary": {
    "analysis_sec_mean": 0.17818612766666667,
    "factorization_sec_mean": 0.016625424666666666,
    "schur_extract_sec_mean": 0.062857004333333341,
    "fwd_solve_sec_mean": 0.00020239433333333332,
    "diag_sec_mean": 9.7533333333333337e-06,
    "getrf_sec_mean": 0.052560595666666661,
    "getrs_sec_mean": 0.0027610973333333337,
    "schur_solve_sec_mean": 0.055331446333333333,
    "bwd_solve_sec_mean": 0.00059558266666666663,
    "solve_sec_mean": 0.056129423333333324,
    "total_sec_mean": 0.31379817333333332,
    "analysis_sec_min": 0.176347171,
    "factorization_sec_min": 0.016307523000000001,
    "solve_sec_min": 0.055995991999999994,
    "total_sec_min": 0.31220714799999999,
    "residual_inf_max": 0.0065000000072759582,
    "relative_residual_inf_max": 0.00022742211564719681
  }
}
