{
  "dataset_root": "/workspace/datasets/cuPF_datasets",
  "case_dir": "/workspace/datasets/cuPF_datasets/case1354_pegase",
  "case_name": "case1354_pegase",
  "benchmark_kind": "cudss_linear_system",
  "mode": "schur_j22",
  "linear_system_origin": "V0 Newton step",
  "rhs_definition": "b = -F(V0)",
  "matrix_definition": "J = dF/dx at V0",
  "matrix_precision": "float32",
  "rhs_precision": "float32",
  "jacobian": "edge_based",
  "warmup": 1,
  "repeats": 3,
  "buses": 1354,
  "ybus_nnz": 4774,
  "pv": 259,
  "pq": 1094,
  "schur_dim": 1094,
  "linear_dim": 2447,
  "linear_nnz": 15803,
  "build_system_sec": 0.00077758700000000005,
  "analysis_sec_mean": 0.023579639333333333,
  "no_analysis_sec_mean": 0.0056565996666666672,
  "mismatch_inf": 26.666650000000001,
  "rhs_inf": 26.666650000000001,
  "runs": [
    {
      "repeat_idx": 0,
      "analysis_sec": 0.023789861999999998,
      "factorization_sec": 0.00086911599999999996,
      "schur_extract_sec": 0.0013939449999999999,
      "fwd_solve_sec": 0.000100339,
      "diag_sec": 9.5200000000000003e-06,
      "getrf_sec": 0.002770589,
      "getrs_sec": 0.00031691800000000002,
      "schur_solve_sec": 0.0030970269999999996,
      "bwd_solve_sec": 0.00019241000000000001,
      "solve_sec": 0.0033897759999999997,
      "total_sec": 0.029442898999999998,
      "residual_inf": 0.00032697115094038054,
      "relative_residual_inf": 1.226142582365541e-05,
      "solution_inf": 0.78441596031188965
    },
    {
      "repeat_idx": 1,
      "analysis_sec": 0.023450383000000002,
      "factorization_sec": 0.00089208600000000005,
      "schur_extract_sec": 0.001393764,
      "fwd_solve_sec": 9.3720000000000004e-05,
      "diag_sec": 9.3700000000000001e-06,
      "getrf_sec": 0.0027777280000000001,
      "getrs_sec": 0.000317499,
      "schur_solve_sec": 0.0031045970000000002,
      "bwd_solve_sec": 0.000193069,
      "solve_sec": 0.0033913860000000001,
      "total_sec": 0.029127799000000003,
      "residual_inf": 0.0001669068387391559,
      "relative_residual_inf": 6.2590103645998243e-06,
      "solution_inf": 0.78441649675369263
    },
    {
      "repeat_idx": 2,
      "analysis_sec": 0.023498673000000001,
      "factorization_sec": 0.000856166,
      "schur_extract_sec": 0.0013928149999999999,
      "fwd_solve_sec": 9.3358999999999998e-05,
      "diag_sec": 9.9299999999999998e-06,
      "getrf_sec": 0.002776639,
      "getrs_sec": 0.00031702800000000001,
      "schur_solve_sec": 0.003103597,
      "bwd_solve_sec": 0.000193229,
      "solve_sec": 0.003390185,
      "total_sec": 0.029138019000000001,
      "residual_inf": 0.00027233777323942832,
      "relative_residual_inf": 1.0212672879399111e-05,
      "solution_inf": 0.78441905975341797
    }
  ],
  "summary": {
    "analysis_sec_mean": 0.023579639333333333,
    "factorization_sec_mean": 0.00087245600000000008,
    "no_analysis_sec_mean": 0.0056565996666666672,
    "schur_extract_sec_mean": 0.0013935079999999999,
    "fwd_solve_sec_mean": 9.5805999999999997e-05,
    "diag_sec_mean": 9.6066666666666656e-06,
    "getrf_sec_mean": 0.0027749853333333338,
    "getrs_sec_mean": 0.00031714833333333333,
    "schur_solve_sec_mean": 0.0031017403333333331,
    "bwd_solve_sec_mean": 0.00019290266666666667,
    "solve_sec_mean": 0.0033904490000000002,
    "total_sec_mean": 0.029236239000000001,
    "analysis_sec_min": 0.023450383000000002,
    "factorization_sec_min": 0.000856166,
    "solve_sec_min": 0.0033897759999999997,
    "total_sec_min": 0.029127799000000003,
    "residual_inf_max": 0.00032697115094038054,
    "relative_residual_inf_max": 1.226142582365541e-05
  }
}
