{
  "dataset_root": "/workspace/datasets/cuPF_datasets",
  "case_dir": "/workspace/datasets/cuPF_datasets/case793_goc",
  "case_name": "case793_goc",
  "benchmark_kind": "cudss_linear_system",
  "mode": "schur_j22",
  "linear_system_origin": "V0 Newton step",
  "rhs_definition": "b = -F(V0)",
  "matrix_definition": "J = dF/dx at V0",
  "matrix_precision": "float32",
  "rhs_precision": "float32",
  "jacobian": "edge_based",
  "warmup": 1,
  "repeats": 3,
  "buses": 793,
  "ybus_nnz": 2601,
  "pv": 88,
  "pq": 704,
  "schur_dim": 704,
  "linear_dim": 1496,
  "linear_nnz": 9196,
  "build_system_sec": 0.00042715800000000002,
  "analysis_sec_mean": 0.018197024666666665,
  "no_analysis_sec_mean": 0.0029513439999999994,
  "mismatch_inf": 6.5987599999999995,
  "rhs_inf": 6.5987599999999995,
  "runs": [
    {
      "repeat_idx": 0,
      "analysis_sec": 0.018331713999999999,
      "factorization_sec": 0.00055705700000000002,
      "schur_extract_sec": 0.00045862799999999999,
      "fwd_solve_sec": 7.5430000000000001e-05,
      "diag_sec": 1.031e-05,
      "getrf_sec": 0.0015295339999999999,
      "getrs_sec": 0.00020340899999999999,
      "schur_solve_sec": 0.0017432529999999997,
      "bwd_solve_sec": 0.000133249,
      "solve_sec": 0.0019519319999999998,
      "total_sec": 0.021299520999999998,
      "residual_inf": 0.00027468215017378839,
      "relative_residual_inf": 4.1626328306195168e-05,
      "solution_inf": 1.509339451789856
    },
    {
      "repeat_idx": 1,
      "analysis_sec": 0.018152544999999999,
      "factorization_sec": 0.00053014800000000003,
      "schur_extract_sec": 0.00045453799999999999,
      "fwd_solve_sec": 7.3129999999999999e-05,
      "diag_sec": 9.6500000000000008e-06,
      "getrf_sec": 0.001538534,
      "getrs_sec": 0.000203399,
      "schur_solve_sec": 0.0017515829999999999,
      "bwd_solve_sec": 0.000133709,
      "solve_sec": 0.001958422,
      "total_sec": 0.021095832999999998,
      "residual_inf": 0.00027526408703781868,
      "relative_residual_inf": 4.1714517127129747e-05,
      "solution_inf": 1.5093390941619873
    },
    {
      "repeat_idx": 2,
      "analysis_sec": 0.018106814999999998,
      "factorization_sec": 0.00054038700000000003,
      "schur_extract_sec": 0.00045074900000000002,
      "fwd_solve_sec": 7.2188999999999996e-05,
      "diag_sec": 9.6600000000000007e-06,
      "getrf_sec": 0.0015335539999999999,
      "getrs_sec": 0.00020320900000000001,
      "schur_solve_sec": 0.001746423,
      "bwd_solve_sec": 0.000133029,
      "solve_sec": 0.0019516410000000001,
      "total_sec": 0.021049751999999998,
      "residual_inf": 0.00042079509634040946,
      "relative_residual_inf": 6.3768813586250972e-05,
      "solution_inf": 1.5093390941619873
    }
  ],
  "summary": {
    "analysis_sec_mean": 0.018197024666666665,
    "factorization_sec_mean": 0.00054253066666666669,
    "no_analysis_sec_mean": 0.0029513439999999994,
    "schur_extract_sec_mean": 0.00045463833333333337,
    "fwd_solve_sec_mean": 7.3583000000000003e-05,
    "diag_sec_mean": 9.8733333333333325e-06,
    "getrf_sec_mean": 0.001533874,
    "getrs_sec_mean": 0.000203339,
    "schur_solve_sec_mean": 0.0017470863333333333,
    "bwd_solve_sec_mean": 0.00013332899999999998,
    "solve_sec_mean": 0.0019539983333333334,
    "total_sec_mean": 0.021148368666666667,
    "analysis_sec_min": 0.018106814999999998,
    "factorization_sec_min": 0.00053014800000000003,
    "solve_sec_min": 0.0019516410000000001,
    "total_sec_min": 0.021049751999999998,
    "residual_inf_max": 0.00042079509634040946,
    "relative_residual_inf_max": 6.3768813586250972e-05
  }
}
