{
  "dataset_root": "/workspace/datasets/cuPF_datasets",
  "case_dir": "/workspace/datasets/cuPF_datasets/case118_ieee",
  "case_name": "case118_ieee",
  "benchmark_kind": "cudss_linear_system",
  "mode": "schur_j22",
  "linear_system_origin": "V0 Newton step",
  "rhs_definition": "b = -F(V0)",
  "matrix_definition": "J = dF/dx at V0",
  "matrix_precision": "float32",
  "rhs_precision": "float32",
  "jacobian": "edge_based",
  "warmup": 1,
  "repeats": 3,
  "buses": 118,
  "ybus_nnz": 476,
  "pv": 53,
  "pq": 64,
  "schur_dim": 64,
  "linear_dim": 181,
  "linear_nnz": 1051,
  "build_system_sec": 6.9679999999999997e-05,
  "analysis_sec_mean": 0.0092537709999999992,
  "mismatch_inf": 3.5300000000000007,
  "rhs_inf": 3.5300000000000007,
  "runs": [
    {
      "repeat_idx": 0,
      "analysis_sec": 0.0092974379999999999,
      "factorization_sec": 9.0829999999999996e-05,
      "schur_extract_sec": 1.6790999999999999e-05,
      "fwd_solve_sec": 3.8770000000000003e-05,
      "diag_sec": 7.9500000000000001e-06,
      "getrf_sec": 9.0749999999999997e-05,
      "getrs_sec": 3.5840000000000002e-05,
      "schur_solve_sec": 0.00013454,
      "bwd_solve_sec": 4.9381e-05,
      "solve_sec": 0.00022269100000000001,
      "total_sec": 0.0096279099999999999,
      "residual_inf": 1.2611198356715647e-05,
      "relative_residual_inf": 3.5725774381630721e-06,
      "solution_inf": 0.93829804658889771
    },
    {
      "repeat_idx": 1,
      "analysis_sec": 0.0092180379999999996,
      "factorization_sec": 8.8079999999999997e-05,
      "schur_extract_sec": 1.5569999999999998e-05,
      "fwd_solve_sec": 3.8220000000000003e-05,
      "diag_sec": 8.2600000000000005e-06,
      "getrf_sec": 9.2410999999999993e-05,
      "getrs_sec": 3.5649999999999999e-05,
      "schur_solve_sec": 0.00013632100000000001,
      "bwd_solve_sec": 4.9530000000000002e-05,
      "solve_sec": 0.000224071,
      "total_sec": 0.0095459189999999999,
      "residual_inf": 1.7700611882887074e-05,
      "relative_residual_inf": 5.0143376438773574e-06,
      "solution_inf": 0.93829894065856934
    },
    {
      "repeat_idx": 2,
      "analysis_sec": 0.0092458369999999998,
      "factorization_sec": 8.8109999999999995e-05,
      "schur_extract_sec": 1.5670000000000001e-05,
      "fwd_solve_sec": 3.7920000000000003e-05,
      "diag_sec": 7.8900000000000007e-06,
      "getrf_sec": 9.0821000000000003e-05,
      "getrs_sec": 3.5859999999999999e-05,
      "schur_solve_sec": 0.000134571,
      "bwd_solve_sec": 4.9480000000000001e-05,
      "solve_sec": 0.00022197099999999998,
      "total_sec": 0.0095717579999999997,
      "residual_inf": 2.4732715790953819e-05,
      "relative_residual_inf": 7.0064350682588712e-06,
      "solution_inf": 0.93829852342605591
    }
  ],
  "summary": {
    "analysis_sec_mean": 0.0092537709999999992,
    "factorization_sec_mean": 8.9006666666666663e-05,
    "schur_extract_sec_mean": 1.6010333333333335e-05,
    "fwd_solve_sec_mean": 3.8303333333333336e-05,
    "diag_sec_mean": 8.0333333333333349e-06,
    "getrf_sec_mean": 9.1327333333333322e-05,
    "getrs_sec_mean": 3.5783333333333333e-05,
    "schur_solve_sec_mean": 0.00013514399999999999,
    "bwd_solve_sec_mean": 4.9463666666666665e-05,
    "solve_sec_mean": 0.00022291100000000001,
    "total_sec_mean": 0.0095818623333333332,
    "analysis_sec_min": 0.0092180379999999996,
    "factorization_sec_min": 8.8079999999999997e-05,
    "solve_sec_min": 0.00022197099999999998,
    "total_sec_min": 0.0095459189999999999,
    "residual_inf_max": 2.4732715790953819e-05,
    "relative_residual_inf_max": 7.0064350682588712e-06
  }
}
