{
  "dataset_root": "/workspace/datasets/cuPF_datasets",
  "case_dir": "/workspace/datasets/cuPF_datasets/case9241_pegase",
  "case_name": "case9241_pegase",
  "benchmark_kind": "cudss_linear_system",
  "mode": "schur_j22",
  "linear_system_origin": "V0 Newton step",
  "rhs_definition": "b = -F(V0)",
  "matrix_definition": "J = dF/dx at V0",
  "matrix_precision": "float32",
  "rhs_precision": "float32",
  "jacobian": "edge_based",
  "warmup": 1,
  "repeats": 3,
  "buses": 9241,
  "ybus_nnz": 37655,
  "pv": 1444,
  "pq": 7796,
  "schur_dim": 7796,
  "linear_dim": 17036,
  "linear_nnz": 129412,
  "build_system_sec": 0.0064956240000000002,
  "analysis_sec_mean": 0.17706681799999999,
  "no_analysis_sec_mean": 0.13639529733333333,
  "mismatch_inf": 28.581213347603807,
  "rhs_inf": 28.581213347603807,
  "runs": [
    {
      "repeat_idx": 0,
      "analysis_sec": 0.17806554299999999,
      "factorization_sec": 0.016414403000000001,
      "schur_extract_sec": 0.062860434000000007,
      "fwd_solve_sec": 0.00021058900000000001,
      "diag_sec": 1.079e-05,
      "getrf_sec": 0.05381437,
      "getrs_sec": 0.0028298479999999998,
      "schur_solve_sec": 0.056655008,
      "bwd_solve_sec": 0.00061402799999999997,
      "solve_sec": 0.057479624999999999,
      "total_sec": 0.31482020499999996,
      "residual_inf": 0.0032871868738775234,
      "relative_residual_inf": 0.00011501215269970736,
      "solution_inf": 3.539384126663208
    },
    {
      "repeat_idx": 1,
      "analysis_sec": 0.176236122,
      "factorization_sec": 0.016543952000000001,
      "schur_extract_sec": 0.062927644000000005,
      "fwd_solve_sec": 0.000210559,
      "diag_sec": 1.0139999999999999e-05,
      "getrf_sec": 0.052777014999999997,
      "getrs_sec": 0.002803739,
      "schur_solve_sec": 0.055590893999999995,
      "bwd_solve_sec": 0.00060794799999999997,
      "solve_sec": 0.056409400999999991,
      "total_sec": 0.312117319,
      "residual_inf": 0.0033193649958551674,
      "relative_residual_inf": 0.00011613800140271009,
      "solution_inf": 3.5392796993255615
    },
    {
      "repeat_idx": 2,
      "analysis_sec": 0.176898789,
      "factorization_sec": 0.016695171000000002,
      "schur_extract_sec": 0.062946593999999995,
      "fwd_solve_sec": 0.00026736899999999999,
      "diag_sec": 1.1219999999999999e-05,
      "getrf_sec": 0.053235483,
      "getrs_sec": 0.002776789,
      "schur_solve_sec": 0.056023492000000001,
      "bwd_solve_sec": 0.00061720700000000004,
      "solve_sec": 0.056908068000000006,
      "total_sec": 0.31344882200000002,
      "residual_inf": 0.0042395756349433208,
      "relative_residual_inf": 0.0001483343475793605,
      "solution_inf": 3.5389816761016846
    }
  ],
  "summary": {
    "analysis_sec_mean": 0.17706681799999999,
    "factorization_sec_mean": 0.016551175333333334,
    "no_analysis_sec_mean": 0.13639529733333333,
    "schur_extract_sec_mean": 0.06291155733333334,
    "fwd_solve_sec_mean": 0.00022950566666666669,
    "diag_sec_mean": 1.0716666666666665e-05,
    "getrf_sec_mean": 0.053275622666666668,
    "getrs_sec_mean": 0.0028034586666666667,
    "schur_solve_sec_mean": 0.056089797999999996,
    "bwd_solve_sec_mean": 0.00061306100000000003,
    "solve_sec_mean": 0.056932364666666659,
    "total_sec_mean": 0.31346211533333329,
    "analysis_sec_min": 0.176236122,
    "factorization_sec_min": 0.016414403000000001,
    "solve_sec_min": 0.056409400999999991,
    "total_sec_min": 0.312117319,
    "residual_inf_max": 0.0042395756349433208,
    "relative_residual_inf_max": 0.0001483343475793605
  }
}
