{
  "dataset_root": "/workspace/datasets/cuPF_datasets",
  "case_dir": "/workspace/datasets/cuPF_datasets/case793_goc",
  "case_name": "case793_goc",
  "benchmark_kind": "cudss_linear_system",
  "mode": "schur_j22",
  "linear_system_origin": "V0 Newton step",
  "rhs_definition": "b = -F(V0)",
  "matrix_definition": "J = dF/dx at V0",
  "matrix_precision": "float32",
  "rhs_precision": "float32",
  "jacobian": "edge_based",
  "warmup": 1,
  "repeats": 3,
  "buses": 793,
  "ybus_nnz": 2601,
  "pv": 88,
  "pq": 704,
  "schur_dim": 704,
  "linear_dim": 1496,
  "linear_nnz": 9196,
  "build_system_sec": 0.00042601200000000003,
  "analysis_sec_mean": 0.018167186666666665,
  "mismatch_inf": 6.5987599999999995,
  "rhs_inf": 6.5987599999999995,
  "runs": [
    {
      "repeat_idx": 0,
      "analysis_sec": 0.018313573999999999,
      "factorization_sec": 0.00051428300000000004,
      "schur_extract_sec": 0.00045175199999999998,
      "fwd_solve_sec": 6.8501e-05,
      "diag_sec": 8.2400000000000007e-06,
      "getrf_sec": 0.0015302969999999999,
      "getrs_sec": 0.00020137099999999999,
      "schur_solve_sec": 0.0017399080000000001,
      "bwd_solve_sec": 0.000128021,
      "solve_sec": 0.0019364300000000001,
      "total_sec": 0.021216249,
      "residual_inf": 0.00053139617598407796,
      "relative_residual_inf": 8.0529701941588718e-05,
      "solution_inf": 1.5093384981155396
    },
    {
      "repeat_idx": 1,
      "analysis_sec": 0.018123642999999998,
      "factorization_sec": 0.00050632300000000004,
      "schur_extract_sec": 0.00044990200000000002,
      "fwd_solve_sec": 6.6589999999999998e-05,
      "diag_sec": 8.1999999999999994e-06,
      "getrf_sec": 0.0015257580000000001,
      "getrs_sec": 0.000202621,
      "schur_solve_sec": 0.0017365790000000002,
      "bwd_solve_sec": 0.00012710099999999999,
      "solve_sec": 0.0019302700000000002,
      "total_sec": 0.021010318,
      "residual_inf": 0.00042886304022404786,
      "relative_residual_inf": 6.4991459035341166e-05,
      "solution_inf": 1.5093402862548828
    },
    {
      "repeat_idx": 2,
      "analysis_sec": 0.018064343,
      "factorization_sec": 0.00049527200000000005,
      "schur_extract_sec": 0.00044937200000000002,
      "fwd_solve_sec": 6.6130999999999994e-05,
      "diag_sec": 8.3699999999999995e-06,
      "getrf_sec": 0.0015241880000000001,
      "getrs_sec": 0.00020070099999999999,
      "schur_solve_sec": 0.001733259,
      "bwd_solve_sec": 0.00012636,
      "solve_sec": 0.0019257500000000002,
      "total_sec": 0.020934946999999999,
      "residual_inf": 0.00042682218941436645,
      "relative_residual_inf": 6.4682181108930534e-05,
      "solution_inf": 1.50933837890625
    }
  ],
  "summary": {
    "analysis_sec_mean": 0.018167186666666665,
    "factorization_sec_mean": 0.00050529266666666671,
    "schur_extract_sec_mean": 0.00045034200000000001,
    "fwd_solve_sec_mean": 6.7073999999999988e-05,
    "diag_sec_mean": 8.2699999999999987e-06,
    "getrf_sec_mean": 0.0015267476666666667,
    "getrs_sec_mean": 0.00020156433333333334,
    "schur_solve_sec_mean": 0.0017365820000000002,
    "bwd_solve_sec_mean": 0.00012716066666666666,
    "solve_sec_mean": 0.0019308166666666667,
    "total_sec_mean": 0.021053838000000002,
    "analysis_sec_min": 0.018064343,
    "factorization_sec_min": 0.00049527200000000005,
    "solve_sec_min": 0.0019257500000000002,
    "total_sec_min": 0.020934946999999999,
    "residual_inf_max": 0.00053139617598407796,
    "relative_residual_inf_max": 8.0529701941588718e-05
  }
}
