{
  "dataset_root": "/workspace/datasets/cuPF_datasets",
  "case_dir": "/workspace/datasets/cuPF_datasets/case4601_goc",
  "case_name": "case4601_goc",
  "benchmark_kind": "cudss_linear_system",
  "mode": "schur_j22",
  "linear_system_origin": "V0 Newton step",
  "rhs_definition": "b = -F(V0)",
  "matrix_definition": "J = dF/dx at V0",
  "matrix_precision": "float32",
  "rhs_precision": "float32",
  "jacobian": "edge_based",
  "warmup": 1,
  "repeats": 3,
  "buses": 4601,
  "ybus_nnz": 17211,
  "pv": 132,
  "pq": 4468,
  "schur_dim": 4468,
  "linear_dim": 9068,
  "linear_nnz": 66674,
  "build_system_sec": 0.0031708359999999998,
  "analysis_sec_mean": 0.084225741666666673,
  "mismatch_inf": 15.807000000000013,
  "rhs_inf": 15.807000000000013,
  "runs": [
    {
      "repeat_idx": 0,
      "analysis_sec": 0.084887071999999994,
      "factorization_sec": 0.0096738080000000008,
      "schur_extract_sec": 0.020768636,
      "fwd_solve_sec": 0.00015480100000000001,
      "diag_sec": 9.3100000000000006e-06,
      "getrf_sec": 0.018498324,
      "getrs_sec": 0.0014420679999999999,
      "schur_solve_sec": 0.019949702,
      "bwd_solve_sec": 0.00052902199999999998,
      "solve_sec": 0.020633525,
      "total_sec": 0.13596323099999999,
      "residual_inf": 0.00042976913125514216,
      "relative_residual_inf": 2.7188532375222483e-05,
      "solution_inf": 1.6133592128753662
    },
    {
      "repeat_idx": 1,
      "analysis_sec": 0.084013957,
      "factorization_sec": 0.0097600889999999996,
      "schur_extract_sec": 0.020763896,
      "fwd_solve_sec": 0.00015280099999999999,
      "diag_sec": 1.0159999999999999e-05,
      "getrf_sec": 0.018497573999999999,
      "getrs_sec": 0.0014480070000000001,
      "schur_solve_sec": 0.019955740999999999,
      "bwd_solve_sec": 0.000529953,
      "solve_sec": 0.020638495,
      "total_sec": 0.13517663699999999,
      "residual_inf": 0.00056480418902937757,
      "relative_residual_inf": 3.5731270261869877e-05,
      "solution_inf": 1.6133959293365479
    },
    {
      "repeat_idx": 2,
      "analysis_sec": 0.083776195999999997,
      "factorization_sec": 0.010341313,
      "schur_extract_sec": 0.020753936000000001,
      "fwd_solve_sec": 0.000150851,
      "diag_sec": 8.9199999999999993e-06,
      "getrf_sec": 0.018493033999999998,
      "getrs_sec": 0.001441267,
      "schur_solve_sec": 0.019943220999999997,
      "bwd_solve_sec": 0.00053222199999999995,
      "solve_sec": 0.020626293999999996,
      "total_sec": 0.135497899,
      "residual_inf": 0.001019293819243039,
      "relative_residual_inf": 6.448369831359766e-05,
      "solution_inf": 1.6133980751037598
    }
  ],
  "summary": {
    "analysis_sec_mean": 0.084225741666666673,
    "factorization_sec_mean": 0.0099250699999999994,
    "schur_extract_sec_mean": 0.020762156,
    "fwd_solve_sec_mean": 0.00015281766666666669,
    "diag_sec_mean": 9.4633333333333331e-06,
    "getrf_sec_mean": 0.018496310666666665,
    "getrs_sec_mean": 0.0014437806666666667,
    "schur_solve_sec_mean": 0.019949554666666664,
    "bwd_solve_sec_mean": 0.00053039899999999997,
    "solve_sec_mean": 0.020632771333333331,
    "total_sec_mean": 0.13554592233333332,
    "analysis_sec_min": 0.083776195999999997,
    "factorization_sec_min": 0.0096738080000000008,
    "solve_sec_min": 0.020626293999999996,
    "total_sec_min": 0.13517663699999999,
    "residual_inf_max": 0.001019293819243039,
    "relative_residual_inf_max": 6.448369831359766e-05
  }
}
