{
  "dataset_root": "/workspace/datasets/cuPF_datasets",
  "case_dir": "/workspace/datasets/cuPF_datasets/case2746wop_k",
  "case_name": "case2746wop_k",
  "benchmark_kind": "cudss_linear_system",
  "mode": "schur_j22",
  "linear_system_origin": "V0 Newton step",
  "rhs_definition": "b = -F(V0)",
  "matrix_definition": "J = dF/dx at V0",
  "matrix_precision": "float32",
  "rhs_precision": "float32",
  "jacobian": "edge_based",
  "warmup": 1,
  "repeats": 3,
  "buses": 2746,
  "ybus_nnz": 9344,
  "pv": 349,
  "pq": 2396,
  "schur_dim": 2396,
  "linear_dim": 5141,
  "linear_nnz": 32445,
  "build_system_sec": 0.0016879390000000001,
  "analysis_sec_mean": 0.041568424999999999,
  "mismatch_inf": 9.2817830297685902,
  "rhs_inf": 9.2817830297685902,
  "runs": [
    {
      "repeat_idx": 0,
      "analysis_sec": 0.042002393999999998,
      "factorization_sec": 0.0030562549999999999,
      "schur_extract_sec": 0.0060768009999999997,
      "fwd_solve_sec": 0.00011237,
      "diag_sec": 1.173e-05,
      "getrf_sec": 0.0073117779999999997,
      "getrs_sec": 0.00078380400000000003,
      "schur_solve_sec": 0.0081073120000000002,
      "bwd_solve_sec": 0.000320422,
      "solve_sec": 0.0085401040000000015,
      "total_sec": 0.059675753999999998,
      "residual_inf": 0.00077226197980642675,
      "relative_residual_inf": 8.3201899605886439e-05,
      "solution_inf": 0.45049673318862915
    },
    {
      "repeat_idx": 1,
      "analysis_sec": 0.041347790000000002,
      "factorization_sec": 0.0030810360000000001,
      "schur_extract_sec": 0.0060687509999999998,
      "fwd_solve_sec": 0.00011097,
      "diag_sec": 8.5699999999999993e-06,
      "getrf_sec": 0.0073340280000000002,
      "getrs_sec": 0.000790454,
      "schur_solve_sec": 0.008133052,
      "bwd_solve_sec": 0.00032322200000000002,
      "solve_sec": 0.0085672439999999999,
      "total_sec": 0.059065021000000002,
      "residual_inf": 0.00062668421340568436,
      "relative_residual_inf": 6.7517653816705147e-05,
      "solution_inf": 0.45050999522209167
    },
    {
      "repeat_idx": 2,
      "analysis_sec": 0.041355090999999997,
      "factorization_sec": 0.0028997039999999999,
      "schur_extract_sec": 0.0060663119999999999,
      "fwd_solve_sec": 0.00011242,
      "diag_sec": 8.3299999999999999e-06,
      "getrf_sec": 0.0072943779999999998,
      "getrs_sec": 0.00078552400000000001,
      "schur_solve_sec": 0.008088231999999999,
      "bwd_solve_sec": 0.00032045100000000003,
      "solve_sec": 0.0085211029999999986,
      "total_sec": 0.058842419999999993,
      "residual_inf": 0.0011184250402368617,
      "relative_residual_inf": 0.00012049678781004061,
      "solution_inf": 0.45050248503684998
    }
  ],
  "summary": {
    "analysis_sec_mean": 0.041568424999999999,
    "factorization_sec_mean": 0.0030123316666666664,
    "schur_extract_sec_mean": 0.006070621333333334,
    "fwd_solve_sec_mean": 0.00011192,
    "diag_sec_mean": 9.5433333333333323e-06,
    "getrf_sec_mean": 0.0073133946666666672,
    "getrs_sec_mean": 0.00078659399999999994,
    "schur_solve_sec_mean": 0.0081095320000000009,
    "bwd_solve_sec_mean": 0.00032136500000000005,
    "solve_sec_mean": 0.0085428169999999994,
    "total_sec_mean": 0.059194398333333322,
    "analysis_sec_min": 0.041347790000000002,
    "factorization_sec_min": 0.0028997039999999999,
    "solve_sec_min": 0.0085211029999999986,
    "total_sec_min": 0.058842419999999993,
    "residual_inf_max": 0.0011184250402368617,
    "relative_residual_inf_max": 0.00012049678781004061
  }
}
