{
  "dataset_root": "/workspace/datasets/cuPF_datasets",
  "case_dir": "/workspace/datasets/cuPF_datasets/case8387_pegase",
  "case_name": "case8387_pegase",
  "benchmark_kind": "cudss_linear_system",
  "mode": "schur_j22",
  "linear_system_origin": "V0 Newton step",
  "rhs_definition": "b = -F(V0)",
  "matrix_definition": "J = dF/dx at V0",
  "matrix_precision": "float32",
  "rhs_precision": "float32",
  "jacobian": "edge_based",
  "warmup": 1,
  "repeats": 3,
  "buses": 8387,
  "ybus_nnz": 34377,
  "pv": 1864,
  "pq": 6522,
  "schur_dim": 6522,
  "linear_dim": 14908,
  "linear_nnz": 110572,
  "build_system_sec": 0.0056946369999999998,
  "analysis_sec_mean": 0.14244071033333336,
  "no_analysis_sec_mean": 0.098746529333333333,
  "mismatch_inf": 2240.5179016120151,
  "rhs_inf": 2240.5179016120151,
  "runs": [
    {
      "repeat_idx": 0,
      "analysis_sec": 0.146353761,
      "factorization_sec": 0.013826033,
      "schur_extract_sec": 0.044647146999999998,
      "fwd_solve_sec": 0.00020687900000000001,
      "diag_sec": 1.0730000000000001e-05,
      "getrf_sec": 0.037073717999999999,
      "getrs_sec": 0.0022718510000000001,
      "schur_solve_sec": 0.039356298999999997,
      "bwd_solve_sec": 0.00062930799999999997,
      "solve_sec": 0.040192485999999999,
      "total_sec": 0.245019607,
      "residual_inf": 0.035589879212990075,
      "relative_residual_inf": 1.5884666302993498e-05,
      "solution_inf": 5.3912029266357422
    },
    {
      "repeat_idx": 1,
      "analysis_sec": 0.14051619400000001,
      "factorization_sec": 0.014064043,
      "schur_extract_sec": 0.044689726999999999,
      "fwd_solve_sec": 0.00020362900000000001,
      "diag_sec": 1.007e-05,
      "getrf_sec": 0.036769980000000001,
      "getrs_sec": 0.0021580409999999999,
      "schur_solve_sec": 0.038938091000000001,
      "bwd_solve_sec": 0.00060240800000000002,
      "solve_sec": 0.039744127999999997,
      "total_sec": 0.23901428200000002,
      "residual_inf": 0.027895905223300321,
      "relative_residual_inf": 1.2450650451500381e-05,
      "solution_inf": 5.3905410766601562
    },
    {
      "repeat_idx": 2,
      "analysis_sec": 0.14045217600000001,
      "factorization_sec": 0.014125352000000001,
      "schur_extract_sec": 0.044690538000000002,
      "fwd_solve_sec": 0.000196629,
      "diag_sec": 1.0319999999999999e-05,
      "getrf_sec": 0.037218466999999998,
      "getrs_sec": 0.0022189710000000001,
      "schur_solve_sec": 0.039447757999999999,
      "bwd_solve_sec": 0.00061521700000000004,
      "solve_sec": 0.040259603999999997,
      "total_sec": 0.23952783,
      "residual_inf": 0.024019768064738711,
      "relative_residual_inf": 1.0720632067905769e-05,
      "solution_inf": 5.3906245231628418
    }
  ],
  "summary": {
    "analysis_sec_mean": 0.14244071033333336,
    "factorization_sec_mean": 0.014005142666666666,
    "no_analysis_sec_mean": 0.098746529333333333,
    "schur_extract_sec_mean": 0.044675804000000006,
    "fwd_solve_sec_mean": 0.00020237900000000001,
    "diag_sec_mean": 1.0373333333333333e-05,
    "getrf_sec_mean": 0.037020721666666666,
    "getrs_sec_mean": 0.0022162876666666667,
    "schur_solve_sec_mean": 0.039247382666666664,
    "bwd_solve_sec_mean": 0.00061564433333333331,
    "solve_sec_mean": 0.040065405999999998,
    "total_sec_mean": 0.24118723966666666,
    "analysis_sec_min": 0.14045217600000001,
    "factorization_sec_min": 0.013826033,
    "solve_sec_min": 0.039744127999999997,
    "total_sec_min": 0.23901428200000002,
    "residual_inf_max": 0.035589879212990075,
    "relative_residual_inf_max": 1.5884666302993498e-05
  }
}
