{
  "dataset_root": "/workspace/datasets/cuPF_datasets",
  "case_dir": "/workspace/datasets/cuPF_datasets/case4601_goc",
  "case_name": "case4601_goc",
  "benchmark_kind": "cudss_linear_system",
  "mode": "schur_j22",
  "linear_system_origin": "V0 Newton step",
  "rhs_definition": "b = -F(V0)",
  "matrix_definition": "J = dF/dx at V0",
  "matrix_precision": "float32",
  "rhs_precision": "float32",
  "jacobian": "edge_based",
  "warmup": 1,
  "repeats": 3,
  "buses": 4601,
  "ybus_nnz": 17211,
  "pv": 132,
  "pq": 4468,
  "schur_dim": 4468,
  "linear_dim": 9068,
  "linear_nnz": 66674,
  "build_system_sec": 0.0030388780000000001,
  "analysis_sec_mean": 0.084533232999999999,
  "no_analysis_sec_mean": 0.051477628666666664,
  "mismatch_inf": 15.807000000000013,
  "rhs_inf": 15.807000000000013,
  "runs": [
    {
      "repeat_idx": 0,
      "analysis_sec": 0.085102390999999999,
      "factorization_sec": 0.0096637700000000003,
      "schur_extract_sec": 0.020761834999999999,
      "fwd_solve_sec": 0.00015556899999999999,
      "diag_sec": 9.6900000000000004e-06,
      "getrf_sec": 0.018564153999999999,
      "getrs_sec": 0.001441044,
      "schur_solve_sec": 0.020014887999999998,
      "bwd_solve_sec": 0.00055172800000000003,
      "solve_sec": 0.020722185000000001,
      "total_sec": 0.13625035099999999,
      "residual_inf": 0.00054910431307719776,
      "relative_residual_inf": 3.473804726242787e-05,
      "solution_inf": 1.6133871078491211
    },
    {
      "repeat_idx": 1,
      "analysis_sec": 0.084300254000000005,
      "factorization_sec": 0.010441178000000001,
      "schur_extract_sec": 0.020783335,
      "fwd_solve_sec": 0.00015859899999999999,
      "diag_sec": 9.9199999999999999e-06,
      "getrf_sec": 0.018601203,
      "getrs_sec": 0.001448494,
      "schur_solve_sec": 0.020059617000000002,
      "bwd_solve_sec": 0.00055495800000000004,
      "solve_sec": 0.020773174000000002,
      "total_sec": 0.136298111,
      "residual_inf": 0.00054427490041653037,
      "relative_residual_inf": 3.4432523591859931e-05,
      "solution_inf": 1.6133941411972046
    },
    {
      "repeat_idx": 2,
      "analysis_sec": 0.084197053999999993,
      "factorization_sec": 0.0097990990000000004,
      "schur_extract_sec": 0.020768215,
      "fwd_solve_sec": 0.00015592899999999999,
      "diag_sec": 1.04e-05,
      "getrf_sec": 0.018555024,
      "getrs_sec": 0.0014423540000000001,
      "schur_solve_sec": 0.020007778,
      "bwd_solve_sec": 0.00055587799999999999,
      "solve_sec": 0.020719584999999999,
      "total_sec": 0.13548412299999998,
      "residual_inf": 0.00050163907595024426,
      "relative_residual_inf": 3.173524868414271e-05,
      "solution_inf": 1.613344669342041
    }
  ],
  "summary": {
    "analysis_sec_mean": 0.084533232999999999,
    "factorization_sec_mean": 0.0099680156666666683,
    "no_analysis_sec_mean": 0.051477628666666664,
    "schur_extract_sec_mean": 0.020771128333333333,
    "fwd_solve_sec_mean": 0.00015669899999999997,
    "diag_sec_mean": 1.0003333333333333e-05,
    "getrf_sec_mean": 0.018573460333333333,
    "getrs_sec_mean": 0.0014439640000000001,
    "schur_solve_sec_mean": 0.020027427666666667,
    "bwd_solve_sec_mean": 0.00055418800000000005,
    "solve_sec_mean": 0.020738314666666667,
    "total_sec_mean": 0.13601086166666665,
    "analysis_sec_min": 0.084197053999999993,
    "factorization_sec_min": 0.0096637700000000003,
    "solve_sec_min": 0.020719584999999999,
    "total_sec_min": 0.13548412299999998,
    "residual_inf_max": 0.00054910431307719776,
    "relative_residual_inf_max": 3.473804726242787e-05
  }
}
