{
  "summary": {
    "analyze_sec": "",
    "backend": "python",
    "buses": "",
    "case_name": "Texas7k_20220923",
    "case_stem": "pglib_opf_caseTexas7k_20220923",
    "compute": "fp64",
    "dump_case_name": "",
    "elapsed_sec": 0.11707841418683529,
    "final_mismatch": 1.939473867107186e-12,
    "implementation": "pypower",
    "iterations": 3,
    "jacobian": "pypower",
    "max_abs_v_delta_from_v0": "",
    "measurement_mode": "operators",
    "newtonpf.init_index.avg_sec": 1.4692544937133789e-05,
    "newtonpf.init_index.count": 1,
    "newtonpf.init_index.total_sec": 1.4692544937133789e-05,
    "newtonpf.jacobian.avg_sec": 0.010063560058673223,
    "newtonpf.jacobian.count": 3,
    "newtonpf.jacobian.total_sec": 0.03019068017601967,
    "newtonpf.mismatch.avg_sec": 0.00013592001050710678,
    "newtonpf.mismatch.count": 4,
    "newtonpf.mismatch.total_sec": 0.0005436800420284271,
    "newtonpf.solve.avg_sec": 0.025120054682095844,
    "newtonpf.solve.count": 3,
    "newtonpf.solve.total_sec": 0.07536016404628754,
    "newtonpf.update_voltage.avg_sec": 0.000321098913749059,
    "newtonpf.update_voltage.count": 3,
    "newtonpf.update_voltage.total_sec": 0.0009632967412471771,
    "pq": "",
    "profile": "pypower",
    "pv": "",
    "repeat_idx": 2,
    "runpf.build_Sbus.avg_sec": 0.000206848606467247,
    "runpf.build_Sbus.count": 1,
    "runpf.build_Sbus.total_sec": 0.000206848606467247,
    "runpf.build_Ybus.avg_sec": 0.0072554126381874084,
    "runpf.build_Ybus.count": 1,
    "runpf.build_Ybus.total_sec": 0.0072554126381874084,
    "runpf.bus_indexing.avg_sec": 0.009025398641824722,
    "runpf.bus_indexing.count": 1,
    "runpf.bus_indexing.total_sec": 0.009025398641824722,
    "runpf.load_case_data.avg_sec": 0.029573708772659302,
    "runpf.load_case_data.count": 1,
    "runpf.load_case_data.total_sec": 0.029573708772659302,
    "runpf.newtonpf.avg_sec": 0.10726113244891167,
    "runpf.newtonpf.count": 1,
    "runpf.newtonpf.total_sec": 0.10726113244891167,
    "solve_sec": 0.10726113244891167,
    "source_profile": "pypower",
    "success": true
  },
  "timing_entries": [
    {
      "elapsed_sec": 0.029573708772659302,
      "iter_idx": 0,
      "op_name": "load_case_data",
      "tag": "runpf"
    },
    {
      "elapsed_sec": 0.009025398641824722,
      "iter_idx": 0,
      "op_name": "bus_indexing",
      "tag": "runpf"
    },
    {
      "elapsed_sec": 0.0072554126381874084,
      "iter_idx": 0,
      "op_name": "build_Ybus",
      "tag": "runpf"
    },
    {
      "elapsed_sec": 0.000206848606467247,
      "iter_idx": 0,
      "op_name": "build_Sbus",
      "tag": "runpf"
    },
    {
      "elapsed_sec": 1.4692544937133789e-05,
      "iter_idx": 0,
      "op_name": "init_index",
      "tag": "newtonpf"
    },
    {
      "elapsed_sec": 0.00012312829494476318,
      "iter_idx": 0,
      "op_name": "mismatch",
      "tag": "newtonpf"
    },
    {
      "elapsed_sec": 0.009766239672899246,
      "iter_idx": 1,
      "op_name": "jacobian",
      "tag": "newtonpf"
    },
    {
      "elapsed_sec": 0.02567789889872074,
      "iter_idx": 1,
      "op_name": "solve",
      "tag": "newtonpf"
    },
    {
      "elapsed_sec": 0.00031139329075813293,
      "iter_idx": 1,
      "op_name": "update_voltage",
      "tag": "newtonpf"
    },
    {
      "elapsed_sec": 0.00014637969434261322,
      "iter_idx": 1,
      "op_name": "mismatch",
      "tag": "newtonpf"
    },
    {
      "elapsed_sec": 0.010393230244517326,
      "iter_idx": 2,
      "op_name": "jacobian",
      "tag": "newtonpf"
    },
    {
      "elapsed_sec": 0.024928005412220955,
      "iter_idx": 2,
      "op_name": "solve",
      "tag": "newtonpf"
    },
    {
      "elapsed_sec": 0.00035161152482032776,
      "iter_idx": 2,
      "op_name": "update_voltage",
      "tag": "newtonpf"
    },
    {
      "elapsed_sec": 0.0001379791647195816,
      "iter_idx": 2,
      "op_name": "mismatch",
      "tag": "newtonpf"
    },
    {
      "elapsed_sec": 0.010031210258603096,
      "iter_idx": 3,
      "op_name": "jacobian",
      "tag": "newtonpf"
    },
    {
      "elapsed_sec": 0.02475425973534584,
      "iter_idx": 3,
      "op_name": "solve",
      "tag": "newtonpf"
    },
    {
      "elapsed_sec": 0.00030029192566871643,
      "iter_idx": 3,
      "op_name": "update_voltage",
      "tag": "newtonpf"
    },
    {
      "elapsed_sec": 0.00013619288802146912,
      "iter_idx": 3,
      "op_name": "mismatch",
      "tag": "newtonpf"
    },
    {
      "elapsed_sec": 0.10726113244891167,
      "iter_idx": 0,
      "op_name": "newtonpf",
      "tag": "runpf"
    }
  ]
}
