{
  "summary": {
    "analyze_sec": "",
    "backend": "python",
    "buses": "",
    "case_name": "Texas7k_20220923",
    "case_stem": "pglib_opf_caseTexas7k_20220923",
    "compute": "fp64",
    "dump_case_name": "",
    "elapsed_sec": 0.1165190115571022,
    "final_mismatch": 1.939473867107186e-12,
    "implementation": "pypower",
    "iterations": 3,
    "jacobian": "pypower",
    "max_abs_v_delta_from_v0": "",
    "measurement_mode": "operators",
    "newtonpf.init_index.avg_sec": 1.4219433069229126e-05,
    "newtonpf.init_index.count": 1,
    "newtonpf.init_index.total_sec": 1.4219433069229126e-05,
    "newtonpf.jacobian.avg_sec": 0.010004332289099693,
    "newtonpf.jacobian.count": 3,
    "newtonpf.jacobian.total_sec": 0.03001299686729908,
    "newtonpf.mismatch.avg_sec": 0.00013609835878014565,
    "newtonpf.mismatch.count": 4,
    "newtonpf.mismatch.total_sec": 0.0005443934351205826,
    "newtonpf.solve.avg_sec": 0.025043025612831116,
    "newtonpf.solve.count": 3,
    "newtonpf.solve.total_sec": 0.07512907683849335,
    "newtonpf.update_voltage.avg_sec": 0.0003011506050825119,
    "newtonpf.update_voltage.count": 3,
    "newtonpf.update_voltage.total_sec": 0.0009034518152475357,
    "pq": "",
    "profile": "pypower",
    "pv": "",
    "repeat_idx": 1,
    "runpf.build_Sbus.avg_sec": 0.00020807236433029175,
    "runpf.build_Sbus.count": 1,
    "runpf.build_Sbus.total_sec": 0.00020807236433029175,
    "runpf.build_Ybus.avg_sec": 0.007186137139797211,
    "runpf.build_Ybus.count": 1,
    "runpf.build_Ybus.total_sec": 0.007186137139797211,
    "runpf.bus_indexing.avg_sec": 0.008950319141149521,
    "runpf.bus_indexing.count": 1,
    "runpf.bus_indexing.total_sec": 0.008950319141149521,
    "runpf.load_case_data.avg_sec": 0.029753563925623894,
    "runpf.load_case_data.count": 1,
    "runpf.load_case_data.total_sec": 0.029753563925623894,
    "runpf.newtonpf.avg_sec": 0.10679830424487591,
    "runpf.newtonpf.count": 1,
    "runpf.newtonpf.total_sec": 0.10679830424487591,
    "solve_sec": 0.10679830424487591,
    "source_profile": "pypower",
    "success": true
  },
  "timing_entries": [
    {
      "elapsed_sec": 0.029753563925623894,
      "iter_idx": 0,
      "op_name": "load_case_data",
      "tag": "runpf"
    },
    {
      "elapsed_sec": 0.008950319141149521,
      "iter_idx": 0,
      "op_name": "bus_indexing",
      "tag": "runpf"
    },
    {
      "elapsed_sec": 0.007186137139797211,
      "iter_idx": 0,
      "op_name": "build_Ybus",
      "tag": "runpf"
    },
    {
      "elapsed_sec": 0.00020807236433029175,
      "iter_idx": 0,
      "op_name": "build_Sbus",
      "tag": "runpf"
    },
    {
      "elapsed_sec": 1.4219433069229126e-05,
      "iter_idx": 0,
      "op_name": "init_index",
      "tag": "newtonpf"
    },
    {
      "elapsed_sec": 0.00012458115816116333,
      "iter_idx": 0,
      "op_name": "mismatch",
      "tag": "newtonpf"
    },
    {
      "elapsed_sec": 0.009759537875652313,
      "iter_idx": 1,
      "op_name": "jacobian",
      "tag": "newtonpf"
    },
    {
      "elapsed_sec": 0.025497689843177795,
      "iter_idx": 1,
      "op_name": "solve",
      "tag": "newtonpf"
    },
    {
      "elapsed_sec": 0.00030732154846191406,
      "iter_idx": 1,
      "op_name": "update_voltage",
      "tag": "newtonpf"
    },
    {
      "elapsed_sec": 0.00014424137771129608,
      "iter_idx": 1,
      "op_name": "mismatch",
      "tag": "newtonpf"
    },
    {
      "elapsed_sec": 0.010308139026165009,
      "iter_idx": 2,
      "op_name": "jacobian",
      "tag": "newtonpf"
    },
    {
      "elapsed_sec": 0.024941198527812958,
      "iter_idx": 2,
      "op_name": "solve",
      "tag": "newtonpf"
    },
    {
      "elapsed_sec": 0.000300409272313118,
      "iter_idx": 2,
      "op_name": "update_voltage",
      "tag": "newtonpf"
    },
    {
      "elapsed_sec": 0.00013815052807331085,
      "iter_idx": 2,
      "op_name": "mismatch",
      "tag": "newtonpf"
    },
    {
      "elapsed_sec": 0.009945319965481758,
      "iter_idx": 3,
      "op_name": "jacobian",
      "tag": "newtonpf"
    },
    {
      "elapsed_sec": 0.024690188467502594,
      "iter_idx": 3,
      "op_name": "solve",
      "tag": "newtonpf"
    },
    {
      "elapsed_sec": 0.00029572099447250366,
      "iter_idx": 3,
      "op_name": "update_voltage",
      "tag": "newtonpf"
    },
    {
      "elapsed_sec": 0.00013742037117481232,
      "iter_idx": 3,
      "op_name": "mismatch",
      "tag": "newtonpf"
    },
    {
      "elapsed_sec": 0.10679830424487591,
      "iter_idx": 0,
      "op_name": "newtonpf",
      "tag": "runpf"
    }
  ]
}
