{
  "summary": {
    "analyze_sec": "",
    "backend": "python",
    "buses": "",
    "case_name": "Texas7k_20220923",
    "case_stem": "pglib_opf_caseTexas7k_20220923",
    "compute": "fp64",
    "dump_case_name": "",
    "elapsed_sec": 0.1168157309293747,
    "final_mismatch": 1.939473867107186e-12,
    "implementation": "pypower",
    "iterations": 3,
    "jacobian": "pypower",
    "max_abs_v_delta_from_v0": "",
    "measurement_mode": "operators",
    "newtonpf.init_index.avg_sec": 1.4079734683036804e-05,
    "newtonpf.init_index.count": 1,
    "newtonpf.init_index.total_sec": 1.4079734683036804e-05,
    "newtonpf.jacobian.avg_sec": 0.01014184020459652,
    "newtonpf.jacobian.count": 3,
    "newtonpf.jacobian.total_sec": 0.03042552061378956,
    "newtonpf.mismatch.avg_sec": 0.0001349402591586113,
    "newtonpf.mismatch.count": 4,
    "newtonpf.mismatch.total_sec": 0.0005397610366344452,
    "newtonpf.solve.avg_sec": 0.02498463603357474,
    "newtonpf.solve.count": 3,
    "newtonpf.solve.total_sec": 0.07495390810072422,
    "newtonpf.update_voltage.avg_sec": 0.00030437732736269635,
    "newtonpf.update_voltage.count": 3,
    "newtonpf.update_voltage.total_sec": 0.000913131982088089,
    "pq": "",
    "profile": "pypower",
    "pv": "",
    "repeat_idx": 8,
    "runpf.build_Sbus.avg_sec": 0.00021005049347877502,
    "runpf.build_Sbus.count": 1,
    "runpf.build_Sbus.total_sec": 0.00021005049347877502,
    "runpf.build_Ybus.avg_sec": 0.007217423990368843,
    "runpf.build_Ybus.count": 1,
    "runpf.build_Ybus.total_sec": 0.007217423990368843,
    "runpf.bus_indexing.avg_sec": 0.009078577160835266,
    "runpf.bus_indexing.count": 1,
    "runpf.bus_indexing.total_sec": 0.009078577160835266,
    "runpf.load_case_data.avg_sec": 0.029820838943123817,
    "runpf.load_case_data.count": 1,
    "runpf.load_case_data.total_sec": 0.029820838943123817,
    "runpf.newtonpf.avg_sec": 0.10703806392848492,
    "runpf.newtonpf.count": 1,
    "runpf.newtonpf.total_sec": 0.10703806392848492,
    "solve_sec": 0.10703806392848492,
    "source_profile": "pypower",
    "success": true
  },
  "timing_entries": [
    {
      "elapsed_sec": 0.029820838943123817,
      "iter_idx": 0,
      "op_name": "load_case_data",
      "tag": "runpf"
    },
    {
      "elapsed_sec": 0.009078577160835266,
      "iter_idx": 0,
      "op_name": "bus_indexing",
      "tag": "runpf"
    },
    {
      "elapsed_sec": 0.007217423990368843,
      "iter_idx": 0,
      "op_name": "build_Ybus",
      "tag": "runpf"
    },
    {
      "elapsed_sec": 0.00021005049347877502,
      "iter_idx": 0,
      "op_name": "build_Sbus",
      "tag": "runpf"
    },
    {
      "elapsed_sec": 1.4079734683036804e-05,
      "iter_idx": 0,
      "op_name": "init_index",
      "tag": "newtonpf"
    },
    {
      "elapsed_sec": 0.0001239590346813202,
      "iter_idx": 0,
      "op_name": "mismatch",
      "tag": "newtonpf"
    },
    {
      "elapsed_sec": 0.009893340989947319,
      "iter_idx": 1,
      "op_name": "jacobian",
      "tag": "newtonpf"
    },
    {
      "elapsed_sec": 0.025625118985772133,
      "iter_idx": 1,
      "op_name": "solve",
      "tag": "newtonpf"
    },
    {
      "elapsed_sec": 0.00030978210270404816,
      "iter_idx": 1,
      "op_name": "update_voltage",
      "tag": "newtonpf"
    },
    {
      "elapsed_sec": 0.00014311261475086212,
      "iter_idx": 1,
      "op_name": "mismatch",
      "tag": "newtonpf"
    },
    {
      "elapsed_sec": 0.01066455990076065,
      "iter_idx": 2,
      "op_name": "jacobian",
      "tag": "newtonpf"
    },
    {
      "elapsed_sec": 0.025027280673384666,
      "iter_idx": 2,
      "op_name": "solve",
      "tag": "newtonpf"
    },
    {
      "elapsed_sec": 0.00030632130801677704,
      "iter_idx": 2,
      "op_name": "update_voltage",
      "tag": "newtonpf"
    },
    {
      "elapsed_sec": 0.00013748928904533386,
      "iter_idx": 2,
      "op_name": "mismatch",
      "tag": "newtonpf"
    },
    {
      "elapsed_sec": 0.009867619723081589,
      "iter_idx": 3,
      "op_name": "jacobian",
      "tag": "newtonpf"
    },
    {
      "elapsed_sec": 0.02430150844156742,
      "iter_idx": 3,
      "op_name": "solve",
      "tag": "newtonpf"
    },
    {
      "elapsed_sec": 0.0002970285713672638,
      "iter_idx": 3,
      "op_name": "update_voltage",
      "tag": "newtonpf"
    },
    {
      "elapsed_sec": 0.00013520009815692902,
      "iter_idx": 3,
      "op_name": "mismatch",
      "tag": "newtonpf"
    },
    {
      "elapsed_sec": 0.10703806392848492,
      "iter_idx": 0,
      "op_name": "newtonpf",
      "tag": "runpf"
    }
  ]
}
