{
  "summary": {
    "analyze_sec": "",
    "backend": "python",
    "buses": "",
    "case_name": "Texas7k_20220923",
    "case_stem": "pglib_opf_caseTexas7k_20220923",
    "compute": "fp64",
    "dump_case_name": "",
    "elapsed_sec": 0.1168370321393013,
    "final_mismatch": 1.939473867107186e-12,
    "implementation": "pypower",
    "iterations": 3,
    "jacobian": "pypower",
    "max_abs_v_delta_from_v0": "",
    "measurement_mode": "operators",
    "newtonpf.init_index.avg_sec": 1.4431774616241455e-05,
    "newtonpf.init_index.count": 1,
    "newtonpf.init_index.total_sec": 1.4431774616241455e-05,
    "newtonpf.jacobian.avg_sec": 0.010248898838957151,
    "newtonpf.jacobian.count": 3,
    "newtonpf.jacobian.total_sec": 0.030746696516871452,
    "newtonpf.mismatch.avg_sec": 0.00014059757813811302,
    "newtonpf.mismatch.count": 4,
    "newtonpf.mismatch.total_sec": 0.0005623903125524521,
    "newtonpf.solve.avg_sec": 0.02486153816183408,
    "newtonpf.solve.count": 3,
    "newtonpf.solve.total_sec": 0.07458461448550224,
    "newtonpf.update_voltage.avg_sec": 0.00030642809967199963,
    "newtonpf.update_voltage.count": 3,
    "newtonpf.update_voltage.total_sec": 0.0009192842990159988,
    "pq": "",
    "profile": "pypower",
    "pv": "",
    "repeat_idx": 3,
    "runpf.build_Sbus.avg_sec": 0.00020727142691612244,
    "runpf.build_Sbus.count": 1,
    "runpf.build_Sbus.total_sec": 0.00020727142691612244,
    "runpf.build_Ybus.avg_sec": 0.007212143391370773,
    "runpf.build_Ybus.count": 1,
    "runpf.build_Ybus.total_sec": 0.007212143391370773,
    "runpf.bus_indexing.avg_sec": 0.008906777948141098,
    "runpf.bus_indexing.count": 1,
    "runpf.bus_indexing.total_sec": 0.008906777948141098,
    "runpf.load_case_data.avg_sec": 0.02947678416967392,
    "runpf.load_case_data.count": 1,
    "runpf.load_case_data.total_sec": 0.02947678416967392,
    "runpf.newtonpf.avg_sec": 0.10702331364154816,
    "runpf.newtonpf.count": 1,
    "runpf.newtonpf.total_sec": 0.10702331364154816,
    "solve_sec": 0.10702331364154816,
    "source_profile": "pypower",
    "success": true
  },
  "timing_entries": [
    {
      "elapsed_sec": 0.02947678416967392,
      "iter_idx": 0,
      "op_name": "load_case_data",
      "tag": "runpf"
    },
    {
      "elapsed_sec": 0.008906777948141098,
      "iter_idx": 0,
      "op_name": "bus_indexing",
      "tag": "runpf"
    },
    {
      "elapsed_sec": 0.007212143391370773,
      "iter_idx": 0,
      "op_name": "build_Ybus",
      "tag": "runpf"
    },
    {
      "elapsed_sec": 0.00020727142691612244,
      "iter_idx": 0,
      "op_name": "build_Sbus",
      "tag": "runpf"
    },
    {
      "elapsed_sec": 1.4431774616241455e-05,
      "iter_idx": 0,
      "op_name": "init_index",
      "tag": "newtonpf"
    },
    {
      "elapsed_sec": 0.00012296810746192932,
      "iter_idx": 0,
      "op_name": "mismatch",
      "tag": "newtonpf"
    },
    {
      "elapsed_sec": 0.00976540707051754,
      "iter_idx": 1,
      "op_name": "jacobian",
      "tag": "newtonpf"
    },
    {
      "elapsed_sec": 0.025309428572654724,
      "iter_idx": 1,
      "op_name": "solve",
      "tag": "newtonpf"
    },
    {
      "elapsed_sec": 0.0003121718764305115,
      "iter_idx": 1,
      "op_name": "update_voltage",
      "tag": "newtonpf"
    },
    {
      "elapsed_sec": 0.00014411099255084991,
      "iter_idx": 1,
      "op_name": "mismatch",
      "tag": "newtonpf"
    },
    {
      "elapsed_sec": 0.011076711118221283,
      "iter_idx": 2,
      "op_name": "jacobian",
      "tag": "newtonpf"
    },
    {
      "elapsed_sec": 0.024998560547828674,
      "iter_idx": 2,
      "op_name": "solve",
      "tag": "newtonpf"
    },
    {
      "elapsed_sec": 0.00031226128339767456,
      "iter_idx": 2,
      "op_name": "update_voltage",
      "tag": "newtonpf"
    },
    {
      "elapsed_sec": 0.00015779025852680206,
      "iter_idx": 2,
      "op_name": "mismatch",
      "tag": "newtonpf"
    },
    {
      "elapsed_sec": 0.00990457832813263,
      "iter_idx": 3,
      "op_name": "jacobian",
      "tag": "newtonpf"
    },
    {
      "elapsed_sec": 0.024276625365018845,
      "iter_idx": 3,
      "op_name": "solve",
      "tag": "newtonpf"
    },
    {
      "elapsed_sec": 0.0002948511391878128,
      "iter_idx": 3,
      "op_name": "update_voltage",
      "tag": "newtonpf"
    },
    {
      "elapsed_sec": 0.0001375209540128708,
      "iter_idx": 3,
      "op_name": "mismatch",
      "tag": "newtonpf"
    },
    {
      "elapsed_sec": 0.10702331364154816,
      "iter_idx": 0,
      "op_name": "newtonpf",
      "tag": "runpf"
    }
  ]
}
