{
  "summary": {
    "analyze_sec": "",
    "backend": "python",
    "buses": "",
    "case_name": "Texas7k_20220923",
    "case_stem": "pglib_opf_caseTexas7k_20220923",
    "compute": "fp64",
    "dump_case_name": "",
    "elapsed_sec": 0.11637166328728199,
    "final_mismatch": 1.939473867107186e-12,
    "implementation": "pypower",
    "iterations": 3,
    "jacobian": "pypower",
    "max_abs_v_delta_from_v0": "",
    "measurement_mode": "operators",
    "newtonpf.init_index.avg_sec": 1.4200806617736816e-05,
    "newtonpf.init_index.count": 1,
    "newtonpf.init_index.total_sec": 1.4200806617736816e-05,
    "newtonpf.jacobian.avg_sec": 0.010042379920681318,
    "newtonpf.jacobian.count": 3,
    "newtonpf.jacobian.total_sec": 0.030127139762043953,
    "newtonpf.mismatch.avg_sec": 0.00013556843623518944,
    "newtonpf.mismatch.count": 4,
    "newtonpf.mismatch.total_sec": 0.0005422737449407578,
    "newtonpf.solve.avg_sec": 0.024943172931671143,
    "newtonpf.solve.count": 3,
    "newtonpf.solve.total_sec": 0.07482951879501343,
    "newtonpf.update_voltage.avg_sec": 0.0003042525301376979,
    "newtonpf.update_voltage.count": 3,
    "newtonpf.update_voltage.total_sec": 0.0009127575904130936,
    "pq": "",
    "profile": "pypower",
    "pv": "",
    "repeat_idx": 6,
    "runpf.build_Sbus.avg_sec": 0.00020882673561573029,
    "runpf.build_Sbus.count": 1,
    "runpf.build_Sbus.total_sec": 0.00020882673561573029,
    "runpf.build_Ybus.avg_sec": 0.0071845948696136475,
    "runpf.build_Ybus.count": 1,
    "runpf.build_Ybus.total_sec": 0.0071845948696136475,
    "runpf.bus_indexing.avg_sec": 0.00893089547753334,
    "runpf.bus_indexing.count": 1,
    "runpf.bus_indexing.total_sec": 0.00893089547753334,
    "runpf.load_case_data.avg_sec": 0.029790906235575676,
    "runpf.load_case_data.count": 1,
    "runpf.load_case_data.total_sec": 0.029790906235575676,
    "runpf.newtonpf.avg_sec": 0.10661769285798073,
    "runpf.newtonpf.count": 1,
    "runpf.newtonpf.total_sec": 0.10661769285798073,
    "solve_sec": 0.10661769285798073,
    "source_profile": "pypower",
    "success": true
  },
  "timing_entries": [
    {
      "elapsed_sec": 0.029790906235575676,
      "iter_idx": 0,
      "op_name": "load_case_data",
      "tag": "runpf"
    },
    {
      "elapsed_sec": 0.00893089547753334,
      "iter_idx": 0,
      "op_name": "bus_indexing",
      "tag": "runpf"
    },
    {
      "elapsed_sec": 0.0071845948696136475,
      "iter_idx": 0,
      "op_name": "build_Ybus",
      "tag": "runpf"
    },
    {
      "elapsed_sec": 0.00020882673561573029,
      "iter_idx": 0,
      "op_name": "build_Sbus",
      "tag": "runpf"
    },
    {
      "elapsed_sec": 1.4200806617736816e-05,
      "iter_idx": 0,
      "op_name": "init_index",
      "tag": "newtonpf"
    },
    {
      "elapsed_sec": 0.0001234114170074463,
      "iter_idx": 0,
      "op_name": "mismatch",
      "tag": "newtonpf"
    },
    {
      "elapsed_sec": 0.009793568402528763,
      "iter_idx": 1,
      "op_name": "jacobian",
      "tag": "newtonpf"
    },
    {
      "elapsed_sec": 0.02535546012222767,
      "iter_idx": 1,
      "op_name": "solve",
      "tag": "newtonpf"
    },
    {
      "elapsed_sec": 0.0003068801015615463,
      "iter_idx": 1,
      "op_name": "update_voltage",
      "tag": "newtonpf"
    },
    {
      "elapsed_sec": 0.00014457106590270996,
      "iter_idx": 1,
      "op_name": "mismatch",
      "tag": "newtonpf"
    },
    {
      "elapsed_sec": 0.010552672669291496,
      "iter_idx": 2,
      "op_name": "jacobian",
      "tag": "newtonpf"
    },
    {
      "elapsed_sec": 0.025168169289827347,
      "iter_idx": 2,
      "op_name": "solve",
      "tag": "newtonpf"
    },
    {
      "elapsed_sec": 0.0003038588911294937,
      "iter_idx": 2,
      "op_name": "update_voltage",
      "tag": "newtonpf"
    },
    {
      "elapsed_sec": 0.00013782083988189697,
      "iter_idx": 2,
      "op_name": "mismatch",
      "tag": "newtonpf"
    },
    {
      "elapsed_sec": 0.009780898690223694,
      "iter_idx": 3,
      "op_name": "jacobian",
      "tag": "newtonpf"
    },
    {
      "elapsed_sec": 0.024305889382958412,
      "iter_idx": 3,
      "op_name": "solve",
      "tag": "newtonpf"
    },
    {
      "elapsed_sec": 0.00030201859772205353,
      "iter_idx": 3,
      "op_name": "update_voltage",
      "tag": "newtonpf"
    },
    {
      "elapsed_sec": 0.00013647042214870453,
      "iter_idx": 3,
      "op_name": "mismatch",
      "tag": "newtonpf"
    },
    {
      "elapsed_sec": 0.10661769285798073,
      "iter_idx": 0,
      "op_name": "newtonpf",
      "tag": "runpf"
    }
  ]
}
