{
  "summary": {
    "analyze_sec": "",
    "backend": "python",
    "buses": "",
    "case_name": "Texas7k_20220923",
    "case_stem": "pglib_opf_caseTexas7k_20220923",
    "compute": "fp64",
    "dump_case_name": "",
    "elapsed_sec": 0.11731120385229588,
    "final_mismatch": 1.939473867107186e-12,
    "implementation": "pypower",
    "iterations": 3,
    "jacobian": "pypower",
    "max_abs_v_delta_from_v0": "",
    "measurement_mode": "operators",
    "newtonpf.init_index.avg_sec": 1.4279037714004517e-05,
    "newtonpf.init_index.count": 1,
    "newtonpf.init_index.total_sec": 1.4279037714004517e-05,
    "newtonpf.jacobian.avg_sec": 0.010168426359693209,
    "newtonpf.jacobian.count": 3,
    "newtonpf.jacobian.total_sec": 0.030505279079079628,
    "newtonpf.mismatch.avg_sec": 0.00013564154505729675,
    "newtonpf.mismatch.count": 4,
    "newtonpf.mismatch.total_sec": 0.000542566180229187,
    "newtonpf.solve.avg_sec": 0.02510528638958931,
    "newtonpf.solve.count": 3,
    "newtonpf.solve.total_sec": 0.07531585916876793,
    "newtonpf.update_voltage.avg_sec": 0.000304923082391421,
    "newtonpf.update_voltage.count": 3,
    "newtonpf.update_voltage.total_sec": 0.000914769247174263,
    "pq": "",
    "profile": "pypower",
    "pv": "",
    "repeat_idx": 5,
    "runpf.build_Sbus.avg_sec": 0.00020949356257915497,
    "runpf.build_Sbus.count": 1,
    "runpf.build_Sbus.total_sec": 0.00020949356257915497,
    "runpf.build_Ybus.avg_sec": 0.007250132039189339,
    "runpf.build_Ybus.count": 1,
    "runpf.build_Ybus.total_sec": 0.007250132039189339,
    "runpf.bus_indexing.avg_sec": 0.009072406217455864,
    "runpf.bus_indexing.count": 1,
    "runpf.bus_indexing.total_sec": 0.009072406217455864,
    "runpf.load_case_data.avg_sec": 0.029699508100748062,
    "runpf.load_case_data.count": 1,
    "runpf.load_case_data.total_sec": 0.029699508100748062,
    "runpf.newtonpf.avg_sec": 0.10748684592545033,
    "runpf.newtonpf.count": 1,
    "runpf.newtonpf.total_sec": 0.10748684592545033,
    "solve_sec": 0.10748684592545033,
    "source_profile": "pypower",
    "success": true
  },
  "timing_entries": [
    {
      "elapsed_sec": 0.029699508100748062,
      "iter_idx": 0,
      "op_name": "load_case_data",
      "tag": "runpf"
    },
    {
      "elapsed_sec": 0.009072406217455864,
      "iter_idx": 0,
      "op_name": "bus_indexing",
      "tag": "runpf"
    },
    {
      "elapsed_sec": 0.007250132039189339,
      "iter_idx": 0,
      "op_name": "build_Ybus",
      "tag": "runpf"
    },
    {
      "elapsed_sec": 0.00020949356257915497,
      "iter_idx": 0,
      "op_name": "build_Sbus",
      "tag": "runpf"
    },
    {
      "elapsed_sec": 1.4279037714004517e-05,
      "iter_idx": 0,
      "op_name": "init_index",
      "tag": "newtonpf"
    },
    {
      "elapsed_sec": 0.00012406334280967712,
      "iter_idx": 0,
      "op_name": "mismatch",
      "tag": "newtonpf"
    },
    {
      "elapsed_sec": 0.009959638118743896,
      "iter_idx": 1,
      "op_name": "jacobian",
      "tag": "newtonpf"
    },
    {
      "elapsed_sec": 0.025520795956254005,
      "iter_idx": 1,
      "op_name": "solve",
      "tag": "newtonpf"
    },
    {
      "elapsed_sec": 0.0003099702298641205,
      "iter_idx": 1,
      "op_name": "update_voltage",
      "tag": "newtonpf"
    },
    {
      "elapsed_sec": 0.00014442019164562225,
      "iter_idx": 1,
      "op_name": "mismatch",
      "tag": "newtonpf"
    },
    {
      "elapsed_sec": 0.010594220831990242,
      "iter_idx": 2,
      "op_name": "jacobian",
      "tag": "newtonpf"
    },
    {
      "elapsed_sec": 0.025410879403352737,
      "iter_idx": 2,
      "op_name": "solve",
      "tag": "newtonpf"
    },
    {
      "elapsed_sec": 0.00030338019132614136,
      "iter_idx": 2,
      "op_name": "update_voltage",
      "tag": "newtonpf"
    },
    {
      "elapsed_sec": 0.00013718195259571075,
      "iter_idx": 2,
      "op_name": "mismatch",
      "tag": "newtonpf"
    },
    {
      "elapsed_sec": 0.00995142012834549,
      "iter_idx": 3,
      "op_name": "jacobian",
      "tag": "newtonpf"
    },
    {
      "elapsed_sec": 0.024384183809161186,
      "iter_idx": 3,
      "op_name": "solve",
      "tag": "newtonpf"
    },
    {
      "elapsed_sec": 0.00030141882598400116,
      "iter_idx": 3,
      "op_name": "update_voltage",
      "tag": "newtonpf"
    },
    {
      "elapsed_sec": 0.00013690069317817688,
      "iter_idx": 3,
      "op_name": "mismatch",
      "tag": "newtonpf"
    },
    {
      "elapsed_sec": 0.10748684592545033,
      "iter_idx": 0,
      "op_name": "newtonpf",
      "tag": "runpf"
    }
  ]
}
