{
  "summary": {
    "analyze_sec": "",
    "backend": "python",
    "buses": "",
    "case_name": "case118_ieee",
    "case_stem": "pglib_opf_case118_ieee",
    "compute": "fp64",
    "dump_case_name": "",
    "elapsed_sec": 0.011009091511368752,
    "final_mismatch": 6.14822223325176e-11,
    "implementation": "pypower",
    "iterations": 4,
    "jacobian": "pypower",
    "max_abs_v_delta_from_v0": "",
    "measurement_mode": "operators",
    "newtonpf.init_index.avg_sec": 1.082010567188263e-05,
    "newtonpf.init_index.count": 1,
    "newtonpf.init_index.total_sec": 1.082010567188263e-05,
    "newtonpf.jacobian.avg_sec": 0.0018848408944904804,
    "newtonpf.jacobian.count": 4,
    "newtonpf.jacobian.total_sec": 0.007539363577961922,
    "newtonpf.mismatch.avg_sec": 3.4490227699279784e-05,
    "newtonpf.mismatch.count": 5,
    "newtonpf.mismatch.total_sec": 0.00017245113849639893,
    "newtonpf.solve.avg_sec": 0.00025467248633503914,
    "newtonpf.solve.count": 4,
    "newtonpf.solve.total_sec": 0.0010186899453401566,
    "newtonpf.update_voltage.avg_sec": 2.014031633734703e-05,
    "newtonpf.update_voltage.count": 4,
    "newtonpf.update_voltage.total_sec": 8.056126534938812e-05,
    "pq": "",
    "profile": "pypower",
    "pv": "",
    "repeat_idx": 7,
    "runpf.build_Sbus.avg_sec": 0.00011431053280830383,
    "runpf.build_Sbus.count": 1,
    "runpf.build_Sbus.total_sec": 0.00011431053280830383,
    "runpf.build_Ybus.avg_sec": 0.0010335128754377365,
    "runpf.build_Ybus.count": 1,
    "runpf.build_Ybus.total_sec": 0.0010335128754377365,
    "runpf.bus_indexing.avg_sec": 0.00044727884232997894,
    "runpf.bus_indexing.count": 1,
    "runpf.bus_indexing.total_sec": 0.00044727884232997894,
    "runpf.load_case_data.avg_sec": 0.00024946220219135284,
    "runpf.load_case_data.count": 1,
    "runpf.load_case_data.total_sec": 0.00024946220219135284,
    "runpf.newtonpf.avg_sec": 0.008881006389856339,
    "runpf.newtonpf.count": 1,
    "runpf.newtonpf.total_sec": 0.008881006389856339,
    "solve_sec": 0.008881006389856339,
    "source_profile": "pypower",
    "success": true
  },
  "timing_entries": [
    {
      "elapsed_sec": 0.00024946220219135284,
      "iter_idx": 0,
      "op_name": "load_case_data",
      "tag": "runpf"
    },
    {
      "elapsed_sec": 0.00044727884232997894,
      "iter_idx": 0,
      "op_name": "bus_indexing",
      "tag": "runpf"
    },
    {
      "elapsed_sec": 0.0010335128754377365,
      "iter_idx": 0,
      "op_name": "build_Ybus",
      "tag": "runpf"
    },
    {
      "elapsed_sec": 0.00011431053280830383,
      "iter_idx": 0,
      "op_name": "build_Sbus",
      "tag": "runpf"
    },
    {
      "elapsed_sec": 1.082010567188263e-05,
      "iter_idx": 0,
      "op_name": "init_index",
      "tag": "newtonpf"
    },
    {
      "elapsed_sec": 2.9111281037330627e-05,
      "iter_idx": 0,
      "op_name": "mismatch",
      "tag": "newtonpf"
    },
    {
      "elapsed_sec": 0.001882193610072136,
      "iter_idx": 1,
      "op_name": "jacobian",
      "tag": "newtonpf"
    },
    {
      "elapsed_sec": 0.0002493206411600113,
      "iter_idx": 1,
      "op_name": "solve",
      "tag": "newtonpf"
    },
    {
      "elapsed_sec": 2.0148232579231262e-05,
      "iter_idx": 1,
      "op_name": "update_voltage",
      "tag": "newtonpf"
    },
    {
      "elapsed_sec": 3.5841017961502075e-05,
      "iter_idx": 1,
      "op_name": "mismatch",
      "tag": "newtonpf"
    },
    {
      "elapsed_sec": 0.0018867552280426025,
      "iter_idx": 2,
      "op_name": "jacobian",
      "tag": "newtonpf"
    },
    {
      "elapsed_sec": 0.0002550482749938965,
      "iter_idx": 2,
      "op_name": "solve",
      "tag": "newtonpf"
    },
    {
      "elapsed_sec": 2.0291656255722046e-05,
      "iter_idx": 2,
      "op_name": "update_voltage",
      "tag": "newtonpf"
    },
    {
      "elapsed_sec": 3.5528093576431274e-05,
      "iter_idx": 2,
      "op_name": "mismatch",
      "tag": "newtonpf"
    },
    {
      "elapsed_sec": 0.0018808431923389435,
      "iter_idx": 3,
      "op_name": "jacobian",
      "tag": "newtonpf"
    },
    {
      "elapsed_sec": 0.0002541821449995041,
      "iter_idx": 3,
      "op_name": "solve",
      "tag": "newtonpf"
    },
    {
      "elapsed_sec": 1.9861385226249695e-05,
      "iter_idx": 3,
      "op_name": "update_voltage",
      "tag": "newtonpf"
    },
    {
      "elapsed_sec": 3.562122583389282e-05,
      "iter_idx": 3,
      "op_name": "mismatch",
      "tag": "newtonpf"
    },
    {
      "elapsed_sec": 0.0018895715475082397,
      "iter_idx": 4,
      "op_name": "jacobian",
      "tag": "newtonpf"
    },
    {
      "elapsed_sec": 0.0002601388841867447,
      "iter_idx": 4,
      "op_name": "solve",
      "tag": "newtonpf"
    },
    {
      "elapsed_sec": 2.025999128818512e-05,
      "iter_idx": 4,
      "op_name": "update_voltage",
      "tag": "newtonpf"
    },
    {
      "elapsed_sec": 3.6349520087242126e-05,
      "iter_idx": 4,
      "op_name": "mismatch",
      "tag": "newtonpf"
    },
    {
      "elapsed_sec": 0.008881006389856339,
      "iter_idx": 0,
      "op_name": "newtonpf",
      "tag": "runpf"
    }
  ]
}
