{
  "summary": {
    "analyze_sec": "",
    "backend": "python",
    "buses": "",
    "case_name": "case118_ieee",
    "case_stem": "pglib_opf_case118_ieee",
    "compute": "fp64",
    "dump_case_name": "",
    "elapsed_sec": 0.011122122406959534,
    "final_mismatch": 6.14822223325176e-11,
    "implementation": "pypower",
    "iterations": 4,
    "jacobian": "pypower",
    "max_abs_v_delta_from_v0": "",
    "measurement_mode": "operators",
    "newtonpf.init_index.avg_sec": 1.0931864380836487e-05,
    "newtonpf.init_index.count": 1,
    "newtonpf.init_index.total_sec": 1.0931864380836487e-05,
    "newtonpf.jacobian.avg_sec": 0.001905991230159998,
    "newtonpf.jacobian.count": 4,
    "newtonpf.jacobian.total_sec": 0.007623964920639992,
    "newtonpf.mismatch.avg_sec": 3.5312026739120483e-05,
    "newtonpf.mismatch.count": 5,
    "newtonpf.mismatch.total_sec": 0.00017656013369560242,
    "newtonpf.solve.avg_sec": 0.0002554389648139477,
    "newtonpf.solve.count": 4,
    "newtonpf.solve.total_sec": 0.0010217558592557907,
    "newtonpf.update_voltage.avg_sec": 2.041459083557129e-05,
    "newtonpf.update_voltage.count": 4,
    "newtonpf.update_voltage.total_sec": 8.165836334228516e-05,
    "pq": "",
    "profile": "pypower",
    "pv": "",
    "repeat_idx": 4,
    "runpf.build_Sbus.avg_sec": 0.00011622719466686249,
    "runpf.build_Sbus.count": 1,
    "runpf.build_Sbus.total_sec": 0.00011622719466686249,
    "runpf.build_Ybus.avg_sec": 0.001052960753440857,
    "runpf.build_Ybus.count": 1,
    "runpf.build_Ybus.total_sec": 0.001052960753440857,
    "runpf.bus_indexing.avg_sec": 0.00045271962881088257,
    "runpf.bus_indexing.count": 1,
    "runpf.bus_indexing.total_sec": 0.00045271962881088257,
    "runpf.load_case_data.avg_sec": 0.00025377050042152405,
    "runpf.load_case_data.count": 1,
    "runpf.load_case_data.total_sec": 0.00025377050042152405,
    "runpf.newtonpf.avg_sec": 0.008974485099315643,
    "runpf.newtonpf.count": 1,
    "runpf.newtonpf.total_sec": 0.008974485099315643,
    "solve_sec": 0.008974485099315643,
    "source_profile": "pypower",
    "success": true
  },
  "timing_entries": [
    {
      "elapsed_sec": 0.00025377050042152405,
      "iter_idx": 0,
      "op_name": "load_case_data",
      "tag": "runpf"
    },
    {
      "elapsed_sec": 0.00045271962881088257,
      "iter_idx": 0,
      "op_name": "bus_indexing",
      "tag": "runpf"
    },
    {
      "elapsed_sec": 0.001052960753440857,
      "iter_idx": 0,
      "op_name": "build_Ybus",
      "tag": "runpf"
    },
    {
      "elapsed_sec": 0.00011622719466686249,
      "iter_idx": 0,
      "op_name": "build_Sbus",
      "tag": "runpf"
    },
    {
      "elapsed_sec": 1.0931864380836487e-05,
      "iter_idx": 0,
      "op_name": "init_index",
      "tag": "newtonpf"
    },
    {
      "elapsed_sec": 2.9439106583595276e-05,
      "iter_idx": 0,
      "op_name": "mismatch",
      "tag": "newtonpf"
    },
    {
      "elapsed_sec": 0.0019118040800094604,
      "iter_idx": 1,
      "op_name": "jacobian",
      "tag": "newtonpf"
    },
    {
      "elapsed_sec": 0.000260012224316597,
      "iter_idx": 1,
      "op_name": "solve",
      "tag": "newtonpf"
    },
    {
      "elapsed_sec": 2.0619481801986694e-05,
      "iter_idx": 1,
      "op_name": "update_voltage",
      "tag": "newtonpf"
    },
    {
      "elapsed_sec": 3.7239864468574524e-05,
      "iter_idx": 1,
      "op_name": "mismatch",
      "tag": "newtonpf"
    },
    {
      "elapsed_sec": 0.0019150041043758392,
      "iter_idx": 2,
      "op_name": "jacobian",
      "tag": "newtonpf"
    },
    {
      "elapsed_sec": 0.0002487320452928543,
      "iter_idx": 2,
      "op_name": "solve",
      "tag": "newtonpf"
    },
    {
      "elapsed_sec": 2.028048038482666e-05,
      "iter_idx": 2,
      "op_name": "update_voltage",
      "tag": "newtonpf"
    },
    {
      "elapsed_sec": 3.656931221485138e-05,
      "iter_idx": 2,
      "op_name": "mismatch",
      "tag": "newtonpf"
    },
    {
      "elapsed_sec": 0.0019091833382844925,
      "iter_idx": 3,
      "op_name": "jacobian",
      "tag": "newtonpf"
    },
    {
      "elapsed_sec": 0.00024335086345672607,
      "iter_idx": 3,
      "op_name": "solve",
      "tag": "newtonpf"
    },
    {
      "elapsed_sec": 2.0228326320648193e-05,
      "iter_idx": 3,
      "op_name": "update_voltage",
      "tag": "newtonpf"
    },
    {
      "elapsed_sec": 3.6111101508140564e-05,
      "iter_idx": 3,
      "op_name": "mismatch",
      "tag": "newtonpf"
    },
    {
      "elapsed_sec": 0.0018879733979701996,
      "iter_idx": 4,
      "op_name": "jacobian",
      "tag": "newtonpf"
    },
    {
      "elapsed_sec": 0.00026966072618961334,
      "iter_idx": 4,
      "op_name": "solve",
      "tag": "newtonpf"
    },
    {
      "elapsed_sec": 2.053007483482361e-05,
      "iter_idx": 4,
      "op_name": "update_voltage",
      "tag": "newtonpf"
    },
    {
      "elapsed_sec": 3.7200748920440674e-05,
      "iter_idx": 4,
      "op_name": "mismatch",
      "tag": "newtonpf"
    },
    {
      "elapsed_sec": 0.008974485099315643,
      "iter_idx": 0,
      "op_name": "newtonpf",
      "tag": "runpf"
    }
  ]
}
