{
  "summary": {
    "analyze_sec": "",
    "backend": "python",
    "buses": "",
    "case_name": "case118_ieee",
    "case_stem": "pglib_opf_case118_ieee",
    "compute": "fp64",
    "dump_case_name": "",
    "elapsed_sec": 0.0109983179718256,
    "final_mismatch": 6.14822223325176e-11,
    "implementation": "pypower",
    "iterations": 4,
    "jacobian": "pypower",
    "max_abs_v_delta_from_v0": "",
    "measurement_mode": "operators",
    "newtonpf.init_index.avg_sec": 1.1401250958442688e-05,
    "newtonpf.init_index.count": 1,
    "newtonpf.init_index.total_sec": 1.1401250958442688e-05,
    "newtonpf.jacobian.avg_sec": 0.0018886295147240162,
    "newtonpf.jacobian.count": 4,
    "newtonpf.jacobian.total_sec": 0.007554518058896065,
    "newtonpf.mismatch.avg_sec": 3.5529956221580505e-05,
    "newtonpf.mismatch.count": 5,
    "newtonpf.mismatch.total_sec": 0.00017764978110790253,
    "newtonpf.solve.avg_sec": 0.0002478123642504215,
    "newtonpf.solve.count": 4,
    "newtonpf.solve.total_sec": 0.000991249457001686,
    "newtonpf.update_voltage.avg_sec": 2.0252540707588196e-05,
    "newtonpf.update_voltage.count": 4,
    "newtonpf.update_voltage.total_sec": 8.101016283035278e-05,
    "pq": "",
    "profile": "pypower",
    "pv": "",
    "repeat_idx": 6,
    "runpf.build_Sbus.avg_sec": 0.00011534988880157471,
    "runpf.build_Sbus.count": 1,
    "runpf.build_Sbus.total_sec": 0.00011534988880157471,
    "runpf.build_Ybus.avg_sec": 0.001034751534461975,
    "runpf.build_Ybus.count": 1,
    "runpf.build_Ybus.total_sec": 0.001034751534461975,
    "runpf.bus_indexing.avg_sec": 0.0004514586180448532,
    "runpf.bus_indexing.count": 1,
    "runpf.bus_indexing.total_sec": 0.0004514586180448532,
    "runpf.load_case_data.avg_sec": 0.00025013089179992676,
    "runpf.load_case_data.count": 1,
    "runpf.load_case_data.total_sec": 0.00025013089179992676,
    "runpf.newtonpf.avg_sec": 0.008875494822859764,
    "runpf.newtonpf.count": 1,
    "runpf.newtonpf.total_sec": 0.008875494822859764,
    "solve_sec": 0.008875494822859764,
    "source_profile": "pypower",
    "success": true
  },
  "timing_entries": [
    {
      "elapsed_sec": 0.00025013089179992676,
      "iter_idx": 0,
      "op_name": "load_case_data",
      "tag": "runpf"
    },
    {
      "elapsed_sec": 0.0004514586180448532,
      "iter_idx": 0,
      "op_name": "bus_indexing",
      "tag": "runpf"
    },
    {
      "elapsed_sec": 0.001034751534461975,
      "iter_idx": 0,
      "op_name": "build_Ybus",
      "tag": "runpf"
    },
    {
      "elapsed_sec": 0.00011534988880157471,
      "iter_idx": 0,
      "op_name": "build_Sbus",
      "tag": "runpf"
    },
    {
      "elapsed_sec": 1.1401250958442688e-05,
      "iter_idx": 0,
      "op_name": "init_index",
      "tag": "newtonpf"
    },
    {
      "elapsed_sec": 2.9498711228370667e-05,
      "iter_idx": 0,
      "op_name": "mismatch",
      "tag": "newtonpf"
    },
    {
      "elapsed_sec": 0.0019018538296222687,
      "iter_idx": 1,
      "op_name": "jacobian",
      "tag": "newtonpf"
    },
    {
      "elapsed_sec": 0.00024960003793239594,
      "iter_idx": 1,
      "op_name": "solve",
      "tag": "newtonpf"
    },
    {
      "elapsed_sec": 2.0120292901992798e-05,
      "iter_idx": 1,
      "op_name": "update_voltage",
      "tag": "newtonpf"
    },
    {
      "elapsed_sec": 3.599002957344055e-05,
      "iter_idx": 1,
      "op_name": "mismatch",
      "tag": "newtonpf"
    },
    {
      "elapsed_sec": 0.0018821731209754944,
      "iter_idx": 2,
      "op_name": "jacobian",
      "tag": "newtonpf"
    },
    {
      "elapsed_sec": 0.00025168247520923615,
      "iter_idx": 2,
      "op_name": "solve",
      "tag": "newtonpf"
    },
    {
      "elapsed_sec": 2.0349398255348206e-05,
      "iter_idx": 2,
      "op_name": "update_voltage",
      "tag": "newtonpf"
    },
    {
      "elapsed_sec": 4.0899962186813354e-05,
      "iter_idx": 2,
      "op_name": "mismatch",
      "tag": "newtonpf"
    },
    {
      "elapsed_sec": 0.0018836352974176407,
      "iter_idx": 3,
      "op_name": "jacobian",
      "tag": "newtonpf"
    },
    {
      "elapsed_sec": 0.00024436041712760925,
      "iter_idx": 3,
      "op_name": "solve",
      "tag": "newtonpf"
    },
    {
      "elapsed_sec": 2.029910683631897e-05,
      "iter_idx": 3,
      "op_name": "update_voltage",
      "tag": "newtonpf"
    },
    {
      "elapsed_sec": 3.55597585439682e-05,
      "iter_idx": 3,
      "op_name": "mismatch",
      "tag": "newtonpf"
    },
    {
      "elapsed_sec": 0.001886855810880661,
      "iter_idx": 4,
      "op_name": "jacobian",
      "tag": "newtonpf"
    },
    {
      "elapsed_sec": 0.00024560652673244476,
      "iter_idx": 4,
      "op_name": "solve",
      "tag": "newtonpf"
    },
    {
      "elapsed_sec": 2.024136483669281e-05,
      "iter_idx": 4,
      "op_name": "update_voltage",
      "tag": "newtonpf"
    },
    {
      "elapsed_sec": 3.5701319575309753e-05,
      "iter_idx": 4,
      "op_name": "mismatch",
      "tag": "newtonpf"
    },
    {
      "elapsed_sec": 0.008875494822859764,
      "iter_idx": 0,
      "op_name": "newtonpf",
      "tag": "runpf"
    }
  ]
}
