{
  "summary": {
    "analyze_sec": "",
    "backend": "python",
    "buses": "",
    "case_name": "case118_ieee",
    "case_stem": "pglib_opf_case118_ieee",
    "compute": "fp64",
    "dump_case_name": "",
    "elapsed_sec": 0.011063318699598312,
    "final_mismatch": 6.14822223325176e-11,
    "implementation": "pypower",
    "iterations": 4,
    "jacobian": "pypower",
    "max_abs_v_delta_from_v0": "",
    "measurement_mode": "operators",
    "newtonpf.init_index.avg_sec": 1.1470168828964233e-05,
    "newtonpf.init_index.count": 1,
    "newtonpf.init_index.total_sec": 1.1470168828964233e-05,
    "newtonpf.jacobian.avg_sec": 0.0019003832712769508,
    "newtonpf.jacobian.count": 4,
    "newtonpf.jacobian.total_sec": 0.007601533085107803,
    "newtonpf.mismatch.avg_sec": 3.4986063838005066e-05,
    "newtonpf.mismatch.count": 5,
    "newtonpf.mismatch.total_sec": 0.00017493031919002533,
    "newtonpf.solve.avg_sec": 0.0002514165826141834,
    "newtonpf.solve.count": 4,
    "newtonpf.solve.total_sec": 0.0010056663304567337,
    "newtonpf.update_voltage.avg_sec": 2.035452052950859e-05,
    "newtonpf.update_voltage.count": 4,
    "newtonpf.update_voltage.total_sec": 8.141808211803436e-05,
    "pq": "",
    "profile": "pypower",
    "pv": "",
    "repeat_idx": 2,
    "runpf.build_Sbus.avg_sec": 0.0001148805022239685,
    "runpf.build_Sbus.count": 1,
    "runpf.build_Sbus.total_sec": 0.0001148805022239685,
    "runpf.build_Ybus.avg_sec": 0.0010360311716794968,
    "runpf.build_Ybus.count": 1,
    "runpf.build_Ybus.total_sec": 0.0010360311716794968,
    "runpf.bus_indexing.avg_sec": 0.0004532206803560257,
    "runpf.bus_indexing.count": 1,
    "runpf.bus_indexing.total_sec": 0.0004532206803560257,
    "runpf.load_case_data.avg_sec": 0.0002580825239419937,
    "runpf.load_case_data.count": 1,
    "runpf.load_case_data.total_sec": 0.0002580825239419937,
    "runpf.newtonpf.avg_sec": 0.008933555334806442,
    "runpf.newtonpf.count": 1,
    "runpf.newtonpf.total_sec": 0.008933555334806442,
    "solve_sec": 0.008933555334806442,
    "source_profile": "pypower",
    "success": true
  },
  "timing_entries": [
    {
      "elapsed_sec": 0.0002580825239419937,
      "iter_idx": 0,
      "op_name": "load_case_data",
      "tag": "runpf"
    },
    {
      "elapsed_sec": 0.0004532206803560257,
      "iter_idx": 0,
      "op_name": "bus_indexing",
      "tag": "runpf"
    },
    {
      "elapsed_sec": 0.0010360311716794968,
      "iter_idx": 0,
      "op_name": "build_Ybus",
      "tag": "runpf"
    },
    {
      "elapsed_sec": 0.0001148805022239685,
      "iter_idx": 0,
      "op_name": "build_Sbus",
      "tag": "runpf"
    },
    {
      "elapsed_sec": 1.1470168828964233e-05,
      "iter_idx": 0,
      "op_name": "init_index",
      "tag": "newtonpf"
    },
    {
      "elapsed_sec": 2.8731301426887512e-05,
      "iter_idx": 0,
      "op_name": "mismatch",
      "tag": "newtonpf"
    },
    {
      "elapsed_sec": 0.0019097048789262772,
      "iter_idx": 1,
      "op_name": "jacobian",
      "tag": "newtonpf"
    },
    {
      "elapsed_sec": 0.00025120191276073456,
      "iter_idx": 1,
      "op_name": "solve",
      "tag": "newtonpf"
    },
    {
      "elapsed_sec": 2.0118430256843567e-05,
      "iter_idx": 1,
      "op_name": "update_voltage",
      "tag": "newtonpf"
    },
    {
      "elapsed_sec": 3.6928802728652954e-05,
      "iter_idx": 1,
      "op_name": "mismatch",
      "tag": "newtonpf"
    },
    {
      "elapsed_sec": 0.0018901731818914413,
      "iter_idx": 2,
      "op_name": "jacobian",
      "tag": "newtonpf"
    },
    {
      "elapsed_sec": 0.00025414861738681793,
      "iter_idx": 2,
      "op_name": "solve",
      "tag": "newtonpf"
    },
    {
      "elapsed_sec": 2.0589679479599e-05,
      "iter_idx": 2,
      "op_name": "update_voltage",
      "tag": "newtonpf"
    },
    {
      "elapsed_sec": 3.725104033946991e-05,
      "iter_idx": 2,
      "op_name": "mismatch",
      "tag": "newtonpf"
    },
    {
      "elapsed_sec": 0.001910703256726265,
      "iter_idx": 3,
      "op_name": "jacobian",
      "tag": "newtonpf"
    },
    {
      "elapsed_sec": 0.0002438332885503769,
      "iter_idx": 3,
      "op_name": "solve",
      "tag": "newtonpf"
    },
    {
      "elapsed_sec": 2.039968967437744e-05,
      "iter_idx": 3,
      "op_name": "update_voltage",
      "tag": "newtonpf"
    },
    {
      "elapsed_sec": 3.609992563724518e-05,
      "iter_idx": 3,
      "op_name": "mismatch",
      "tag": "newtonpf"
    },
    {
      "elapsed_sec": 0.0018909517675638199,
      "iter_idx": 4,
      "op_name": "jacobian",
      "tag": "newtonpf"
    },
    {
      "elapsed_sec": 0.0002564825117588043,
      "iter_idx": 4,
      "op_name": "solve",
      "tag": "newtonpf"
    },
    {
      "elapsed_sec": 2.0310282707214355e-05,
      "iter_idx": 4,
      "op_name": "update_voltage",
      "tag": "newtonpf"
    },
    {
      "elapsed_sec": 3.5919249057769775e-05,
      "iter_idx": 4,
      "op_name": "mismatch",
      "tag": "newtonpf"
    },
    {
      "elapsed_sec": 0.008933555334806442,
      "iter_idx": 0,
      "op_name": "newtonpf",
      "tag": "runpf"
    }
  ]
}
