{
  "summary": {
    "analyze_sec": "",
    "backend": "python",
    "buses": "",
    "case_name": "case118_ieee",
    "case_stem": "pglib_opf_case118_ieee",
    "compute": "fp64",
    "dump_case_name": "",
    "elapsed_sec": 0.010988207533955574,
    "final_mismatch": 6.14822223325176e-11,
    "implementation": "pypower",
    "iterations": 4,
    "jacobian": "pypower",
    "max_abs_v_delta_from_v0": "",
    "measurement_mode": "operators",
    "newtonpf.init_index.avg_sec": 1.1099502444267273e-05,
    "newtonpf.init_index.count": 1,
    "newtonpf.init_index.total_sec": 1.1099502444267273e-05,
    "newtonpf.jacobian.avg_sec": 0.001888880506157875,
    "newtonpf.jacobian.count": 4,
    "newtonpf.jacobian.total_sec": 0.0075555220246315,
    "newtonpf.mismatch.avg_sec": 3.463029861450195e-05,
    "newtonpf.mismatch.count": 5,
    "newtonpf.mismatch.total_sec": 0.00017315149307250977,
    "newtonpf.solve.avg_sec": 0.00024543004110455513,
    "newtonpf.solve.count": 4,
    "newtonpf.solve.total_sec": 0.0009817201644182205,
    "newtonpf.update_voltage.avg_sec": 2.0012259483337402e-05,
    "newtonpf.update_voltage.count": 4,
    "newtonpf.update_voltage.total_sec": 8.004903793334961e-05,
    "pq": "",
    "profile": "pypower",
    "pv": "",
    "repeat_idx": 5,
    "runpf.build_Sbus.avg_sec": 0.00011415034532546997,
    "runpf.build_Sbus.count": 1,
    "runpf.build_Sbus.total_sec": 0.00011415034532546997,
    "runpf.build_Ybus.avg_sec": 0.001036832109093666,
    "runpf.build_Ybus.count": 1,
    "runpf.build_Ybus.total_sec": 0.001036832109093666,
    "runpf.bus_indexing.avg_sec": 0.0004504118114709854,
    "runpf.bus_indexing.count": 1,
    "runpf.bus_indexing.total_sec": 0.0004504118114709854,
    "runpf.load_case_data.avg_sec": 0.0002521183341741562,
    "runpf.load_case_data.count": 1,
    "runpf.load_case_data.total_sec": 0.0002521183341741562,
    "runpf.newtonpf.avg_sec": 0.008859947323799133,
    "runpf.newtonpf.count": 1,
    "runpf.newtonpf.total_sec": 0.008859947323799133,
    "solve_sec": 0.008859947323799133,
    "source_profile": "pypower",
    "success": true
  },
  "timing_entries": [
    {
      "elapsed_sec": 0.0002521183341741562,
      "iter_idx": 0,
      "op_name": "load_case_data",
      "tag": "runpf"
    },
    {
      "elapsed_sec": 0.0004504118114709854,
      "iter_idx": 0,
      "op_name": "bus_indexing",
      "tag": "runpf"
    },
    {
      "elapsed_sec": 0.001036832109093666,
      "iter_idx": 0,
      "op_name": "build_Ybus",
      "tag": "runpf"
    },
    {
      "elapsed_sec": 0.00011415034532546997,
      "iter_idx": 0,
      "op_name": "build_Sbus",
      "tag": "runpf"
    },
    {
      "elapsed_sec": 1.1099502444267273e-05,
      "iter_idx": 0,
      "op_name": "init_index",
      "tag": "newtonpf"
    },
    {
      "elapsed_sec": 2.9379501938819885e-05,
      "iter_idx": 0,
      "op_name": "mismatch",
      "tag": "newtonpf"
    },
    {
      "elapsed_sec": 0.0018879715353250504,
      "iter_idx": 1,
      "op_name": "jacobian",
      "tag": "newtonpf"
    },
    {
      "elapsed_sec": 0.00024887919425964355,
      "iter_idx": 1,
      "op_name": "solve",
      "tag": "newtonpf"
    },
    {
      "elapsed_sec": 2.0198523998260498e-05,
      "iter_idx": 1,
      "op_name": "update_voltage",
      "tag": "newtonpf"
    },
    {
      "elapsed_sec": 3.618001937866211e-05,
      "iter_idx": 1,
      "op_name": "mismatch",
      "tag": "newtonpf"
    },
    {
      "elapsed_sec": 0.0018767938017845154,
      "iter_idx": 2,
      "op_name": "jacobian",
      "tag": "newtonpf"
    },
    {
      "elapsed_sec": 0.0002447888255119324,
      "iter_idx": 2,
      "op_name": "solve",
      "tag": "newtonpf"
    },
    {
      "elapsed_sec": 2.001039683818817e-05,
      "iter_idx": 2,
      "op_name": "update_voltage",
      "tag": "newtonpf"
    },
    {
      "elapsed_sec": 3.5800039768218994e-05,
      "iter_idx": 2,
      "op_name": "mismatch",
      "tag": "newtonpf"
    },
    {
      "elapsed_sec": 0.00189170241355896,
      "iter_idx": 3,
      "op_name": "jacobian",
      "tag": "newtonpf"
    },
    {
      "elapsed_sec": 0.0002447720617055893,
      "iter_idx": 3,
      "op_name": "solve",
      "tag": "newtonpf"
    },
    {
      "elapsed_sec": 2.0120292901992798e-05,
      "iter_idx": 3,
      "op_name": "update_voltage",
      "tag": "newtonpf"
    },
    {
      "elapsed_sec": 3.601983189582825e-05,
      "iter_idx": 3,
      "op_name": "mismatch",
      "tag": "newtonpf"
    },
    {
      "elapsed_sec": 0.0018990542739629745,
      "iter_idx": 4,
      "op_name": "jacobian",
      "tag": "newtonpf"
    },
    {
      "elapsed_sec": 0.0002432800829410553,
      "iter_idx": 4,
      "op_name": "solve",
      "tag": "newtonpf"
    },
    {
      "elapsed_sec": 1.9719824194908142e-05,
      "iter_idx": 4,
      "op_name": "update_voltage",
      "tag": "newtonpf"
    },
    {
      "elapsed_sec": 3.577210009098053e-05,
      "iter_idx": 4,
      "op_name": "mismatch",
      "tag": "newtonpf"
    },
    {
      "elapsed_sec": 0.008859947323799133,
      "iter_idx": 0,
      "op_name": "newtonpf",
      "tag": "runpf"
    }
  ]
}
