{
  "summary": {
    "analyze_sec": "",
    "backend": "python",
    "buses": "",
    "case_name": "case118_ieee",
    "case_stem": "pglib_opf_case118_ieee",
    "compute": "fp64",
    "dump_case_name": "",
    "elapsed_sec": 0.011282108724117279,
    "final_mismatch": 6.14822223325176e-11,
    "implementation": "pypower",
    "iterations": 4,
    "jacobian": "pypower",
    "max_abs_v_delta_from_v0": "",
    "measurement_mode": "operators",
    "newtonpf.init_index.avg_sec": 1.1218711733818054e-05,
    "newtonpf.init_index.count": 1,
    "newtonpf.init_index.total_sec": 1.1218711733818054e-05,
    "newtonpf.jacobian.avg_sec": 0.0019451435655355453,
    "newtonpf.jacobian.count": 4,
    "newtonpf.jacobian.total_sec": 0.007780574262142181,
    "newtonpf.mismatch.avg_sec": 3.524981439113617e-05,
    "newtonpf.mismatch.count": 5,
    "newtonpf.mismatch.total_sec": 0.00017624907195568085,
    "newtonpf.solve.avg_sec": 0.0002566557377576828,
    "newtonpf.solve.count": 4,
    "newtonpf.solve.total_sec": 0.0010266229510307312,
    "newtonpf.update_voltage.avg_sec": 2.0470470190048218e-05,
    "newtonpf.update_voltage.count": 4,
    "newtonpf.update_voltage.total_sec": 8.188188076019287e-05,
    "pq": "",
    "profile": "pypower",
    "pv": "",
    "repeat_idx": 0,
    "runpf.build_Sbus.avg_sec": 0.00011656060814857483,
    "runpf.build_Sbus.count": 1,
    "runpf.build_Sbus.total_sec": 0.00011656060814857483,
    "runpf.build_Ybus.avg_sec": 0.0010421611368656158,
    "runpf.build_Ybus.count": 1,
    "runpf.build_Ybus.total_sec": 0.0010421611368656158,
    "runpf.bus_indexing.avg_sec": 0.00044566020369529724,
    "runpf.bus_indexing.count": 1,
    "runpf.bus_indexing.total_sec": 0.00044566020369529724,
    "runpf.load_case_data.avg_sec": 0.0002533812075853348,
    "runpf.load_case_data.count": 1,
    "runpf.load_case_data.total_sec": 0.0002533812075853348,
    "runpf.newtonpf.avg_sec": 0.009134316816926003,
    "runpf.newtonpf.count": 1,
    "runpf.newtonpf.total_sec": 0.009134316816926003,
    "solve_sec": 0.009134316816926003,
    "source_profile": "pypower",
    "success": true
  },
  "timing_entries": [
    {
      "elapsed_sec": 0.0002533812075853348,
      "iter_idx": 0,
      "op_name": "load_case_data",
      "tag": "runpf"
    },
    {
      "elapsed_sec": 0.00044566020369529724,
      "iter_idx": 0,
      "op_name": "bus_indexing",
      "tag": "runpf"
    },
    {
      "elapsed_sec": 0.0010421611368656158,
      "iter_idx": 0,
      "op_name": "build_Ybus",
      "tag": "runpf"
    },
    {
      "elapsed_sec": 0.00011656060814857483,
      "iter_idx": 0,
      "op_name": "build_Sbus",
      "tag": "runpf"
    },
    {
      "elapsed_sec": 1.1218711733818054e-05,
      "iter_idx": 0,
      "op_name": "init_index",
      "tag": "newtonpf"
    },
    {
      "elapsed_sec": 2.961978316307068e-05,
      "iter_idx": 0,
      "op_name": "mismatch",
      "tag": "newtonpf"
    },
    {
      "elapsed_sec": 0.00206870399415493,
      "iter_idx": 1,
      "op_name": "jacobian",
      "tag": "newtonpf"
    },
    {
      "elapsed_sec": 0.00026414357125759125,
      "iter_idx": 1,
      "op_name": "solve",
      "tag": "newtonpf"
    },
    {
      "elapsed_sec": 2.0520761609077454e-05,
      "iter_idx": 1,
      "op_name": "update_voltage",
      "tag": "newtonpf"
    },
    {
      "elapsed_sec": 3.742054104804993e-05,
      "iter_idx": 1,
      "op_name": "mismatch",
      "tag": "newtonpf"
    },
    {
      "elapsed_sec": 0.0019000228494405746,
      "iter_idx": 2,
      "op_name": "jacobian",
      "tag": "newtonpf"
    },
    {
      "elapsed_sec": 0.0002473890781402588,
      "iter_idx": 2,
      "op_name": "solve",
      "tag": "newtonpf"
    },
    {
      "elapsed_sec": 2.0410865545272827e-05,
      "iter_idx": 2,
      "op_name": "update_voltage",
      "tag": "newtonpf"
    },
    {
      "elapsed_sec": 3.6209821701049805e-05,
      "iter_idx": 2,
      "op_name": "mismatch",
      "tag": "newtonpf"
    },
    {
      "elapsed_sec": 0.001913333311676979,
      "iter_idx": 3,
      "op_name": "jacobian",
      "tag": "newtonpf"
    },
    {
      "elapsed_sec": 0.000258520245552063,
      "iter_idx": 3,
      "op_name": "solve",
      "tag": "newtonpf"
    },
    {
      "elapsed_sec": 2.036057412624359e-05,
      "iter_idx": 3,
      "op_name": "update_voltage",
      "tag": "newtonpf"
    },
    {
      "elapsed_sec": 3.660842776298523e-05,
      "iter_idx": 3,
      "op_name": "mismatch",
      "tag": "newtonpf"
    },
    {
      "elapsed_sec": 0.0018985141068696976,
      "iter_idx": 4,
      "op_name": "jacobian",
      "tag": "newtonpf"
    },
    {
      "elapsed_sec": 0.0002565700560808182,
      "iter_idx": 4,
      "op_name": "solve",
      "tag": "newtonpf"
    },
    {
      "elapsed_sec": 2.0589679479599e-05,
      "iter_idx": 4,
      "op_name": "update_voltage",
      "tag": "newtonpf"
    },
    {
      "elapsed_sec": 3.639049828052521e-05,
      "iter_idx": 4,
      "op_name": "mismatch",
      "tag": "newtonpf"
    },
    {
      "elapsed_sec": 0.009134316816926003,
      "iter_idx": 0,
      "op_name": "newtonpf",
      "tag": "runpf"
    }
  ]
}
