{
  "summary": {
    "analyze_sec": "",
    "backend": "python",
    "buses": "",
    "case_name": "case118_ieee",
    "case_stem": "pglib_opf_case118_ieee",
    "compute": "fp64",
    "dump_case_name": "",
    "elapsed_sec": 0.01096956804394722,
    "final_mismatch": 6.14822223325176e-11,
    "implementation": "pypower",
    "iterations": 4,
    "jacobian": "pypower",
    "max_abs_v_delta_from_v0": "",
    "measurement_mode": "operators",
    "newtonpf.init_index.avg_sec": 1.1431053280830383e-05,
    "newtonpf.init_index.count": 1,
    "newtonpf.init_index.total_sec": 1.1431053280830383e-05,
    "newtonpf.jacobian.avg_sec": 0.0018821535632014275,
    "newtonpf.jacobian.count": 4,
    "newtonpf.jacobian.total_sec": 0.00752861425280571,
    "newtonpf.mismatch.avg_sec": 3.461316227912903e-05,
    "newtonpf.mismatch.count": 5,
    "newtonpf.mismatch.total_sec": 0.00017306581139564514,
    "newtonpf.solve.avg_sec": 0.00024759257212281227,
    "newtonpf.solve.count": 4,
    "newtonpf.solve.total_sec": 0.000990370288491249,
    "newtonpf.update_voltage.avg_sec": 2.0293984562158585e-05,
    "newtonpf.update_voltage.count": 4,
    "newtonpf.update_voltage.total_sec": 8.117593824863434e-05,
    "pq": "",
    "profile": "pypower",
    "pv": "",
    "repeat_idx": 9,
    "runpf.build_Sbus.avg_sec": 0.00011523999273777008,
    "runpf.build_Sbus.count": 1,
    "runpf.build_Sbus.total_sec": 0.00011523999273777008,
    "runpf.build_Ybus.avg_sec": 0.0010499395430088043,
    "runpf.build_Ybus.count": 1,
    "runpf.build_Ybus.total_sec": 0.0010499395430088043,
    "runpf.bus_indexing.avg_sec": 0.0004485715180635452,
    "runpf.bus_indexing.count": 1,
    "runpf.bus_indexing.total_sec": 0.0004485715180635452,
    "runpf.load_case_data.avg_sec": 0.0002513621002435684,
    "runpf.load_case_data.count": 1,
    "runpf.load_case_data.total_sec": 0.0002513621002435684,
    "runpf.newtonpf.avg_sec": 0.0088422242552042,
    "runpf.newtonpf.count": 1,
    "runpf.newtonpf.total_sec": 0.0088422242552042,
    "solve_sec": 0.0088422242552042,
    "source_profile": "pypower",
    "success": true
  },
  "timing_entries": [
    {
      "elapsed_sec": 0.0002513621002435684,
      "iter_idx": 0,
      "op_name": "load_case_data",
      "tag": "runpf"
    },
    {
      "elapsed_sec": 0.0004485715180635452,
      "iter_idx": 0,
      "op_name": "bus_indexing",
      "tag": "runpf"
    },
    {
      "elapsed_sec": 0.0010499395430088043,
      "iter_idx": 0,
      "op_name": "build_Ybus",
      "tag": "runpf"
    },
    {
      "elapsed_sec": 0.00011523999273777008,
      "iter_idx": 0,
      "op_name": "build_Sbus",
      "tag": "runpf"
    },
    {
      "elapsed_sec": 1.1431053280830383e-05,
      "iter_idx": 0,
      "op_name": "init_index",
      "tag": "newtonpf"
    },
    {
      "elapsed_sec": 2.896040678024292e-05,
      "iter_idx": 0,
      "op_name": "mismatch",
      "tag": "newtonpf"
    },
    {
      "elapsed_sec": 0.0018759611994028091,
      "iter_idx": 1,
      "op_name": "jacobian",
      "tag": "newtonpf"
    },
    {
      "elapsed_sec": 0.0002501513808965683,
      "iter_idx": 1,
      "op_name": "solve",
      "tag": "newtonpf"
    },
    {
      "elapsed_sec": 2.017989754676819e-05,
      "iter_idx": 1,
      "op_name": "update_voltage",
      "tag": "newtonpf"
    },
    {
      "elapsed_sec": 3.635138273239136e-05,
      "iter_idx": 1,
      "op_name": "mismatch",
      "tag": "newtonpf"
    },
    {
      "elapsed_sec": 0.0018975716084241867,
      "iter_idx": 2,
      "op_name": "jacobian",
      "tag": "newtonpf"
    },
    {
      "elapsed_sec": 0.00024504028260707855,
      "iter_idx": 2,
      "op_name": "solve",
      "tag": "newtonpf"
    },
    {
      "elapsed_sec": 2.0639970898628235e-05,
      "iter_idx": 2,
      "op_name": "update_voltage",
      "tag": "newtonpf"
    },
    {
      "elapsed_sec": 3.554113209247589e-05,
      "iter_idx": 2,
      "op_name": "mismatch",
      "tag": "newtonpf"
    },
    {
      "elapsed_sec": 0.0018714778125286102,
      "iter_idx": 3,
      "op_name": "jacobian",
      "tag": "newtonpf"
    },
    {
      "elapsed_sec": 0.00024541839957237244,
      "iter_idx": 3,
      "op_name": "solve",
      "tag": "newtonpf"
    },
    {
      "elapsed_sec": 2.0148232579231262e-05,
      "iter_idx": 3,
      "op_name": "update_voltage",
      "tag": "newtonpf"
    },
    {
      "elapsed_sec": 3.544054925441742e-05,
      "iter_idx": 3,
      "op_name": "mismatch",
      "tag": "newtonpf"
    },
    {
      "elapsed_sec": 0.0018836036324501038,
      "iter_idx": 4,
      "op_name": "jacobian",
      "tag": "newtonpf"
    },
    {
      "elapsed_sec": 0.0002497602254152298,
      "iter_idx": 4,
      "op_name": "solve",
      "tag": "newtonpf"
    },
    {
      "elapsed_sec": 2.0207837224006653e-05,
      "iter_idx": 4,
      "op_name": "update_voltage",
      "tag": "newtonpf"
    },
    {
      "elapsed_sec": 3.6772340536117554e-05,
      "iter_idx": 4,
      "op_name": "mismatch",
      "tag": "newtonpf"
    },
    {
      "elapsed_sec": 0.0088422242552042,
      "iter_idx": 0,
      "op_name": "newtonpf",
      "tag": "runpf"
    }
  ]
}
