{
  "summary": {
    "analyze_sec": "",
    "backend": "python",
    "buses": "",
    "case_name": "case118_ieee",
    "case_stem": "pglib_opf_case118_ieee",
    "compute": "fp64",
    "dump_case_name": "",
    "elapsed_sec": 0.01105094887316227,
    "final_mismatch": 6.14822223325176e-11,
    "implementation": "pypower",
    "iterations": 4,
    "jacobian": "pypower",
    "max_abs_v_delta_from_v0": "",
    "measurement_mode": "operators",
    "newtonpf.init_index.avg_sec": 1.12093985080719e-05,
    "newtonpf.init_index.count": 1,
    "newtonpf.init_index.total_sec": 1.12093985080719e-05,
    "newtonpf.jacobian.avg_sec": 0.001892284955829382,
    "newtonpf.jacobian.count": 4,
    "newtonpf.jacobian.total_sec": 0.007569139823317528,
    "newtonpf.mismatch.avg_sec": 3.6351755261421205e-05,
    "newtonpf.mismatch.count": 5,
    "newtonpf.mismatch.total_sec": 0.00018175877630710602,
    "newtonpf.solve.avg_sec": 0.00025028642266988754,
    "newtonpf.solve.count": 4,
    "newtonpf.solve.total_sec": 0.0010011456906795502,
    "newtonpf.update_voltage.avg_sec": 2.0229723304510117e-05,
    "newtonpf.update_voltage.count": 4,
    "newtonpf.update_voltage.total_sec": 8.091889321804047e-05,
    "pq": "",
    "profile": "pypower",
    "pv": "",
    "repeat_idx": 3,
    "runpf.build_Sbus.avg_sec": 0.00011388026177883148,
    "runpf.build_Sbus.count": 1,
    "runpf.build_Sbus.total_sec": 0.00011388026177883148,
    "runpf.build_Ybus.avg_sec": 0.0010385923087596893,
    "runpf.build_Ybus.count": 1,
    "runpf.build_Ybus.total_sec": 0.0010385923087596893,
    "runpf.bus_indexing.avg_sec": 0.0004454124718904495,
    "runpf.bus_indexing.count": 1,
    "runpf.bus_indexing.total_sec": 0.0004454124718904495,
    "runpf.load_case_data.avg_sec": 0.0002501513808965683,
    "runpf.load_case_data.count": 1,
    "runpf.load_case_data.total_sec": 0.0002501513808965683,
    "runpf.newtonpf.avg_sec": 0.008903136476874352,
    "runpf.newtonpf.count": 1,
    "runpf.newtonpf.total_sec": 0.008903136476874352,
    "solve_sec": 0.008903136476874352,
    "source_profile": "pypower",
    "success": true
  },
  "timing_entries": [
    {
      "elapsed_sec": 0.0002501513808965683,
      "iter_idx": 0,
      "op_name": "load_case_data",
      "tag": "runpf"
    },
    {
      "elapsed_sec": 0.0004454124718904495,
      "iter_idx": 0,
      "op_name": "bus_indexing",
      "tag": "runpf"
    },
    {
      "elapsed_sec": 0.0010385923087596893,
      "iter_idx": 0,
      "op_name": "build_Ybus",
      "tag": "runpf"
    },
    {
      "elapsed_sec": 0.00011388026177883148,
      "iter_idx": 0,
      "op_name": "build_Sbus",
      "tag": "runpf"
    },
    {
      "elapsed_sec": 1.12093985080719e-05,
      "iter_idx": 0,
      "op_name": "init_index",
      "tag": "newtonpf"
    },
    {
      "elapsed_sec": 3.633834421634674e-05,
      "iter_idx": 0,
      "op_name": "mismatch",
      "tag": "newtonpf"
    },
    {
      "elapsed_sec": 0.0018923319876194,
      "iter_idx": 1,
      "op_name": "jacobian",
      "tag": "newtonpf"
    },
    {
      "elapsed_sec": 0.0002519506961107254,
      "iter_idx": 1,
      "op_name": "solve",
      "tag": "newtonpf"
    },
    {
      "elapsed_sec": 2.0429491996765137e-05,
      "iter_idx": 1,
      "op_name": "update_voltage",
      "tag": "newtonpf"
    },
    {
      "elapsed_sec": 3.669038414955139e-05,
      "iter_idx": 1,
      "op_name": "mismatch",
      "tag": "newtonpf"
    },
    {
      "elapsed_sec": 0.0018832925707101822,
      "iter_idx": 2,
      "op_name": "jacobian",
      "tag": "newtonpf"
    },
    {
      "elapsed_sec": 0.00024549104273319244,
      "iter_idx": 2,
      "op_name": "solve",
      "tag": "newtonpf"
    },
    {
      "elapsed_sec": 2.0040199160575867e-05,
      "iter_idx": 2,
      "op_name": "update_voltage",
      "tag": "newtonpf"
    },
    {
      "elapsed_sec": 3.563985228538513e-05,
      "iter_idx": 2,
      "op_name": "mismatch",
      "tag": "newtonpf"
    },
    {
      "elapsed_sec": 0.001911630854010582,
      "iter_idx": 3,
      "op_name": "jacobian",
      "tag": "newtonpf"
    },
    {
      "elapsed_sec": 0.00026093050837516785,
      "iter_idx": 3,
      "op_name": "solve",
      "tag": "newtonpf"
    },
    {
      "elapsed_sec": 2.0479783415794373e-05,
      "iter_idx": 3,
      "op_name": "update_voltage",
      "tag": "newtonpf"
    },
    {
      "elapsed_sec": 3.654882311820984e-05,
      "iter_idx": 3,
      "op_name": "mismatch",
      "tag": "newtonpf"
    },
    {
      "elapsed_sec": 0.0018818844109773636,
      "iter_idx": 4,
      "op_name": "jacobian",
      "tag": "newtonpf"
    },
    {
      "elapsed_sec": 0.00024277344346046448,
      "iter_idx": 4,
      "op_name": "solve",
      "tag": "newtonpf"
    },
    {
      "elapsed_sec": 1.996941864490509e-05,
      "iter_idx": 4,
      "op_name": "update_voltage",
      "tag": "newtonpf"
    },
    {
      "elapsed_sec": 3.6541372537612915e-05,
      "iter_idx": 4,
      "op_name": "mismatch",
      "tag": "newtonpf"
    },
    {
      "elapsed_sec": 0.008903136476874352,
      "iter_idx": 0,
      "op_name": "newtonpf",
      "tag": "runpf"
    }
  ]
}
