{
  "summary": {
    "analyze_sec": "",
    "backend": "python",
    "buses": "",
    "case_name": "case118_ieee",
    "case_stem": "pglib_opf_case118_ieee",
    "compute": "fp64",
    "dump_case_name": "",
    "elapsed_sec": 0.011117713525891304,
    "final_mismatch": 6.14822223325176e-11,
    "implementation": "pypower",
    "iterations": 4,
    "jacobian": "pypower",
    "max_abs_v_delta_from_v0": "",
    "measurement_mode": "operators",
    "newtonpf.init_index.avg_sec": 1.1110678315162659e-05,
    "newtonpf.init_index.count": 1,
    "newtonpf.init_index.total_sec": 1.1110678315162659e-05,
    "newtonpf.jacobian.avg_sec": 0.0019192462787032127,
    "newtonpf.jacobian.count": 4,
    "newtonpf.jacobian.total_sec": 0.007676985114812851,
    "newtonpf.mismatch.avg_sec": 3.4450739622116086e-05,
    "newtonpf.mismatch.count": 5,
    "newtonpf.mismatch.total_sec": 0.00017225369811058044,
    "newtonpf.solve.avg_sec": 0.0002467758022248745,
    "newtonpf.solve.count": 4,
    "newtonpf.solve.total_sec": 0.000987103208899498,
    "newtonpf.update_voltage.avg_sec": 2.02227383852005e-05,
    "newtonpf.update_voltage.count": 4,
    "newtonpf.update_voltage.total_sec": 8.0890953540802e-05,
    "pq": "",
    "profile": "pypower",
    "pv": "",
    "repeat_idx": 8,
    "runpf.build_Sbus.avg_sec": 0.0001256801187992096,
    "runpf.build_Sbus.count": 1,
    "runpf.build_Sbus.total_sec": 0.0001256801187992096,
    "runpf.build_Ybus.avg_sec": 0.0010391436517238617,
    "runpf.build_Ybus.count": 1,
    "runpf.build_Ybus.total_sec": 0.0010391436517238617,
    "runpf.bus_indexing.avg_sec": 0.0004504937678575516,
    "runpf.bus_indexing.count": 1,
    "runpf.bus_indexing.total_sec": 0.0004504937678575516,
    "runpf.load_case_data.avg_sec": 0.0002516210079193115,
    "runpf.load_case_data.count": 1,
    "runpf.load_case_data.total_sec": 0.0002516210079193115,
    "runpf.newtonpf.avg_sec": 0.008984958752989769,
    "runpf.newtonpf.count": 1,
    "runpf.newtonpf.total_sec": 0.008984958752989769,
    "solve_sec": 0.008984958752989769,
    "source_profile": "pypower",
    "success": true
  },
  "timing_entries": [
    {
      "elapsed_sec": 0.0002516210079193115,
      "iter_idx": 0,
      "op_name": "load_case_data",
      "tag": "runpf"
    },
    {
      "elapsed_sec": 0.0004504937678575516,
      "iter_idx": 0,
      "op_name": "bus_indexing",
      "tag": "runpf"
    },
    {
      "elapsed_sec": 0.0010391436517238617,
      "iter_idx": 0,
      "op_name": "build_Ybus",
      "tag": "runpf"
    },
    {
      "elapsed_sec": 0.0001256801187992096,
      "iter_idx": 0,
      "op_name": "build_Sbus",
      "tag": "runpf"
    },
    {
      "elapsed_sec": 1.1110678315162659e-05,
      "iter_idx": 0,
      "op_name": "init_index",
      "tag": "newtonpf"
    },
    {
      "elapsed_sec": 2.8870999813079834e-05,
      "iter_idx": 0,
      "op_name": "mismatch",
      "tag": "newtonpf"
    },
    {
      "elapsed_sec": 0.0018675345927476883,
      "iter_idx": 1,
      "op_name": "jacobian",
      "tag": "newtonpf"
    },
    {
      "elapsed_sec": 0.00025127269327640533,
      "iter_idx": 1,
      "op_name": "solve",
      "tag": "newtonpf"
    },
    {
      "elapsed_sec": 2.029910683631897e-05,
      "iter_idx": 1,
      "op_name": "update_voltage",
      "tag": "newtonpf"
    },
    {
      "elapsed_sec": 3.6349520087242126e-05,
      "iter_idx": 1,
      "op_name": "mismatch",
      "tag": "newtonpf"
    },
    {
      "elapsed_sec": 0.0019592512398958206,
      "iter_idx": 2,
      "op_name": "jacobian",
      "tag": "newtonpf"
    },
    {
      "elapsed_sec": 0.00025070831179618835,
      "iter_idx": 2,
      "op_name": "solve",
      "tag": "newtonpf"
    },
    {
      "elapsed_sec": 2.034008502960205e-05,
      "iter_idx": 2,
      "op_name": "update_voltage",
      "tag": "newtonpf"
    },
    {
      "elapsed_sec": 3.571249544620514e-05,
      "iter_idx": 2,
      "op_name": "mismatch",
      "tag": "newtonpf"
    },
    {
      "elapsed_sec": 0.0019550174474716187,
      "iter_idx": 3,
      "op_name": "jacobian",
      "tag": "newtonpf"
    },
    {
      "elapsed_sec": 0.0002423897385597229,
      "iter_idx": 3,
      "op_name": "solve",
      "tag": "newtonpf"
    },
    {
      "elapsed_sec": 2.0170584321022034e-05,
      "iter_idx": 3,
      "op_name": "update_voltage",
      "tag": "newtonpf"
    },
    {
      "elapsed_sec": 3.601051867008209e-05,
      "iter_idx": 3,
      "op_name": "mismatch",
      "tag": "newtonpf"
    },
    {
      "elapsed_sec": 0.0018951818346977234,
      "iter_idx": 4,
      "op_name": "jacobian",
      "tag": "newtonpf"
    },
    {
      "elapsed_sec": 0.0002427324652671814,
      "iter_idx": 4,
      "op_name": "solve",
      "tag": "newtonpf"
    },
    {
      "elapsed_sec": 2.0081177353858948e-05,
      "iter_idx": 4,
      "op_name": "update_voltage",
      "tag": "newtonpf"
    },
    {
      "elapsed_sec": 3.531016409397125e-05,
      "iter_idx": 4,
      "op_name": "mismatch",
      "tag": "newtonpf"
    },
    {
      "elapsed_sec": 0.008984958752989769,
      "iter_idx": 0,
      "op_name": "newtonpf",
      "tag": "runpf"
    }
  ]
}
