{
  "summary": {
    "analyze_sec": "",
    "backend": "python",
    "buses": "",
    "case_name": "case9241_pegase",
    "case_stem": "pglib_opf_case9241_pegase",
    "compute": "fp64",
    "dump_case_name": "",
    "elapsed_sec": 0.32322531938552856,
    "final_mismatch": 5.097700039868869e-12,
    "implementation": "pypower",
    "iterations": 7,
    "jacobian": "pypower",
    "max_abs_v_delta_from_v0": "",
    "measurement_mode": "operators",
    "newtonpf.init_index.avg_sec": 1.5040859580039978e-05,
    "newtonpf.init_index.count": 1,
    "newtonpf.init_index.total_sec": 1.5040859580039978e-05,
    "newtonpf.jacobian.avg_sec": 0.014150940680078097,
    "newtonpf.jacobian.count": 7,
    "newtonpf.jacobian.total_sec": 0.09905658476054668,
    "newtonpf.mismatch.avg_sec": 0.00024187122471630573,
    "newtonpf.mismatch.count": 8,
    "newtonpf.mismatch.total_sec": 0.0019349697977304459,
    "newtonpf.solve.avg_sec": 0.028700380719133785,
    "newtonpf.solve.count": 7,
    "newtonpf.solve.total_sec": 0.2009026650339365,
    "newtonpf.update_voltage.avg_sec": 0.000562591478228569,
    "newtonpf.update_voltage.count": 7,
    "newtonpf.update_voltage.total_sec": 0.003938140347599983,
    "pq": "",
    "profile": "pypower",
    "pv": "",
    "repeat_idx": 2,
    "runpf.build_Sbus.avg_sec": 0.00027562864124774933,
    "runpf.build_Sbus.count": 1,
    "runpf.build_Sbus.total_sec": 0.00027562864124774933,
    "runpf.build_Ybus.avg_sec": 0.011966751888394356,
    "runpf.build_Ybus.count": 1,
    "runpf.build_Ybus.total_sec": 0.011966751888394356,
    "runpf.bus_indexing.avg_sec": 0.0035368986427783966,
    "runpf.bus_indexing.count": 1,
    "runpf.bus_indexing.total_sec": 0.0035368986427783966,
    "runpf.load_case_data.avg_sec": 0.0015665646642446518,
    "runpf.load_case_data.count": 1,
    "runpf.load_case_data.total_sec": 0.0015665646642446518,
    "runpf.newtonpf.avg_sec": 0.3060714602470398,
    "runpf.newtonpf.count": 1,
    "runpf.newtonpf.total_sec": 0.3060714602470398,
    "solve_sec": 0.3060714602470398,
    "source_profile": "pypower",
    "success": true
  },
  "timing_entries": [
    {
      "elapsed_sec": 0.0015665646642446518,
      "iter_idx": 0,
      "op_name": "load_case_data",
      "tag": "runpf"
    },
    {
      "elapsed_sec": 0.0035368986427783966,
      "iter_idx": 0,
      "op_name": "bus_indexing",
      "tag": "runpf"
    },
    {
      "elapsed_sec": 0.011966751888394356,
      "iter_idx": 0,
      "op_name": "build_Ybus",
      "tag": "runpf"
    },
    {
      "elapsed_sec": 0.00027562864124774933,
      "iter_idx": 0,
      "op_name": "build_Sbus",
      "tag": "runpf"
    },
    {
      "elapsed_sec": 1.5040859580039978e-05,
      "iter_idx": 0,
      "op_name": "init_index",
      "tag": "newtonpf"
    },
    {
      "elapsed_sec": 0.00017574243247509003,
      "iter_idx": 0,
      "op_name": "mismatch",
      "tag": "newtonpf"
    },
    {
      "elapsed_sec": 0.013579711318016052,
      "iter_idx": 1,
      "op_name": "jacobian",
      "tag": "newtonpf"
    },
    {
      "elapsed_sec": 0.029205361381173134,
      "iter_idx": 1,
      "op_name": "solve",
      "tag": "newtonpf"
    },
    {
      "elapsed_sec": 0.0005631912499666214,
      "iter_idx": 1,
      "op_name": "update_voltage",
      "tag": "newtonpf"
    },
    {
      "elapsed_sec": 0.00020284764468669891,
      "iter_idx": 1,
      "op_name": "mismatch",
      "tag": "newtonpf"
    },
    {
      "elapsed_sec": 0.014394735917448997,
      "iter_idx": 2,
      "op_name": "jacobian",
      "tag": "newtonpf"
    },
    {
      "elapsed_sec": 0.028500040993094444,
      "iter_idx": 2,
      "op_name": "solve",
      "tag": "newtonpf"
    },
    {
      "elapsed_sec": 0.0006004031747579575,
      "iter_idx": 2,
      "op_name": "update_voltage",
      "tag": "newtonpf"
    },
    {
      "elapsed_sec": 0.00019630789756774902,
      "iter_idx": 2,
      "op_name": "mismatch",
      "tag": "newtonpf"
    },
    {
      "elapsed_sec": 0.013788683339953423,
      "iter_idx": 3,
      "op_name": "jacobian",
      "tag": "newtonpf"
    },
    {
      "elapsed_sec": 0.031212085857987404,
      "iter_idx": 3,
      "op_name": "solve",
      "tag": "newtonpf"
    },
    {
      "elapsed_sec": 0.0006330311298370361,
      "iter_idx": 3,
      "op_name": "update_voltage",
      "tag": "newtonpf"
    },
    {
      "elapsed_sec": 0.0005547087639570236,
      "iter_idx": 3,
      "op_name": "mismatch",
      "tag": "newtonpf"
    },
    {
      "elapsed_sec": 0.015370478853583336,
      "iter_idx": 4,
      "op_name": "jacobian",
      "tag": "newtonpf"
    },
    {
      "elapsed_sec": 0.028293460607528687,
      "iter_idx": 4,
      "op_name": "solve",
      "tag": "newtonpf"
    },
    {
      "elapsed_sec": 0.0005373228341341019,
      "iter_idx": 4,
      "op_name": "update_voltage",
      "tag": "newtonpf"
    },
    {
      "elapsed_sec": 0.0002081301063299179,
      "iter_idx": 4,
      "op_name": "mismatch",
      "tag": "newtonpf"
    },
    {
      "elapsed_sec": 0.013781515881419182,
      "iter_idx": 5,
      "op_name": "jacobian",
      "tag": "newtonpf"
    },
    {
      "elapsed_sec": 0.02768014743924141,
      "iter_idx": 5,
      "op_name": "solve",
      "tag": "newtonpf"
    },
    {
      "elapsed_sec": 0.0005363710224628448,
      "iter_idx": 5,
      "op_name": "update_voltage",
      "tag": "newtonpf"
    },
    {
      "elapsed_sec": 0.00020503997802734375,
      "iter_idx": 5,
      "op_name": "mismatch",
      "tag": "newtonpf"
    },
    {
      "elapsed_sec": 0.014664504677057266,
      "iter_idx": 6,
      "op_name": "jacobian",
      "tag": "newtonpf"
    },
    {
      "elapsed_sec": 0.028393639251589775,
      "iter_idx": 6,
      "op_name": "solve",
      "tag": "newtonpf"
    },
    {
      "elapsed_sec": 0.000537509098649025,
      "iter_idx": 6,
      "op_name": "update_voltage",
      "tag": "newtonpf"
    },
    {
      "elapsed_sec": 0.0001956801861524582,
      "iter_idx": 6,
      "op_name": "mismatch",
      "tag": "newtonpf"
    },
    {
      "elapsed_sec": 0.013476954773068428,
      "iter_idx": 7,
      "op_name": "jacobian",
      "tag": "newtonpf"
    },
    {
      "elapsed_sec": 0.027617929503321648,
      "iter_idx": 7,
      "op_name": "solve",
      "tag": "newtonpf"
    },
    {
      "elapsed_sec": 0.0005303118377923965,
      "iter_idx": 7,
      "op_name": "update_voltage",
      "tag": "newtonpf"
    },
    {
      "elapsed_sec": 0.00019651278853416443,
      "iter_idx": 7,
      "op_name": "mismatch",
      "tag": "newtonpf"
    },
    {
      "elapsed_sec": 0.3060714602470398,
      "iter_idx": 0,
      "op_name": "newtonpf",
      "tag": "runpf"
    }
  ]
}
