{
  "summary": {
    "analyze_sec": "",
    "backend": "python",
    "buses": "",
    "case_name": "case9241_pegase",
    "case_stem": "pglib_opf_case9241_pegase",
    "compute": "fp64",
    "dump_case_name": "",
    "elapsed_sec": 0.31593388691544533,
    "final_mismatch": 5.097700039868869e-12,
    "implementation": "pypower",
    "iterations": 7,
    "jacobian": "pypower",
    "max_abs_v_delta_from_v0": "",
    "measurement_mode": "operators",
    "newtonpf.init_index.avg_sec": 1.4878809452056885e-05,
    "newtonpf.init_index.count": 1,
    "newtonpf.init_index.total_sec": 1.4878809452056885e-05,
    "newtonpf.jacobian.avg_sec": 0.013869494731937135,
    "newtonpf.jacobian.count": 7,
    "newtonpf.jacobian.total_sec": 0.09708646312355995,
    "newtonpf.mismatch.avg_sec": 0.0001959733199328184,
    "newtonpf.mismatch.count": 8,
    "newtonpf.mismatch.total_sec": 0.0015677865594625473,
    "newtonpf.solve.avg_sec": 0.028182036376425197,
    "newtonpf.solve.count": 7,
    "newtonpf.solve.total_sec": 0.1972742546349764,
    "newtonpf.update_voltage.avg_sec": 0.0005438495427370071,
    "newtonpf.update_voltage.count": 7,
    "newtonpf.update_voltage.total_sec": 0.00380694679915905,
    "pq": "",
    "profile": "pypower",
    "pv": "",
    "repeat_idx": 3,
    "runpf.build_Sbus.avg_sec": 0.00028017908334732056,
    "runpf.build_Sbus.count": 1,
    "runpf.build_Sbus.total_sec": 0.00028017908334732056,
    "runpf.build_Ybus.avg_sec": 0.012003561481833458,
    "runpf.build_Ybus.count": 1,
    "runpf.build_Ybus.total_sec": 0.012003561481833458,
    "runpf.bus_indexing.avg_sec": 0.0035324357450008392,
    "runpf.bus_indexing.count": 1,
    "runpf.bus_indexing.total_sec": 0.0035324357450008392,
    "runpf.load_case_data.avg_sec": 0.0017923936247825623,
    "runpf.load_case_data.count": 1,
    "runpf.load_case_data.total_sec": 0.0017923936247825623,
    "runpf.newtonpf.avg_sec": 0.2999403905123472,
    "runpf.newtonpf.count": 1,
    "runpf.newtonpf.total_sec": 0.2999403905123472,
    "solve_sec": 0.2999403905123472,
    "source_profile": "pypower",
    "success": true
  },
  "timing_entries": [
    {
      "elapsed_sec": 0.0017923936247825623,
      "iter_idx": 0,
      "op_name": "load_case_data",
      "tag": "runpf"
    },
    {
      "elapsed_sec": 0.0035324357450008392,
      "iter_idx": 0,
      "op_name": "bus_indexing",
      "tag": "runpf"
    },
    {
      "elapsed_sec": 0.012003561481833458,
      "iter_idx": 0,
      "op_name": "build_Ybus",
      "tag": "runpf"
    },
    {
      "elapsed_sec": 0.00028017908334732056,
      "iter_idx": 0,
      "op_name": "build_Sbus",
      "tag": "runpf"
    },
    {
      "elapsed_sec": 1.4878809452056885e-05,
      "iter_idx": 0,
      "op_name": "init_index",
      "tag": "newtonpf"
    },
    {
      "elapsed_sec": 0.00017682649195194244,
      "iter_idx": 0,
      "op_name": "mismatch",
      "tag": "newtonpf"
    },
    {
      "elapsed_sec": 0.013615312054753304,
      "iter_idx": 1,
      "op_name": "jacobian",
      "tag": "newtonpf"
    },
    {
      "elapsed_sec": 0.02906521037220955,
      "iter_idx": 1,
      "op_name": "solve",
      "tag": "newtonpf"
    },
    {
      "elapsed_sec": 0.0005712211132049561,
      "iter_idx": 1,
      "op_name": "update_voltage",
      "tag": "newtonpf"
    },
    {
      "elapsed_sec": 0.00021666288375854492,
      "iter_idx": 1,
      "op_name": "mismatch",
      "tag": "newtonpf"
    },
    {
      "elapsed_sec": 0.014507556334137917,
      "iter_idx": 2,
      "op_name": "jacobian",
      "tag": "newtonpf"
    },
    {
      "elapsed_sec": 0.02877471223473549,
      "iter_idx": 2,
      "op_name": "solve",
      "tag": "newtonpf"
    },
    {
      "elapsed_sec": 0.0005754195153713226,
      "iter_idx": 2,
      "op_name": "update_voltage",
      "tag": "newtonpf"
    },
    {
      "elapsed_sec": 0.00019904039800167084,
      "iter_idx": 2,
      "op_name": "mismatch",
      "tag": "newtonpf"
    },
    {
      "elapsed_sec": 0.01360771432518959,
      "iter_idx": 3,
      "op_name": "jacobian",
      "tag": "newtonpf"
    },
    {
      "elapsed_sec": 0.027475880458950996,
      "iter_idx": 3,
      "op_name": "solve",
      "tag": "newtonpf"
    },
    {
      "elapsed_sec": 0.0005305223166942596,
      "iter_idx": 3,
      "op_name": "update_voltage",
      "tag": "newtonpf"
    },
    {
      "elapsed_sec": 0.00019411183893680573,
      "iter_idx": 3,
      "op_name": "mismatch",
      "tag": "newtonpf"
    },
    {
      "elapsed_sec": 0.013898717239499092,
      "iter_idx": 4,
      "op_name": "jacobian",
      "tag": "newtonpf"
    },
    {
      "elapsed_sec": 0.028142251074314117,
      "iter_idx": 4,
      "op_name": "solve",
      "tag": "newtonpf"
    },
    {
      "elapsed_sec": 0.0005332417786121368,
      "iter_idx": 4,
      "op_name": "update_voltage",
      "tag": "newtonpf"
    },
    {
      "elapsed_sec": 0.00019489042460918427,
      "iter_idx": 4,
      "op_name": "mismatch",
      "tag": "newtonpf"
    },
    {
      "elapsed_sec": 0.013710303232073784,
      "iter_idx": 5,
      "op_name": "jacobian",
      "tag": "newtonpf"
    },
    {
      "elapsed_sec": 0.027506619691848755,
      "iter_idx": 5,
      "op_name": "solve",
      "tag": "newtonpf"
    },
    {
      "elapsed_sec": 0.00053400918841362,
      "iter_idx": 5,
      "op_name": "update_voltage",
      "tag": "newtonpf"
    },
    {
      "elapsed_sec": 0.00019623152911663055,
      "iter_idx": 5,
      "op_name": "mismatch",
      "tag": "newtonpf"
    },
    {
      "elapsed_sec": 0.01400802657008171,
      "iter_idx": 6,
      "op_name": "jacobian",
      "tag": "newtonpf"
    },
    {
      "elapsed_sec": 0.027960659936070442,
      "iter_idx": 6,
      "op_name": "solve",
      "tag": "newtonpf"
    },
    {
      "elapsed_sec": 0.0005334429442882538,
      "iter_idx": 6,
      "op_name": "update_voltage",
      "tag": "newtonpf"
    },
    {
      "elapsed_sec": 0.0001978222280740738,
      "iter_idx": 6,
      "op_name": "mismatch",
      "tag": "newtonpf"
    },
    {
      "elapsed_sec": 0.013738833367824554,
      "iter_idx": 7,
      "op_name": "jacobian",
      "tag": "newtonpf"
    },
    {
      "elapsed_sec": 0.02834892086684704,
      "iter_idx": 7,
      "op_name": "solve",
      "tag": "newtonpf"
    },
    {
      "elapsed_sec": 0.000529089942574501,
      "iter_idx": 7,
      "op_name": "update_voltage",
      "tag": "newtonpf"
    },
    {
      "elapsed_sec": 0.00019220076501369476,
      "iter_idx": 7,
      "op_name": "mismatch",
      "tag": "newtonpf"
    },
    {
      "elapsed_sec": 0.2999403905123472,
      "iter_idx": 0,
      "op_name": "newtonpf",
      "tag": "runpf"
    }
  ]
}
