{
  "summary": {
    "analyze_sec": "",
    "backend": "python",
    "buses": "",
    "case_name": "case9241_pegase",
    "case_stem": "pglib_opf_case9241_pegase",
    "compute": "fp64",
    "dump_case_name": "",
    "elapsed_sec": 0.31616830825805664,
    "final_mismatch": 5.097700039868869e-12,
    "implementation": "pypower",
    "iterations": 7,
    "jacobian": "pypower",
    "max_abs_v_delta_from_v0": "",
    "measurement_mode": "operators",
    "newtonpf.init_index.avg_sec": 1.4940276741981506e-05,
    "newtonpf.init_index.count": 1,
    "newtonpf.init_index.total_sec": 1.4940276741981506e-05,
    "newtonpf.jacobian.avg_sec": 0.013864843174815178,
    "newtonpf.jacobian.count": 7,
    "newtonpf.jacobian.total_sec": 0.09705390222370625,
    "newtonpf.mismatch.avg_sec": 0.00019684480503201485,
    "newtonpf.mismatch.count": 8,
    "newtonpf.mismatch.total_sec": 0.0015747584402561188,
    "newtonpf.solve.avg_sec": 0.02821862804038184,
    "newtonpf.solve.count": 7,
    "newtonpf.solve.total_sec": 0.19753039628267288,
    "newtonpf.update_voltage.avg_sec": 0.0005462284066847392,
    "newtonpf.update_voltage.count": 7,
    "newtonpf.update_voltage.total_sec": 0.0038235988467931747,
    "pq": "",
    "profile": "pypower",
    "pv": "",
    "repeat_idx": 7,
    "runpf.build_Sbus.avg_sec": 0.00027669966220855713,
    "runpf.build_Sbus.count": 1,
    "runpf.build_Sbus.total_sec": 0.00027669966220855713,
    "runpf.build_Ybus.avg_sec": 0.011885151267051697,
    "runpf.build_Ybus.count": 1,
    "runpf.build_Ybus.total_sec": 0.011885151267051697,
    "runpf.bus_indexing.avg_sec": 0.0034532658755779266,
    "runpf.bus_indexing.count": 1,
    "runpf.bus_indexing.total_sec": 0.0034532658755779266,
    "runpf.load_case_data.avg_sec": 0.001428963616490364,
    "runpf.load_case_data.count": 1,
    "runpf.load_case_data.total_sec": 0.001428963616490364,
    "runpf.newtonpf.avg_sec": 0.30019400641322136,
    "runpf.newtonpf.count": 1,
    "runpf.newtonpf.total_sec": 0.30019400641322136,
    "solve_sec": 0.30019400641322136,
    "source_profile": "pypower",
    "success": true
  },
  "timing_entries": [
    {
      "elapsed_sec": 0.001428963616490364,
      "iter_idx": 0,
      "op_name": "load_case_data",
      "tag": "runpf"
    },
    {
      "elapsed_sec": 0.0034532658755779266,
      "iter_idx": 0,
      "op_name": "bus_indexing",
      "tag": "runpf"
    },
    {
      "elapsed_sec": 0.011885151267051697,
      "iter_idx": 0,
      "op_name": "build_Ybus",
      "tag": "runpf"
    },
    {
      "elapsed_sec": 0.00027669966220855713,
      "iter_idx": 0,
      "op_name": "build_Sbus",
      "tag": "runpf"
    },
    {
      "elapsed_sec": 1.4940276741981506e-05,
      "iter_idx": 0,
      "op_name": "init_index",
      "tag": "newtonpf"
    },
    {
      "elapsed_sec": 0.00017462857067584991,
      "iter_idx": 0,
      "op_name": "mismatch",
      "tag": "newtonpf"
    },
    {
      "elapsed_sec": 0.01353093609213829,
      "iter_idx": 1,
      "op_name": "jacobian",
      "tag": "newtonpf"
    },
    {
      "elapsed_sec": 0.028594940900802612,
      "iter_idx": 1,
      "op_name": "solve",
      "tag": "newtonpf"
    },
    {
      "elapsed_sec": 0.000561051070690155,
      "iter_idx": 1,
      "op_name": "update_voltage",
      "tag": "newtonpf"
    },
    {
      "elapsed_sec": 0.00019786879420280457,
      "iter_idx": 1,
      "op_name": "mismatch",
      "tag": "newtonpf"
    },
    {
      "elapsed_sec": 0.014413455501198769,
      "iter_idx": 2,
      "op_name": "jacobian",
      "tag": "newtonpf"
    },
    {
      "elapsed_sec": 0.02835777960717678,
      "iter_idx": 2,
      "op_name": "solve",
      "tag": "newtonpf"
    },
    {
      "elapsed_sec": 0.0005777496844530106,
      "iter_idx": 2,
      "op_name": "update_voltage",
      "tag": "newtonpf"
    },
    {
      "elapsed_sec": 0.00019915960729122162,
      "iter_idx": 2,
      "op_name": "mismatch",
      "tag": "newtonpf"
    },
    {
      "elapsed_sec": 0.013696415349841118,
      "iter_idx": 3,
      "op_name": "jacobian",
      "tag": "newtonpf"
    },
    {
      "elapsed_sec": 0.027964919805526733,
      "iter_idx": 3,
      "op_name": "solve",
      "tag": "newtonpf"
    },
    {
      "elapsed_sec": 0.0005304217338562012,
      "iter_idx": 3,
      "op_name": "update_voltage",
      "tag": "newtonpf"
    },
    {
      "elapsed_sec": 0.00019340962171554565,
      "iter_idx": 3,
      "op_name": "mismatch",
      "tag": "newtonpf"
    },
    {
      "elapsed_sec": 0.013667654246091843,
      "iter_idx": 4,
      "op_name": "jacobian",
      "tag": "newtonpf"
    },
    {
      "elapsed_sec": 0.02827366814017296,
      "iter_idx": 4,
      "op_name": "solve",
      "tag": "newtonpf"
    },
    {
      "elapsed_sec": 0.0005352925509214401,
      "iter_idx": 4,
      "op_name": "update_voltage",
      "tag": "newtonpf"
    },
    {
      "elapsed_sec": 0.00019681081175804138,
      "iter_idx": 4,
      "op_name": "mismatch",
      "tag": "newtonpf"
    },
    {
      "elapsed_sec": 0.014441369101405144,
      "iter_idx": 5,
      "op_name": "jacobian",
      "tag": "newtonpf"
    },
    {
      "elapsed_sec": 0.028116028755903244,
      "iter_idx": 5,
      "op_name": "solve",
      "tag": "newtonpf"
    },
    {
      "elapsed_sec": 0.0005524307489395142,
      "iter_idx": 5,
      "op_name": "update_voltage",
      "tag": "newtonpf"
    },
    {
      "elapsed_sec": 0.0002139303833246231,
      "iter_idx": 5,
      "op_name": "mismatch",
      "tag": "newtonpf"
    },
    {
      "elapsed_sec": 0.013480564579367638,
      "iter_idx": 6,
      "op_name": "jacobian",
      "tag": "newtonpf"
    },
    {
      "elapsed_sec": 0.02760501019656658,
      "iter_idx": 6,
      "op_name": "solve",
      "tag": "newtonpf"
    },
    {
      "elapsed_sec": 0.0005318112671375275,
      "iter_idx": 6,
      "op_name": "update_voltage",
      "tag": "newtonpf"
    },
    {
      "elapsed_sec": 0.0001971013844013214,
      "iter_idx": 6,
      "op_name": "mismatch",
      "tag": "newtonpf"
    },
    {
      "elapsed_sec": 0.013823507353663445,
      "iter_idx": 7,
      "op_name": "jacobian",
      "tag": "newtonpf"
    },
    {
      "elapsed_sec": 0.02861804887652397,
      "iter_idx": 7,
      "op_name": "solve",
      "tag": "newtonpf"
    },
    {
      "elapsed_sec": 0.0005348417907953262,
      "iter_idx": 7,
      "op_name": "update_voltage",
      "tag": "newtonpf"
    },
    {
      "elapsed_sec": 0.00020184926688671112,
      "iter_idx": 7,
      "op_name": "mismatch",
      "tag": "newtonpf"
    },
    {
      "elapsed_sec": 0.30019400641322136,
      "iter_idx": 0,
      "op_name": "newtonpf",
      "tag": "runpf"
    }
  ]
}
