{
  "summary": {
    "analyze_sec": "",
    "backend": "python",
    "buses": "",
    "case_name": "case9241_pegase",
    "case_stem": "pglib_opf_case9241_pegase",
    "compute": "fp64",
    "dump_case_name": "",
    "elapsed_sec": 0.3167701680213213,
    "final_mismatch": 5.097700039868869e-12,
    "implementation": "pypower",
    "iterations": 7,
    "jacobian": "pypower",
    "max_abs_v_delta_from_v0": "",
    "measurement_mode": "operators",
    "newtonpf.init_index.avg_sec": 1.5230849385261536e-05,
    "newtonpf.init_index.count": 1,
    "newtonpf.init_index.total_sec": 1.5230849385261536e-05,
    "newtonpf.jacobian.avg_sec": 0.013833175812448775,
    "newtonpf.jacobian.count": 7,
    "newtonpf.jacobian.total_sec": 0.09683223068714142,
    "newtonpf.mismatch.avg_sec": 0.00019567739218473434,
    "newtonpf.mismatch.count": 8,
    "newtonpf.mismatch.total_sec": 0.0015654191374778748,
    "newtonpf.solve.avg_sec": 0.028296193640146936,
    "newtonpf.solve.count": 7,
    "newtonpf.solve.total_sec": 0.19807335548102856,
    "newtonpf.update_voltage.avg_sec": 0.0005434224648135049,
    "newtonpf.update_voltage.count": 7,
    "newtonpf.update_voltage.total_sec": 0.0038039572536945343,
    "pq": "",
    "profile": "pypower",
    "pv": "",
    "repeat_idx": 9,
    "runpf.build_Sbus.avg_sec": 0.000281650573015213,
    "runpf.build_Sbus.count": 1,
    "runpf.build_Sbus.total_sec": 0.000281650573015213,
    "runpf.build_Ybus.avg_sec": 0.012100499123334885,
    "runpf.build_Ybus.count": 1,
    "runpf.build_Ybus.total_sec": 0.012100499123334885,
    "runpf.bus_indexing.avg_sec": 0.0035221949219703674,
    "runpf.bus_indexing.count": 1,
    "runpf.bus_indexing.total_sec": 0.0035221949219703674,
    "runpf.load_case_data.avg_sec": 0.001736992970108986,
    "runpf.load_case_data.count": 1,
    "runpf.load_case_data.total_sec": 0.001736992970108986,
    "runpf.newtonpf.avg_sec": 0.30048009753227234,
    "runpf.newtonpf.count": 1,
    "runpf.newtonpf.total_sec": 0.30048009753227234,
    "solve_sec": 0.30048009753227234,
    "source_profile": "pypower",
    "success": true
  },
  "timing_entries": [
    {
      "elapsed_sec": 0.001736992970108986,
      "iter_idx": 0,
      "op_name": "load_case_data",
      "tag": "runpf"
    },
    {
      "elapsed_sec": 0.0035221949219703674,
      "iter_idx": 0,
      "op_name": "bus_indexing",
      "tag": "runpf"
    },
    {
      "elapsed_sec": 0.012100499123334885,
      "iter_idx": 0,
      "op_name": "build_Ybus",
      "tag": "runpf"
    },
    {
      "elapsed_sec": 0.000281650573015213,
      "iter_idx": 0,
      "op_name": "build_Sbus",
      "tag": "runpf"
    },
    {
      "elapsed_sec": 1.5230849385261536e-05,
      "iter_idx": 0,
      "op_name": "init_index",
      "tag": "newtonpf"
    },
    {
      "elapsed_sec": 0.00017921999096870422,
      "iter_idx": 0,
      "op_name": "mismatch",
      "tag": "newtonpf"
    },
    {
      "elapsed_sec": 0.013711582869291306,
      "iter_idx": 1,
      "op_name": "jacobian",
      "tag": "newtonpf"
    },
    {
      "elapsed_sec": 0.028967691585421562,
      "iter_idx": 1,
      "op_name": "solve",
      "tag": "newtonpf"
    },
    {
      "elapsed_sec": 0.0005597826093435287,
      "iter_idx": 1,
      "op_name": "update_voltage",
      "tag": "newtonpf"
    },
    {
      "elapsed_sec": 0.00019641034305095673,
      "iter_idx": 1,
      "op_name": "mismatch",
      "tag": "newtonpf"
    },
    {
      "elapsed_sec": 0.014493845403194427,
      "iter_idx": 2,
      "op_name": "jacobian",
      "tag": "newtonpf"
    },
    {
      "elapsed_sec": 0.028552262112498283,
      "iter_idx": 2,
      "op_name": "solve",
      "tag": "newtonpf"
    },
    {
      "elapsed_sec": 0.0005758292973041534,
      "iter_idx": 2,
      "op_name": "update_voltage",
      "tag": "newtonpf"
    },
    {
      "elapsed_sec": 0.00019787997007369995,
      "iter_idx": 2,
      "op_name": "mismatch",
      "tag": "newtonpf"
    },
    {
      "elapsed_sec": 0.013756444677710533,
      "iter_idx": 3,
      "op_name": "jacobian",
      "tag": "newtonpf"
    },
    {
      "elapsed_sec": 0.028025662526488304,
      "iter_idx": 3,
      "op_name": "solve",
      "tag": "newtonpf"
    },
    {
      "elapsed_sec": 0.0005342923104763031,
      "iter_idx": 3,
      "op_name": "update_voltage",
      "tag": "newtonpf"
    },
    {
      "elapsed_sec": 0.000194428488612175,
      "iter_idx": 3,
      "op_name": "mismatch",
      "tag": "newtonpf"
    },
    {
      "elapsed_sec": 0.013636324554681778,
      "iter_idx": 4,
      "op_name": "jacobian",
      "tag": "newtonpf"
    },
    {
      "elapsed_sec": 0.028166310861706734,
      "iter_idx": 4,
      "op_name": "solve",
      "tag": "newtonpf"
    },
    {
      "elapsed_sec": 0.0005290787667036057,
      "iter_idx": 4,
      "op_name": "update_voltage",
      "tag": "newtonpf"
    },
    {
      "elapsed_sec": 0.00019080005586147308,
      "iter_idx": 4,
      "op_name": "mismatch",
      "tag": "newtonpf"
    },
    {
      "elapsed_sec": 0.013847794383764267,
      "iter_idx": 5,
      "op_name": "jacobian",
      "tag": "newtonpf"
    },
    {
      "elapsed_sec": 0.02847992070019245,
      "iter_idx": 5,
      "op_name": "solve",
      "tag": "newtonpf"
    },
    {
      "elapsed_sec": 0.0005351211875677109,
      "iter_idx": 5,
      "op_name": "update_voltage",
      "tag": "newtonpf"
    },
    {
      "elapsed_sec": 0.00020127929747104645,
      "iter_idx": 5,
      "op_name": "mismatch",
      "tag": "newtonpf"
    },
    {
      "elapsed_sec": 0.013544203713536263,
      "iter_idx": 6,
      "op_name": "jacobian",
      "tag": "newtonpf"
    },
    {
      "elapsed_sec": 0.027726147323846817,
      "iter_idx": 6,
      "op_name": "solve",
      "tag": "newtonpf"
    },
    {
      "elapsed_sec": 0.0005350913852453232,
      "iter_idx": 6,
      "op_name": "update_voltage",
      "tag": "newtonpf"
    },
    {
      "elapsed_sec": 0.0001958198845386505,
      "iter_idx": 6,
      "op_name": "mismatch",
      "tag": "newtonpf"
    },
    {
      "elapsed_sec": 0.013842035084962845,
      "iter_idx": 7,
      "op_name": "jacobian",
      "tag": "newtonpf"
    },
    {
      "elapsed_sec": 0.028155360370874405,
      "iter_idx": 7,
      "op_name": "solve",
      "tag": "newtonpf"
    },
    {
      "elapsed_sec": 0.0005347616970539093,
      "iter_idx": 7,
      "op_name": "update_voltage",
      "tag": "newtonpf"
    },
    {
      "elapsed_sec": 0.00020958110690116882,
      "iter_idx": 7,
      "op_name": "mismatch",
      "tag": "newtonpf"
    },
    {
      "elapsed_sec": 0.30048009753227234,
      "iter_idx": 0,
      "op_name": "newtonpf",
      "tag": "runpf"
    }
  ]
}
