{
  "summary": {
    "analyze_sec": "",
    "backend": "python",
    "buses": "",
    "case_name": "case_ACTIVSg500",
    "case_stem": "pglib_opf_case_ACTIVSg500",
    "compute": "fp64",
    "dump_case_name": "",
    "elapsed_sec": 0.013973245397210121,
    "final_mismatch": 3.471928421412708e-11,
    "implementation": "pypower",
    "iterations": 3,
    "jacobian": "pypower",
    "max_abs_v_delta_from_v0": "",
    "measurement_mode": "operators",
    "newtonpf.init_index.avg_sec": 1.1421740055084229e-05,
    "newtonpf.init_index.count": 1,
    "newtonpf.init_index.total_sec": 1.1421740055084229e-05,
    "newtonpf.jacobian.avg_sec": 0.0024353619664907455,
    "newtonpf.jacobian.count": 3,
    "newtonpf.jacobian.total_sec": 0.007306085899472237,
    "newtonpf.mismatch.avg_sec": 4.3723732233047485e-05,
    "newtonpf.mismatch.count": 4,
    "newtonpf.mismatch.total_sec": 0.00017489492893218994,
    "newtonpf.solve.avg_sec": 0.0012487918138504028,
    "newtonpf.solve.count": 3,
    "newtonpf.solve.total_sec": 0.0037463754415512085,
    "newtonpf.update_voltage.avg_sec": 3.848659495512644e-05,
    "newtonpf.update_voltage.count": 3,
    "newtonpf.update_voltage.total_sec": 0.00011545978486537933,
    "pq": "",
    "profile": "pypower",
    "pv": "",
    "repeat_idx": 8,
    "runpf.build_Sbus.avg_sec": 0.00012073852121829987,
    "runpf.build_Sbus.count": 1,
    "runpf.build_Sbus.total_sec": 0.00012073852121829987,
    "runpf.build_Ybus.avg_sec": 0.0013605523854494095,
    "runpf.build_Ybus.count": 1,
    "runpf.build_Ybus.total_sec": 0.0013605523854494095,
    "runpf.bus_indexing.avg_sec": 0.0010121800005435944,
    "runpf.bus_indexing.count": 1,
    "runpf.bus_indexing.total_sec": 0.0010121800005435944,
    "runpf.load_case_data.avg_sec": 0.0023741666227579117,
    "runpf.load_case_data.count": 1,
    "runpf.load_case_data.total_sec": 0.0023741666227579117,
    "runpf.newtonpf.avg_sec": 0.011417731642723083,
    "runpf.newtonpf.count": 1,
    "runpf.newtonpf.total_sec": 0.011417731642723083,
    "solve_sec": 0.011417731642723083,
    "source_profile": "pypower",
    "success": true
  },
  "timing_entries": [
    {
      "elapsed_sec": 0.0023741666227579117,
      "iter_idx": 0,
      "op_name": "load_case_data",
      "tag": "runpf"
    },
    {
      "elapsed_sec": 0.0010121800005435944,
      "iter_idx": 0,
      "op_name": "bus_indexing",
      "tag": "runpf"
    },
    {
      "elapsed_sec": 0.0013605523854494095,
      "iter_idx": 0,
      "op_name": "build_Ybus",
      "tag": "runpf"
    },
    {
      "elapsed_sec": 0.00012073852121829987,
      "iter_idx": 0,
      "op_name": "build_Sbus",
      "tag": "runpf"
    },
    {
      "elapsed_sec": 1.1421740055084229e-05,
      "iter_idx": 0,
      "op_name": "init_index",
      "tag": "newtonpf"
    },
    {
      "elapsed_sec": 3.5390257835388184e-05,
      "iter_idx": 0,
      "op_name": "mismatch",
      "tag": "newtonpf"
    },
    {
      "elapsed_sec": 0.0024067554622888565,
      "iter_idx": 1,
      "op_name": "jacobian",
      "tag": "newtonpf"
    },
    {
      "elapsed_sec": 0.0012556202709674835,
      "iter_idx": 1,
      "op_name": "solve",
      "tag": "newtonpf"
    },
    {
      "elapsed_sec": 3.843940794467926e-05,
      "iter_idx": 1,
      "op_name": "update_voltage",
      "tag": "newtonpf"
    },
    {
      "elapsed_sec": 4.651211202144623e-05,
      "iter_idx": 1,
      "op_name": "mismatch",
      "tag": "newtonpf"
    },
    {
      "elapsed_sec": 0.0024542342871427536,
      "iter_idx": 2,
      "op_name": "jacobian",
      "tag": "newtonpf"
    },
    {
      "elapsed_sec": 0.0012586023658514023,
      "iter_idx": 2,
      "op_name": "solve",
      "tag": "newtonpf"
    },
    {
      "elapsed_sec": 3.850087523460388e-05,
      "iter_idx": 2,
      "op_name": "update_voltage",
      "tag": "newtonpf"
    },
    {
      "elapsed_sec": 4.6951696276664734e-05,
      "iter_idx": 2,
      "op_name": "mismatch",
      "tag": "newtonpf"
    },
    {
      "elapsed_sec": 0.0024450961500406265,
      "iter_idx": 3,
      "op_name": "jacobian",
      "tag": "newtonpf"
    },
    {
      "elapsed_sec": 0.0012321528047323227,
      "iter_idx": 3,
      "op_name": "solve",
      "tag": "newtonpf"
    },
    {
      "elapsed_sec": 3.851950168609619e-05,
      "iter_idx": 3,
      "op_name": "update_voltage",
      "tag": "newtonpf"
    },
    {
      "elapsed_sec": 4.6040862798690796e-05,
      "iter_idx": 3,
      "op_name": "mismatch",
      "tag": "newtonpf"
    },
    {
      "elapsed_sec": 0.011417731642723083,
      "iter_idx": 0,
      "op_name": "newtonpf",
      "tag": "runpf"
    }
  ]
}
