{
  "summary": {
    "analyze_sec": "",
    "backend": "python",
    "buses": "",
    "case_name": "case_ACTIVSg500",
    "case_stem": "pglib_opf_case_ACTIVSg500",
    "compute": "fp64",
    "dump_case_name": "",
    "elapsed_sec": 0.013991596177220345,
    "final_mismatch": 3.471928421412708e-11,
    "implementation": "pypower",
    "iterations": 3,
    "jacobian": "pypower",
    "max_abs_v_delta_from_v0": "",
    "measurement_mode": "operators",
    "newtonpf.init_index.avg_sec": 1.1660158634185791e-05,
    "newtonpf.init_index.count": 1,
    "newtonpf.init_index.total_sec": 1.1660158634185791e-05,
    "newtonpf.jacobian.avg_sec": 0.0024400639037291207,
    "newtonpf.jacobian.count": 3,
    "newtonpf.jacobian.total_sec": 0.007320191711187363,
    "newtonpf.mismatch.avg_sec": 4.288461059331894e-05,
    "newtonpf.mismatch.count": 4,
    "newtonpf.mismatch.total_sec": 0.00017153844237327576,
    "newtonpf.solve.avg_sec": 0.0012556475897630055,
    "newtonpf.solve.count": 3,
    "newtonpf.solve.total_sec": 0.0037669427692890167,
    "newtonpf.update_voltage.avg_sec": 3.828046222527822e-05,
    "newtonpf.update_voltage.count": 3,
    "newtonpf.update_voltage.total_sec": 0.00011484138667583466,
    "pq": "",
    "profile": "pypower",
    "pv": "",
    "repeat_idx": 5,
    "runpf.build_Sbus.avg_sec": 0.00011857971549034119,
    "runpf.build_Sbus.count": 1,
    "runpf.build_Sbus.total_sec": 0.00011857971549034119,
    "runpf.build_Ybus.avg_sec": 0.001361791044473648,
    "runpf.build_Ybus.count": 1,
    "runpf.build_Ybus.total_sec": 0.001361791044473648,
    "runpf.bus_indexing.avg_sec": 0.0010087322443723679,
    "runpf.bus_indexing.count": 1,
    "runpf.bus_indexing.total_sec": 0.0010087322443723679,
    "runpf.load_case_data.avg_sec": 0.0023638643324375153,
    "runpf.load_case_data.count": 1,
    "runpf.load_case_data.total_sec": 0.0023638643324375153,
    "runpf.newtonpf.avg_sec": 0.011447692289948463,
    "runpf.newtonpf.count": 1,
    "runpf.newtonpf.total_sec": 0.011447692289948463,
    "solve_sec": 0.011447692289948463,
    "source_profile": "pypower",
    "success": true
  },
  "timing_entries": [
    {
      "elapsed_sec": 0.0023638643324375153,
      "iter_idx": 0,
      "op_name": "load_case_data",
      "tag": "runpf"
    },
    {
      "elapsed_sec": 0.0010087322443723679,
      "iter_idx": 0,
      "op_name": "bus_indexing",
      "tag": "runpf"
    },
    {
      "elapsed_sec": 0.001361791044473648,
      "iter_idx": 0,
      "op_name": "build_Ybus",
      "tag": "runpf"
    },
    {
      "elapsed_sec": 0.00011857971549034119,
      "iter_idx": 0,
      "op_name": "build_Sbus",
      "tag": "runpf"
    },
    {
      "elapsed_sec": 1.1660158634185791e-05,
      "iter_idx": 0,
      "op_name": "init_index",
      "tag": "newtonpf"
    },
    {
      "elapsed_sec": 3.4788623452186584e-05,
      "iter_idx": 0,
      "op_name": "mismatch",
      "tag": "newtonpf"
    },
    {
      "elapsed_sec": 0.0024090372025966644,
      "iter_idx": 1,
      "op_name": "jacobian",
      "tag": "newtonpf"
    },
    {
      "elapsed_sec": 0.0012742448598146439,
      "iter_idx": 1,
      "op_name": "solve",
      "tag": "newtonpf"
    },
    {
      "elapsed_sec": 3.8119032979011536e-05,
      "iter_idx": 1,
      "op_name": "update_voltage",
      "tag": "newtonpf"
    },
    {
      "elapsed_sec": 4.5750290155410767e-05,
      "iter_idx": 1,
      "op_name": "mismatch",
      "tag": "newtonpf"
    },
    {
      "elapsed_sec": 0.002453222870826721,
      "iter_idx": 2,
      "op_name": "jacobian",
      "tag": "newtonpf"
    },
    {
      "elapsed_sec": 0.0012584738433361053,
      "iter_idx": 2,
      "op_name": "solve",
      "tag": "newtonpf"
    },
    {
      "elapsed_sec": 3.799237310886383e-05,
      "iter_idx": 2,
      "op_name": "update_voltage",
      "tag": "newtonpf"
    },
    {
      "elapsed_sec": 4.557892680168152e-05,
      "iter_idx": 2,
      "op_name": "mismatch",
      "tag": "newtonpf"
    },
    {
      "elapsed_sec": 0.002457931637763977,
      "iter_idx": 3,
      "op_name": "jacobian",
      "tag": "newtonpf"
    },
    {
      "elapsed_sec": 0.0012342240661382675,
      "iter_idx": 3,
      "op_name": "solve",
      "tag": "newtonpf"
    },
    {
      "elapsed_sec": 3.872998058795929e-05,
      "iter_idx": 3,
      "op_name": "update_voltage",
      "tag": "newtonpf"
    },
    {
      "elapsed_sec": 4.542060196399689e-05,
      "iter_idx": 3,
      "op_name": "mismatch",
      "tag": "newtonpf"
    },
    {
      "elapsed_sec": 0.011447692289948463,
      "iter_idx": 0,
      "op_name": "newtonpf",
      "tag": "runpf"
    }
  ]
}
