{
  "summary": {
    "analyze_sec": "",
    "backend": "python",
    "buses": "",
    "case_name": "case_ACTIVSg500",
    "case_stem": "pglib_opf_case_ACTIVSg500",
    "compute": "fp64",
    "dump_case_name": "",
    "elapsed_sec": 0.014010056853294373,
    "final_mismatch": 3.471928421412708e-11,
    "implementation": "pypower",
    "iterations": 3,
    "jacobian": "pypower",
    "max_abs_v_delta_from_v0": "",
    "measurement_mode": "operators",
    "newtonpf.init_index.avg_sec": 1.1447817087173462e-05,
    "newtonpf.init_index.count": 1,
    "newtonpf.init_index.total_sec": 1.1447817087173462e-05,
    "newtonpf.jacobian.avg_sec": 0.002421638617912928,
    "newtonpf.jacobian.count": 3,
    "newtonpf.jacobian.total_sec": 0.007264915853738785,
    "newtonpf.mismatch.avg_sec": 4.3880194425582886e-05,
    "newtonpf.mismatch.count": 4,
    "newtonpf.mismatch.total_sec": 0.00017552077770233154,
    "newtonpf.solve.avg_sec": 0.001272132620215416,
    "newtonpf.solve.count": 3,
    "newtonpf.solve.total_sec": 0.003816397860646248,
    "newtonpf.update_voltage.avg_sec": 3.829287985960642e-05,
    "newtonpf.update_voltage.count": 3,
    "newtonpf.update_voltage.total_sec": 0.00011487863957881927,
    "pq": "",
    "profile": "pypower",
    "pv": "",
    "repeat_idx": 4,
    "runpf.build_Sbus.avg_sec": 0.00012070685625076294,
    "runpf.build_Sbus.count": 1,
    "runpf.build_Sbus.total_sec": 0.00012070685625076294,
    "runpf.build_Ybus.avg_sec": 0.0013796836137771606,
    "runpf.build_Ybus.count": 1,
    "runpf.build_Ybus.total_sec": 0.0013796836137771606,
    "runpf.bus_indexing.avg_sec": 0.0010086819529533386,
    "runpf.bus_indexing.count": 1,
    "runpf.bus_indexing.total_sec": 0.0010086819529533386,
    "runpf.load_case_data.avg_sec": 0.0023657139390707016,
    "runpf.load_case_data.count": 1,
    "runpf.load_case_data.total_sec": 0.0023657139390707016,
    "runpf.newtonpf.avg_sec": 0.0114454235881567,
    "runpf.newtonpf.count": 1,
    "runpf.newtonpf.total_sec": 0.0114454235881567,
    "solve_sec": 0.0114454235881567,
    "source_profile": "pypower",
    "success": true
  },
  "timing_entries": [
    {
      "elapsed_sec": 0.0023657139390707016,
      "iter_idx": 0,
      "op_name": "load_case_data",
      "tag": "runpf"
    },
    {
      "elapsed_sec": 0.0010086819529533386,
      "iter_idx": 0,
      "op_name": "bus_indexing",
      "tag": "runpf"
    },
    {
      "elapsed_sec": 0.0013796836137771606,
      "iter_idx": 0,
      "op_name": "build_Ybus",
      "tag": "runpf"
    },
    {
      "elapsed_sec": 0.00012070685625076294,
      "iter_idx": 0,
      "op_name": "build_Sbus",
      "tag": "runpf"
    },
    {
      "elapsed_sec": 1.1447817087173462e-05,
      "iter_idx": 0,
      "op_name": "init_index",
      "tag": "newtonpf"
    },
    {
      "elapsed_sec": 3.5218894481658936e-05,
      "iter_idx": 0,
      "op_name": "mismatch",
      "tag": "newtonpf"
    },
    {
      "elapsed_sec": 0.002390604466199875,
      "iter_idx": 1,
      "op_name": "jacobian",
      "tag": "newtonpf"
    },
    {
      "elapsed_sec": 0.0012833811342716217,
      "iter_idx": 1,
      "op_name": "solve",
      "tag": "newtonpf"
    },
    {
      "elapsed_sec": 3.814883530139923e-05,
      "iter_idx": 1,
      "op_name": "update_voltage",
      "tag": "newtonpf"
    },
    {
      "elapsed_sec": 4.67691570520401e-05,
      "iter_idx": 1,
      "op_name": "mismatch",
      "tag": "newtonpf"
    },
    {
      "elapsed_sec": 0.002428745850920677,
      "iter_idx": 2,
      "op_name": "jacobian",
      "tag": "newtonpf"
    },
    {
      "elapsed_sec": 0.0012813527137041092,
      "iter_idx": 2,
      "op_name": "solve",
      "tag": "newtonpf"
    },
    {
      "elapsed_sec": 3.8450583815574646e-05,
      "iter_idx": 2,
      "op_name": "update_voltage",
      "tag": "newtonpf"
    },
    {
      "elapsed_sec": 4.724040627479553e-05,
      "iter_idx": 2,
      "op_name": "mismatch",
      "tag": "newtonpf"
    },
    {
      "elapsed_sec": 0.0024455655366182327,
      "iter_idx": 3,
      "op_name": "jacobian",
      "tag": "newtonpf"
    },
    {
      "elapsed_sec": 0.001251664012670517,
      "iter_idx": 3,
      "op_name": "solve",
      "tag": "newtonpf"
    },
    {
      "elapsed_sec": 3.82792204618454e-05,
      "iter_idx": 3,
      "op_name": "update_voltage",
      "tag": "newtonpf"
    },
    {
      "elapsed_sec": 4.6292319893836975e-05,
      "iter_idx": 3,
      "op_name": "mismatch",
      "tag": "newtonpf"
    },
    {
      "elapsed_sec": 0.0114454235881567,
      "iter_idx": 0,
      "op_name": "newtonpf",
      "tag": "runpf"
    }
  ]
}
