{
  "summary": {
    "analyze_sec": "",
    "backend": "python",
    "buses": "",
    "case_name": "case_ACTIVSg500",
    "case_stem": "pglib_opf_case_ACTIVSg500",
    "compute": "fp64",
    "dump_case_name": "",
    "elapsed_sec": 0.013987317681312561,
    "final_mismatch": 3.471928421412708e-11,
    "implementation": "pypower",
    "iterations": 3,
    "jacobian": "pypower",
    "max_abs_v_delta_from_v0": "",
    "measurement_mode": "operators",
    "newtonpf.init_index.avg_sec": 1.158006489276886e-05,
    "newtonpf.init_index.count": 1,
    "newtonpf.init_index.total_sec": 1.158006489276886e-05,
    "newtonpf.jacobian.avg_sec": 0.0024279349793990455,
    "newtonpf.jacobian.count": 3,
    "newtonpf.jacobian.total_sec": 0.007283804938197136,
    "newtonpf.mismatch.avg_sec": 4.3157488107681274e-05,
    "newtonpf.mismatch.count": 4,
    "newtonpf.mismatch.total_sec": 0.0001726299524307251,
    "newtonpf.solve.avg_sec": 0.0012619954844315846,
    "newtonpf.solve.count": 3,
    "newtonpf.solve.total_sec": 0.003785986453294754,
    "newtonpf.update_voltage.avg_sec": 3.8279841343561806e-05,
    "newtonpf.update_voltage.count": 3,
    "newtonpf.update_voltage.total_sec": 0.00011483952403068542,
    "pq": "",
    "profile": "pypower",
    "pv": "",
    "repeat_idx": 1,
    "runpf.build_Sbus.avg_sec": 0.00012070126831531525,
    "runpf.build_Sbus.count": 1,
    "runpf.build_Sbus.total_sec": 0.00012070126831531525,
    "runpf.build_Ybus.avg_sec": 0.001368943601846695,
    "runpf.build_Ybus.count": 1,
    "runpf.build_Ybus.total_sec": 0.001368943601846695,
    "runpf.bus_indexing.avg_sec": 0.0010113995522260666,
    "runpf.bus_indexing.count": 1,
    "runpf.bus_indexing.total_sec": 0.0010113995522260666,
    "runpf.load_case_data.avg_sec": 0.0023914705961942673,
    "runpf.load_case_data.count": 1,
    "runpf.load_case_data.total_sec": 0.0023914705961942673,
    "runpf.newtonpf.avg_sec": 0.011431882157921791,
    "runpf.newtonpf.count": 1,
    "runpf.newtonpf.total_sec": 0.011431882157921791,
    "solve_sec": 0.011431882157921791,
    "source_profile": "pypower",
    "success": true
  },
  "timing_entries": [
    {
      "elapsed_sec": 0.0023914705961942673,
      "iter_idx": 0,
      "op_name": "load_case_data",
      "tag": "runpf"
    },
    {
      "elapsed_sec": 0.0010113995522260666,
      "iter_idx": 0,
      "op_name": "bus_indexing",
      "tag": "runpf"
    },
    {
      "elapsed_sec": 0.001368943601846695,
      "iter_idx": 0,
      "op_name": "build_Ybus",
      "tag": "runpf"
    },
    {
      "elapsed_sec": 0.00012070126831531525,
      "iter_idx": 0,
      "op_name": "build_Sbus",
      "tag": "runpf"
    },
    {
      "elapsed_sec": 1.158006489276886e-05,
      "iter_idx": 0,
      "op_name": "init_index",
      "tag": "newtonpf"
    },
    {
      "elapsed_sec": 3.489106893539429e-05,
      "iter_idx": 0,
      "op_name": "mismatch",
      "tag": "newtonpf"
    },
    {
      "elapsed_sec": 0.0023956652730703354,
      "iter_idx": 1,
      "op_name": "jacobian",
      "tag": "newtonpf"
    },
    {
      "elapsed_sec": 0.001265762373805046,
      "iter_idx": 1,
      "op_name": "solve",
      "tag": "newtonpf"
    },
    {
      "elapsed_sec": 3.82792204618454e-05,
      "iter_idx": 1,
      "op_name": "update_voltage",
      "tag": "newtonpf"
    },
    {
      "elapsed_sec": 4.58788126707077e-05,
      "iter_idx": 1,
      "op_name": "mismatch",
      "tag": "newtonpf"
    },
    {
      "elapsed_sec": 0.0024553555995225906,
      "iter_idx": 2,
      "op_name": "jacobian",
      "tag": "newtonpf"
    },
    {
      "elapsed_sec": 0.0012692417949438095,
      "iter_idx": 2,
      "op_name": "solve",
      "tag": "newtonpf"
    },
    {
      "elapsed_sec": 3.817118704319e-05,
      "iter_idx": 2,
      "op_name": "update_voltage",
      "tag": "newtonpf"
    },
    {
      "elapsed_sec": 4.58303838968277e-05,
      "iter_idx": 2,
      "op_name": "mismatch",
      "tag": "newtonpf"
    },
    {
      "elapsed_sec": 0.00243278406560421,
      "iter_idx": 3,
      "op_name": "jacobian",
      "tag": "newtonpf"
    },
    {
      "elapsed_sec": 0.0012509822845458984,
      "iter_idx": 3,
      "op_name": "solve",
      "tag": "newtonpf"
    },
    {
      "elapsed_sec": 3.8389116525650024e-05,
      "iter_idx": 3,
      "op_name": "update_voltage",
      "tag": "newtonpf"
    },
    {
      "elapsed_sec": 4.602968692779541e-05,
      "iter_idx": 3,
      "op_name": "mismatch",
      "tag": "newtonpf"
    },
    {
      "elapsed_sec": 0.011431882157921791,
      "iter_idx": 0,
      "op_name": "newtonpf",
      "tag": "runpf"
    }
  ]
}
