{
  "summary": {
    "analyze_sec": "",
    "backend": "python",
    "buses": "",
    "case_name": "case_ACTIVSg500",
    "case_stem": "pglib_opf_case_ACTIVSg500",
    "compute": "fp64",
    "dump_case_name": "",
    "elapsed_sec": 0.013998595997691154,
    "final_mismatch": 3.471928421412708e-11,
    "implementation": "pypower",
    "iterations": 3,
    "jacobian": "pypower",
    "max_abs_v_delta_from_v0": "",
    "measurement_mode": "operators",
    "newtonpf.init_index.avg_sec": 1.1799857020378113e-05,
    "newtonpf.init_index.count": 1,
    "newtonpf.init_index.total_sec": 1.1799857020378113e-05,
    "newtonpf.jacobian.avg_sec": 0.002445791537563006,
    "newtonpf.jacobian.count": 3,
    "newtonpf.jacobian.total_sec": 0.007337374612689018,
    "newtonpf.mismatch.avg_sec": 4.319380968809128e-05,
    "newtonpf.mismatch.count": 4,
    "newtonpf.mismatch.total_sec": 0.0001727752387523651,
    "newtonpf.solve.avg_sec": 0.0012504160404205322,
    "newtonpf.solve.count": 3,
    "newtonpf.solve.total_sec": 0.0037512481212615967,
    "newtonpf.update_voltage.avg_sec": 3.823389609654745e-05,
    "newtonpf.update_voltage.count": 3,
    "newtonpf.update_voltage.total_sec": 0.00011470168828964233,
    "pq": "",
    "profile": "pypower",
    "pv": "",
    "repeat_idx": 6,
    "runpf.build_Sbus.avg_sec": 0.00012111105024814606,
    "runpf.build_Sbus.count": 1,
    "runpf.build_Sbus.total_sec": 0.00012111105024814606,
    "runpf.build_Ybus.avg_sec": 0.001361701637506485,
    "runpf.build_Ybus.count": 1,
    "runpf.build_Ybus.total_sec": 0.001361701637506485,
    "runpf.bus_indexing.avg_sec": 0.0010104719549417496,
    "runpf.bus_indexing.count": 1,
    "runpf.bus_indexing.total_sec": 0.0010104719549417496,
    "runpf.load_case_data.avg_sec": 0.0023745354264974594,
    "runpf.load_case_data.count": 1,
    "runpf.load_case_data.total_sec": 0.0023745354264974594,
    "runpf.newtonpf.avg_sec": 0.011450761929154396,
    "runpf.newtonpf.count": 1,
    "runpf.newtonpf.total_sec": 0.011450761929154396,
    "solve_sec": 0.011450761929154396,
    "source_profile": "pypower",
    "success": true
  },
  "timing_entries": [
    {
      "elapsed_sec": 0.0023745354264974594,
      "iter_idx": 0,
      "op_name": "load_case_data",
      "tag": "runpf"
    },
    {
      "elapsed_sec": 0.0010104719549417496,
      "iter_idx": 0,
      "op_name": "bus_indexing",
      "tag": "runpf"
    },
    {
      "elapsed_sec": 0.001361701637506485,
      "iter_idx": 0,
      "op_name": "build_Ybus",
      "tag": "runpf"
    },
    {
      "elapsed_sec": 0.00012111105024814606,
      "iter_idx": 0,
      "op_name": "build_Sbus",
      "tag": "runpf"
    },
    {
      "elapsed_sec": 1.1799857020378113e-05,
      "iter_idx": 0,
      "op_name": "init_index",
      "tag": "newtonpf"
    },
    {
      "elapsed_sec": 3.4308061003685e-05,
      "iter_idx": 0,
      "op_name": "mismatch",
      "tag": "newtonpf"
    },
    {
      "elapsed_sec": 0.0024039652198553085,
      "iter_idx": 1,
      "op_name": "jacobian",
      "tag": "newtonpf"
    },
    {
      "elapsed_sec": 0.001259535551071167,
      "iter_idx": 1,
      "op_name": "solve",
      "tag": "newtonpf"
    },
    {
      "elapsed_sec": 3.8120895624160767e-05,
      "iter_idx": 1,
      "op_name": "update_voltage",
      "tag": "newtonpf"
    },
    {
      "elapsed_sec": 4.581920802593231e-05,
      "iter_idx": 1,
      "op_name": "mismatch",
      "tag": "newtonpf"
    },
    {
      "elapsed_sec": 0.00246613472700119,
      "iter_idx": 2,
      "op_name": "jacobian",
      "tag": "newtonpf"
    },
    {
      "elapsed_sec": 0.0012569110840559006,
      "iter_idx": 2,
      "op_name": "solve",
      "tag": "newtonpf"
    },
    {
      "elapsed_sec": 3.851950168609619e-05,
      "iter_idx": 2,
      "op_name": "update_voltage",
      "tag": "newtonpf"
    },
    {
      "elapsed_sec": 4.632771015167236e-05,
      "iter_idx": 2,
      "op_name": "mismatch",
      "tag": "newtonpf"
    },
    {
      "elapsed_sec": 0.0024672746658325195,
      "iter_idx": 3,
      "op_name": "jacobian",
      "tag": "newtonpf"
    },
    {
      "elapsed_sec": 0.0012348014861345291,
      "iter_idx": 3,
      "op_name": "solve",
      "tag": "newtonpf"
    },
    {
      "elapsed_sec": 3.8061290979385376e-05,
      "iter_idx": 3,
      "op_name": "update_voltage",
      "tag": "newtonpf"
    },
    {
      "elapsed_sec": 4.632025957107544e-05,
      "iter_idx": 3,
      "op_name": "mismatch",
      "tag": "newtonpf"
    },
    {
      "elapsed_sec": 0.011450761929154396,
      "iter_idx": 0,
      "op_name": "newtonpf",
      "tag": "runpf"
    }
  ]
}
