{
  "summary": {
    "analyze_sec": "",
    "backend": "python",
    "buses": "",
    "case_name": "case_ACTIVSg500",
    "case_stem": "pglib_opf_case_ACTIVSg500",
    "compute": "fp64",
    "dump_case_name": "",
    "elapsed_sec": 0.014195898547768593,
    "final_mismatch": 3.471928421412708e-11,
    "implementation": "pypower",
    "iterations": 3,
    "jacobian": "pypower",
    "max_abs_v_delta_from_v0": "",
    "measurement_mode": "operators",
    "newtonpf.init_index.avg_sec": 1.1708587408065796e-05,
    "newtonpf.init_index.count": 1,
    "newtonpf.init_index.total_sec": 1.1708587408065796e-05,
    "newtonpf.jacobian.avg_sec": 0.0024528447538614273,
    "newtonpf.jacobian.count": 3,
    "newtonpf.jacobian.total_sec": 0.007358534261584282,
    "newtonpf.mismatch.avg_sec": 4.57223504781723e-05,
    "newtonpf.mismatch.count": 4,
    "newtonpf.mismatch.total_sec": 0.0001828894019126892,
    "newtonpf.solve.avg_sec": 0.0012833991398413975,
    "newtonpf.solve.count": 3,
    "newtonpf.solve.total_sec": 0.003850197419524193,
    "newtonpf.update_voltage.avg_sec": 3.9089471101760864e-05,
    "newtonpf.update_voltage.count": 3,
    "newtonpf.update_voltage.total_sec": 0.00011726841330528259,
    "pq": "",
    "profile": "pypower",
    "pv": "",
    "repeat_idx": 3,
    "runpf.build_Sbus.avg_sec": 0.00013382360339164734,
    "runpf.build_Sbus.count": 1,
    "runpf.build_Sbus.total_sec": 0.00013382360339164734,
    "runpf.build_Ybus.avg_sec": 0.0013869013637304306,
    "runpf.build_Ybus.count": 1,
    "runpf.build_Ybus.total_sec": 0.0013869013637304306,
    "runpf.bus_indexing.avg_sec": 0.0010181926190853119,
    "runpf.bus_indexing.count": 1,
    "runpf.bus_indexing.total_sec": 0.0010181926190853119,
    "runpf.load_case_data.avg_sec": 0.002375194802880287,
    "runpf.load_case_data.count": 1,
    "runpf.load_case_data.total_sec": 0.002375194802880287,
    "runpf.newtonpf.avg_sec": 0.011583974584937096,
    "runpf.newtonpf.count": 1,
    "runpf.newtonpf.total_sec": 0.011583974584937096,
    "solve_sec": 0.011583974584937096,
    "source_profile": "pypower",
    "success": true
  },
  "timing_entries": [
    {
      "elapsed_sec": 0.002375194802880287,
      "iter_idx": 0,
      "op_name": "load_case_data",
      "tag": "runpf"
    },
    {
      "elapsed_sec": 0.0010181926190853119,
      "iter_idx": 0,
      "op_name": "bus_indexing",
      "tag": "runpf"
    },
    {
      "elapsed_sec": 0.0013869013637304306,
      "iter_idx": 0,
      "op_name": "build_Ybus",
      "tag": "runpf"
    },
    {
      "elapsed_sec": 0.00013382360339164734,
      "iter_idx": 0,
      "op_name": "build_Sbus",
      "tag": "runpf"
    },
    {
      "elapsed_sec": 1.1708587408065796e-05,
      "iter_idx": 0,
      "op_name": "init_index",
      "tag": "newtonpf"
    },
    {
      "elapsed_sec": 3.463961184024811e-05,
      "iter_idx": 0,
      "op_name": "mismatch",
      "tag": "newtonpf"
    },
    {
      "elapsed_sec": 0.0024104248732328415,
      "iter_idx": 1,
      "op_name": "jacobian",
      "tag": "newtonpf"
    },
    {
      "elapsed_sec": 0.0012917611747980118,
      "iter_idx": 1,
      "op_name": "solve",
      "tag": "newtonpf"
    },
    {
      "elapsed_sec": 4.0650367736816406e-05,
      "iter_idx": 1,
      "op_name": "update_voltage",
      "tag": "newtonpf"
    },
    {
      "elapsed_sec": 5.5519863963127136e-05,
      "iter_idx": 1,
      "op_name": "mismatch",
      "tag": "newtonpf"
    },
    {
      "elapsed_sec": 0.002465575933456421,
      "iter_idx": 2,
      "op_name": "jacobian",
      "tag": "newtonpf"
    },
    {
      "elapsed_sec": 0.0012858528643846512,
      "iter_idx": 2,
      "op_name": "solve",
      "tag": "newtonpf"
    },
    {
      "elapsed_sec": 3.8409605622291565e-05,
      "iter_idx": 2,
      "op_name": "update_voltage",
      "tag": "newtonpf"
    },
    {
      "elapsed_sec": 4.583969712257385e-05,
      "iter_idx": 2,
      "op_name": "mismatch",
      "tag": "newtonpf"
    },
    {
      "elapsed_sec": 0.0024825334548950195,
      "iter_idx": 3,
      "op_name": "jacobian",
      "tag": "newtonpf"
    },
    {
      "elapsed_sec": 0.0012725833803415298,
      "iter_idx": 3,
      "op_name": "solve",
      "tag": "newtonpf"
    },
    {
      "elapsed_sec": 3.820843994617462e-05,
      "iter_idx": 3,
      "op_name": "update_voltage",
      "tag": "newtonpf"
    },
    {
      "elapsed_sec": 4.689022898674011e-05,
      "iter_idx": 3,
      "op_name": "mismatch",
      "tag": "newtonpf"
    },
    {
      "elapsed_sec": 0.011583974584937096,
      "iter_idx": 0,
      "op_name": "newtonpf",
      "tag": "runpf"
    }
  ]
}
