{
  "summary": {
    "analyze_sec": "",
    "backend": "python",
    "buses": "",
    "case_name": "case_ACTIVSg500",
    "case_stem": "pglib_opf_case_ACTIVSg500",
    "compute": "fp64",
    "dump_case_name": "",
    "elapsed_sec": 0.014181926846504211,
    "final_mismatch": 3.471928421412708e-11,
    "implementation": "pypower",
    "iterations": 3,
    "jacobian": "pypower",
    "max_abs_v_delta_from_v0": "",
    "measurement_mode": "operators",
    "newtonpf.init_index.avg_sec": 1.1732801795005798e-05,
    "newtonpf.init_index.count": 1,
    "newtonpf.init_index.total_sec": 1.1732801795005798e-05,
    "newtonpf.jacobian.avg_sec": 0.0024636592715978622,
    "newtonpf.jacobian.count": 3,
    "newtonpf.jacobian.total_sec": 0.007390977814793587,
    "newtonpf.mismatch.avg_sec": 4.325713962316513e-05,
    "newtonpf.mismatch.count": 4,
    "newtonpf.mismatch.total_sec": 0.00017302855849266052,
    "newtonpf.solve.avg_sec": 0.0012824318061272304,
    "newtonpf.solve.count": 3,
    "newtonpf.solve.total_sec": 0.003847295418381691,
    "newtonpf.update_voltage.avg_sec": 3.8084263602892556e-05,
    "newtonpf.update_voltage.count": 3,
    "newtonpf.update_voltage.total_sec": 0.00011425279080867767,
    "pq": "",
    "profile": "pypower",
    "pv": "",
    "repeat_idx": 2,
    "runpf.build_Sbus.avg_sec": 0.00012077949941158295,
    "runpf.build_Sbus.count": 1,
    "runpf.build_Sbus.total_sec": 0.00012077949941158295,
    "runpf.build_Ybus.avg_sec": 0.001374201849102974,
    "runpf.build_Ybus.count": 1,
    "runpf.build_Ybus.total_sec": 0.001374201849102974,
    "runpf.bus_indexing.avg_sec": 0.0010038428008556366,
    "runpf.bus_indexing.count": 1,
    "runpf.bus_indexing.total_sec": 0.0010038428008556366,
    "runpf.load_case_data.avg_sec": 0.0023830533027648926,
    "runpf.load_case_data.count": 1,
    "runpf.load_case_data.total_sec": 0.0023830533027648926,
    "runpf.newtonpf.avg_sec": 0.01159980334341526,
    "runpf.newtonpf.count": 1,
    "runpf.newtonpf.total_sec": 0.01159980334341526,
    "solve_sec": 0.01159980334341526,
    "source_profile": "pypower",
    "success": true
  },
  "timing_entries": [
    {
      "elapsed_sec": 0.0023830533027648926,
      "iter_idx": 0,
      "op_name": "load_case_data",
      "tag": "runpf"
    },
    {
      "elapsed_sec": 0.0010038428008556366,
      "iter_idx": 0,
      "op_name": "bus_indexing",
      "tag": "runpf"
    },
    {
      "elapsed_sec": 0.001374201849102974,
      "iter_idx": 0,
      "op_name": "build_Ybus",
      "tag": "runpf"
    },
    {
      "elapsed_sec": 0.00012077949941158295,
      "iter_idx": 0,
      "op_name": "build_Sbus",
      "tag": "runpf"
    },
    {
      "elapsed_sec": 1.1732801795005798e-05,
      "iter_idx": 0,
      "op_name": "init_index",
      "tag": "newtonpf"
    },
    {
      "elapsed_sec": 3.539957106113434e-05,
      "iter_idx": 0,
      "op_name": "mismatch",
      "tag": "newtonpf"
    },
    {
      "elapsed_sec": 0.002411404624581337,
      "iter_idx": 1,
      "op_name": "jacobian",
      "tag": "newtonpf"
    },
    {
      "elapsed_sec": 0.0012817028909921646,
      "iter_idx": 1,
      "op_name": "solve",
      "tag": "newtonpf"
    },
    {
      "elapsed_sec": 3.810971975326538e-05,
      "iter_idx": 1,
      "op_name": "update_voltage",
      "tag": "newtonpf"
    },
    {
      "elapsed_sec": 4.577077925205231e-05,
      "iter_idx": 1,
      "op_name": "mismatch",
      "tag": "newtonpf"
    },
    {
      "elapsed_sec": 0.002499796450138092,
      "iter_idx": 2,
      "op_name": "jacobian",
      "tag": "newtonpf"
    },
    {
      "elapsed_sec": 0.0012872330844402313,
      "iter_idx": 2,
      "op_name": "solve",
      "tag": "newtonpf"
    },
    {
      "elapsed_sec": 3.783032298088074e-05,
      "iter_idx": 2,
      "op_name": "update_voltage",
      "tag": "newtonpf"
    },
    {
      "elapsed_sec": 4.610978066921234e-05,
      "iter_idx": 2,
      "op_name": "mismatch",
      "tag": "newtonpf"
    },
    {
      "elapsed_sec": 0.0024797767400741577,
      "iter_idx": 3,
      "op_name": "jacobian",
      "tag": "newtonpf"
    },
    {
      "elapsed_sec": 0.001278359442949295,
      "iter_idx": 3,
      "op_name": "solve",
      "tag": "newtonpf"
    },
    {
      "elapsed_sec": 3.8312748074531555e-05,
      "iter_idx": 3,
      "op_name": "update_voltage",
      "tag": "newtonpf"
    },
    {
      "elapsed_sec": 4.5748427510261536e-05,
      "iter_idx": 3,
      "op_name": "mismatch",
      "tag": "newtonpf"
    },
    {
      "elapsed_sec": 0.01159980334341526,
      "iter_idx": 0,
      "op_name": "newtonpf",
      "tag": "runpf"
    }
  ]
}
