{
  "summary": {
    "analyze_sec": "",
    "backend": "python",
    "buses": "",
    "case_name": "case_ACTIVSg500",
    "case_stem": "pglib_opf_case_ACTIVSg500",
    "compute": "fp64",
    "dump_case_name": "",
    "elapsed_sec": 0.014033447951078415,
    "final_mismatch": 3.471928421412708e-11,
    "implementation": "pypower",
    "iterations": 3,
    "jacobian": "pypower",
    "max_abs_v_delta_from_v0": "",
    "measurement_mode": "operators",
    "newtonpf.init_index.avg_sec": 1.1527910828590393e-05,
    "newtonpf.init_index.count": 1,
    "newtonpf.init_index.total_sec": 1.1527910828590393e-05,
    "newtonpf.jacobian.avg_sec": 0.002438576892018318,
    "newtonpf.jacobian.count": 3,
    "newtonpf.jacobian.total_sec": 0.0073157306760549545,
    "newtonpf.mismatch.avg_sec": 4.3396372348070145e-05,
    "newtonpf.mismatch.count": 4,
    "newtonpf.mismatch.total_sec": 0.00017358548939228058,
    "newtonpf.solve.avg_sec": 0.0012612553934256236,
    "newtonpf.solve.count": 3,
    "newtonpf.solve.total_sec": 0.0037837661802768707,
    "newtonpf.update_voltage.avg_sec": 3.8563584287961326e-05,
    "newtonpf.update_voltage.count": 3,
    "newtonpf.update_voltage.total_sec": 0.00011569075286388397,
    "pq": "",
    "profile": "pypower",
    "pv": "",
    "repeat_idx": 9,
    "runpf.build_Sbus.avg_sec": 0.00012064911425113678,
    "runpf.build_Sbus.count": 1,
    "runpf.build_Sbus.total_sec": 0.00012064911425113678,
    "runpf.build_Ybus.avg_sec": 0.001367863267660141,
    "runpf.build_Ybus.count": 1,
    "runpf.build_Ybus.total_sec": 0.001367863267660141,
    "runpf.bus_indexing.avg_sec": 0.0010183528065681458,
    "runpf.bus_indexing.count": 1,
    "runpf.bus_indexing.total_sec": 0.0010183528065681458,
    "runpf.load_case_data.avg_sec": 0.0023476257920265198,
    "runpf.load_case_data.count": 1,
    "runpf.load_case_data.total_sec": 0.0023476257920265198,
    "runpf.newtonpf.avg_sec": 0.01146269217133522,
    "runpf.newtonpf.count": 1,
    "runpf.newtonpf.total_sec": 0.01146269217133522,
    "solve_sec": 0.01146269217133522,
    "source_profile": "pypower",
    "success": true
  },
  "timing_entries": [
    {
      "elapsed_sec": 0.0023476257920265198,
      "iter_idx": 0,
      "op_name": "load_case_data",
      "tag": "runpf"
    },
    {
      "elapsed_sec": 0.0010183528065681458,
      "iter_idx": 0,
      "op_name": "bus_indexing",
      "tag": "runpf"
    },
    {
      "elapsed_sec": 0.001367863267660141,
      "iter_idx": 0,
      "op_name": "build_Ybus",
      "tag": "runpf"
    },
    {
      "elapsed_sec": 0.00012064911425113678,
      "iter_idx": 0,
      "op_name": "build_Sbus",
      "tag": "runpf"
    },
    {
      "elapsed_sec": 1.1527910828590393e-05,
      "iter_idx": 0,
      "op_name": "init_index",
      "tag": "newtonpf"
    },
    {
      "elapsed_sec": 3.528036177158356e-05,
      "iter_idx": 0,
      "op_name": "mismatch",
      "tag": "newtonpf"
    },
    {
      "elapsed_sec": 0.0024099741131067276,
      "iter_idx": 1,
      "op_name": "jacobian",
      "tag": "newtonpf"
    },
    {
      "elapsed_sec": 0.0012604407966136932,
      "iter_idx": 1,
      "op_name": "solve",
      "tag": "newtonpf"
    },
    {
      "elapsed_sec": 3.865174949169159e-05,
      "iter_idx": 1,
      "op_name": "update_voltage",
      "tag": "newtonpf"
    },
    {
      "elapsed_sec": 4.5709311962127686e-05,
      "iter_idx": 1,
      "op_name": "mismatch",
      "tag": "newtonpf"
    },
    {
      "elapsed_sec": 0.0024491529911756516,
      "iter_idx": 2,
      "op_name": "jacobian",
      "tag": "newtonpf"
    },
    {
      "elapsed_sec": 0.0012629441916942596,
      "iter_idx": 2,
      "op_name": "solve",
      "tag": "newtonpf"
    },
    {
      "elapsed_sec": 3.866665065288544e-05,
      "iter_idx": 2,
      "op_name": "update_voltage",
      "tag": "newtonpf"
    },
    {
      "elapsed_sec": 4.618242383003235e-05,
      "iter_idx": 2,
      "op_name": "mismatch",
      "tag": "newtonpf"
    },
    {
      "elapsed_sec": 0.0024566035717725754,
      "iter_idx": 3,
      "op_name": "jacobian",
      "tag": "newtonpf"
    },
    {
      "elapsed_sec": 0.0012603811919689178,
      "iter_idx": 3,
      "op_name": "solve",
      "tag": "newtonpf"
    },
    {
      "elapsed_sec": 3.8372352719306946e-05,
      "iter_idx": 3,
      "op_name": "update_voltage",
      "tag": "newtonpf"
    },
    {
      "elapsed_sec": 4.641339182853699e-05,
      "iter_idx": 3,
      "op_name": "mismatch",
      "tag": "newtonpf"
    },
    {
      "elapsed_sec": 0.01146269217133522,
      "iter_idx": 0,
      "op_name": "newtonpf",
      "tag": "runpf"
    }
  ]
}
