matrix,group,solver,rows,cols,nnz,density,analysis_ms,factor_ms,solve_ms,berr,absolute_error,success,message
memplus,suitesparse,mysolver,17758,17758,126150,0.00040003606952254602,5.9291049999999998,2.8528479999999998,0.15088299999999999,8.0001689200270445e-16,1.1262297604937952e-11,true,ok (M0 klu-fallback)
rajat27,suitesparse,mysolver,20640,20640,99777,0.00023421303181900125,7.5123990000000003,3.5035590000000001,0.26233200000000001,1.5324443627516013e-05,3.0255200560694352e-05,true,ok (M0 klu-fallback)
wang3,suitesparse,mysolver,26064,26064,177168,0.00026079733468091574,11.640832,3369.3721989999999,9.8355420000000002,5.1467762404905937e-15,4.2705614992723623e-13,true,ok (M0 klu-fallback)
case30,matpower_nr,mysolver,53,53,361,0.12851548593805626,0.019487000000000001,0.015789000000000001,0.0012930000000000001,1.1076501024501186e-16,0,true,ok (M0 klu-fallback)
case118,matpower_nr,mysolver,181,181,1051,0.032080827813558803,0.045866999999999998,0.038141000000000001,0.0030959999999999998,1.9561094058084915e-16,0,true,ok (M0 klu-fallback)
case1197,matpower_nr,mysolver,2392,2392,14344,0.0025069630093623113,0.22342899999999999,0.19830200000000001,0.019265999999999998,4.0747882276512917e-15,0,true,ok (M0 klu-fallback)
