{
  "summary": {
    "analyze_sec": "",
    "backend": "python",
    "buses": "",
    "case_name": "case_ACTIVSg2000",
    "case_stem": "pglib_opf_case_ACTIVSg2000",
    "compute": "fp64",
    "dump_case_name": "",
    "elapsed_sec": 0.03920936584472656,
    "final_mismatch": 1.0249396060157314e-09,
    "implementation": "pypower",
    "iterations": 3,
    "jacobian": "pypower",
    "max_abs_v_delta_from_v0": "",
    "measurement_mode": "operators",
    "newtonpf.init_index.avg_sec": 1.230090856552124e-05,
    "newtonpf.init_index.count": 1,
    "newtonpf.init_index.total_sec": 1.230090856552124e-05,
    "newtonpf.jacobian.avg_sec": 0.004352673888206482,
    "newtonpf.jacobian.count": 3,
    "newtonpf.jacobian.total_sec": 0.013058021664619446,
    "newtonpf.mismatch.avg_sec": 6.716279312968254e-05,
    "newtonpf.mismatch.count": 4,
    "newtonpf.mismatch.total_sec": 0.00026865117251873016,
    "newtonpf.solve.avg_sec": 0.006905057777961095,
    "newtonpf.solve.count": 3,
    "newtonpf.solve.total_sec": 0.020715173333883286,
    "newtonpf.update_voltage.avg_sec": 0.0001034177839756012,
    "newtonpf.update_voltage.count": 3,
    "newtonpf.update_voltage.total_sec": 0.0003102533519268036,
    "pq": "",
    "profile": "pypower",
    "pv": "",
    "repeat_idx": 8,
    "runpf.build_Sbus.avg_sec": 0.00015913881361484528,
    "runpf.build_Sbus.count": 1,
    "runpf.build_Sbus.total_sec": 0.00015913881361484528,
    "runpf.build_Ybus.avg_sec": 0.0030743759125471115,
    "runpf.build_Ybus.count": 1,
    "runpf.build_Ybus.total_sec": 0.0030743759125471115,
    "runpf.bus_indexing.avg_sec": 0.0027797743678092957,
    "runpf.bus_indexing.count": 1,
    "runpf.bus_indexing.total_sec": 0.0027797743678092957,
    "runpf.load_case_data.avg_sec": 0.008865796029567719,
    "runpf.load_case_data.count": 1,
    "runpf.load_case_data.total_sec": 0.008865796029567719,
    "runpf.newtonpf.avg_sec": 0.03445806913077831,
    "runpf.newtonpf.count": 1,
    "runpf.newtonpf.total_sec": 0.03445806913077831,
    "solve_sec": 0.03445806913077831,
    "source_profile": "pypower",
    "success": true
  },
  "timing_entries": [
    {
      "elapsed_sec": 0.008865796029567719,
      "iter_idx": 0,
      "op_name": "load_case_data",
      "tag": "runpf"
    },
    {
      "elapsed_sec": 0.0027797743678092957,
      "iter_idx": 0,
      "op_name": "bus_indexing",
      "tag": "runpf"
    },
    {
      "elapsed_sec": 0.0030743759125471115,
      "iter_idx": 0,
      "op_name": "build_Ybus",
      "tag": "runpf"
    },
    {
      "elapsed_sec": 0.00015913881361484528,
      "iter_idx": 0,
      "op_name": "build_Sbus",
      "tag": "runpf"
    },
    {
      "elapsed_sec": 1.230090856552124e-05,
      "iter_idx": 0,
      "op_name": "init_index",
      "tag": "newtonpf"
    },
    {
      "elapsed_sec": 5.9159472584724426e-05,
      "iter_idx": 0,
      "op_name": "mismatch",
      "tag": "newtonpf"
    },
    {
      "elapsed_sec": 0.004307718947529793,
      "iter_idx": 1,
      "op_name": "jacobian",
      "tag": "newtonpf"
    },
    {
      "elapsed_sec": 0.006913201883435249,
      "iter_idx": 1,
      "op_name": "solve",
      "tag": "newtonpf"
    },
    {
      "elapsed_sec": 0.00010331161320209503,
      "iter_idx": 1,
      "op_name": "update_voltage",
      "tag": "newtonpf"
    },
    {
      "elapsed_sec": 6.995350122451782e-05,
      "iter_idx": 1,
      "op_name": "mismatch",
      "tag": "newtonpf"
    },
    {
      "elapsed_sec": 0.004478408023715019,
      "iter_idx": 2,
      "op_name": "jacobian",
      "tag": "newtonpf"
    },
    {
      "elapsed_sec": 0.006974976509809494,
      "iter_idx": 2,
      "op_name": "solve",
      "tag": "newtonpf"
    },
    {
      "elapsed_sec": 0.00010381080210208893,
      "iter_idx": 2,
      "op_name": "update_voltage",
      "tag": "newtonpf"
    },
    {
      "elapsed_sec": 7.07283616065979e-05,
      "iter_idx": 2,
      "op_name": "mismatch",
      "tag": "newtonpf"
    },
    {
      "elapsed_sec": 0.004271894693374634,
      "iter_idx": 3,
      "op_name": "jacobian",
      "tag": "newtonpf"
    },
    {
      "elapsed_sec": 0.006826994940638542,
      "iter_idx": 3,
      "op_name": "solve",
      "tag": "newtonpf"
    },
    {
      "elapsed_sec": 0.00010313093662261963,
      "iter_idx": 3,
      "op_name": "update_voltage",
      "tag": "newtonpf"
    },
    {
      "elapsed_sec": 6.880983710289001e-05,
      "iter_idx": 3,
      "op_name": "mismatch",
      "tag": "newtonpf"
    },
    {
      "elapsed_sec": 0.03445806913077831,
      "iter_idx": 0,
      "op_name": "newtonpf",
      "tag": "runpf"
    }
  ]
}
