{
  "summary": {
    "analyze_sec": "",
    "backend": "python",
    "buses": "",
    "case_name": "case_ACTIVSg2000",
    "case_stem": "pglib_opf_case_ACTIVSg2000",
    "compute": "fp64",
    "dump_case_name": "",
    "elapsed_sec": 0.03899430297315121,
    "final_mismatch": 1.0249396060157314e-09,
    "implementation": "pypower",
    "iterations": 3,
    "jacobian": "pypower",
    "max_abs_v_delta_from_v0": "",
    "measurement_mode": "operators",
    "newtonpf.init_index.avg_sec": 1.2880191206932068e-05,
    "newtonpf.init_index.count": 1,
    "newtonpf.init_index.total_sec": 1.2880191206932068e-05,
    "newtonpf.jacobian.avg_sec": 0.004330488542715709,
    "newtonpf.jacobian.count": 3,
    "newtonpf.jacobian.total_sec": 0.012991465628147125,
    "newtonpf.mismatch.avg_sec": 6.685592234134674e-05,
    "newtonpf.mismatch.count": 4,
    "newtonpf.mismatch.total_sec": 0.00026742368936538696,
    "newtonpf.solve.avg_sec": 0.0068532247096300125,
    "newtonpf.solve.count": 3,
    "newtonpf.solve.total_sec": 0.020559674128890038,
    "newtonpf.update_voltage.avg_sec": 0.00010437332093715668,
    "newtonpf.update_voltage.count": 3,
    "newtonpf.update_voltage.total_sec": 0.00031311996281147003,
    "pq": "",
    "profile": "pypower",
    "pv": "",
    "repeat_idx": 3,
    "runpf.build_Sbus.avg_sec": 0.00015889108180999756,
    "runpf.build_Sbus.count": 1,
    "runpf.build_Sbus.total_sec": 0.00015889108180999756,
    "runpf.build_Ybus.avg_sec": 0.003072226420044899,
    "runpf.build_Ybus.count": 1,
    "runpf.build_Ybus.total_sec": 0.003072226420044899,
    "runpf.bus_indexing.avg_sec": 0.0027600154280662537,
    "runpf.bus_indexing.count": 1,
    "runpf.bus_indexing.total_sec": 0.0027600154280662537,
    "runpf.load_case_data.avg_sec": 0.008752267807722092,
    "runpf.load_case_data.count": 1,
    "runpf.load_case_data.total_sec": 0.008752267807722092,
    "runpf.newtonpf.avg_sec": 0.034235505387187004,
    "runpf.newtonpf.count": 1,
    "runpf.newtonpf.total_sec": 0.034235505387187004,
    "solve_sec": 0.034235505387187004,
    "source_profile": "pypower",
    "success": true
  },
  "timing_entries": [
    {
      "elapsed_sec": 0.008752267807722092,
      "iter_idx": 0,
      "op_name": "load_case_data",
      "tag": "runpf"
    },
    {
      "elapsed_sec": 0.0027600154280662537,
      "iter_idx": 0,
      "op_name": "bus_indexing",
      "tag": "runpf"
    },
    {
      "elapsed_sec": 0.003072226420044899,
      "iter_idx": 0,
      "op_name": "build_Ybus",
      "tag": "runpf"
    },
    {
      "elapsed_sec": 0.00015889108180999756,
      "iter_idx": 0,
      "op_name": "build_Sbus",
      "tag": "runpf"
    },
    {
      "elapsed_sec": 1.2880191206932068e-05,
      "iter_idx": 0,
      "op_name": "init_index",
      "tag": "newtonpf"
    },
    {
      "elapsed_sec": 5.8982521295547485e-05,
      "iter_idx": 0,
      "op_name": "mismatch",
      "tag": "newtonpf"
    },
    {
      "elapsed_sec": 0.00424128957092762,
      "iter_idx": 1,
      "op_name": "jacobian",
      "tag": "newtonpf"
    },
    {
      "elapsed_sec": 0.006840040907263756,
      "iter_idx": 1,
      "op_name": "solve",
      "tag": "newtonpf"
    },
    {
      "elapsed_sec": 0.00010485947132110596,
      "iter_idx": 1,
      "op_name": "update_voltage",
      "tag": "newtonpf"
    },
    {
      "elapsed_sec": 6.902962923049927e-05,
      "iter_idx": 1,
      "op_name": "mismatch",
      "tag": "newtonpf"
    },
    {
      "elapsed_sec": 0.00448443740606308,
      "iter_idx": 2,
      "op_name": "jacobian",
      "tag": "newtonpf"
    },
    {
      "elapsed_sec": 0.006968341767787933,
      "iter_idx": 2,
      "op_name": "solve",
      "tag": "newtonpf"
    },
    {
      "elapsed_sec": 0.00010392069816589355,
      "iter_idx": 2,
      "op_name": "update_voltage",
      "tag": "newtonpf"
    },
    {
      "elapsed_sec": 7.004104554653168e-05,
      "iter_idx": 2,
      "op_name": "mismatch",
      "tag": "newtonpf"
    },
    {
      "elapsed_sec": 0.0042657386511564255,
      "iter_idx": 3,
      "op_name": "jacobian",
      "tag": "newtonpf"
    },
    {
      "elapsed_sec": 0.006751291453838348,
      "iter_idx": 3,
      "op_name": "solve",
      "tag": "newtonpf"
    },
    {
      "elapsed_sec": 0.00010433979332447052,
      "iter_idx": 3,
      "op_name": "update_voltage",
      "tag": "newtonpf"
    },
    {
      "elapsed_sec": 6.937049329280853e-05,
      "iter_idx": 3,
      "op_name": "mismatch",
      "tag": "newtonpf"
    },
    {
      "elapsed_sec": 0.034235505387187004,
      "iter_idx": 0,
      "op_name": "newtonpf",
      "tag": "runpf"
    }
  ]
}
