{
  "summary": {
    "analyze_sec": "",
    "backend": "python",
    "buses": "",
    "case_name": "case_ACTIVSg2000",
    "case_stem": "pglib_opf_case_ACTIVSg2000",
    "compute": "fp64",
    "dump_case_name": "",
    "elapsed_sec": 0.03906314633786678,
    "final_mismatch": 1.0249396060157314e-09,
    "implementation": "pypower",
    "iterations": 3,
    "jacobian": "pypower",
    "max_abs_v_delta_from_v0": "",
    "measurement_mode": "operators",
    "newtonpf.init_index.avg_sec": 1.2287870049476624e-05,
    "newtonpf.init_index.count": 1,
    "newtonpf.init_index.total_sec": 1.2287870049476624e-05,
    "newtonpf.jacobian.avg_sec": 0.004323915267984073,
    "newtonpf.jacobian.count": 3,
    "newtonpf.jacobian.total_sec": 0.012971745803952217,
    "newtonpf.mismatch.avg_sec": 6.655743345618248e-05,
    "newtonpf.mismatch.count": 4,
    "newtonpf.mismatch.total_sec": 0.0002662297338247299,
    "newtonpf.solve.avg_sec": 0.006903049846490224,
    "newtonpf.solve.count": 3,
    "newtonpf.solve.total_sec": 0.020709149539470673,
    "newtonpf.update_voltage.avg_sec": 0.00010354009767373402,
    "newtonpf.update_voltage.count": 3,
    "newtonpf.update_voltage.total_sec": 0.0003106202930212021,
    "pq": "",
    "profile": "pypower",
    "pv": "",
    "repeat_idx": 0,
    "runpf.build_Sbus.avg_sec": 0.0001579001545906067,
    "runpf.build_Sbus.count": 1,
    "runpf.build_Sbus.total_sec": 0.0001579001545906067,
    "runpf.build_Ybus.avg_sec": 0.0030387453734874725,
    "runpf.build_Ybus.count": 1,
    "runpf.build_Ybus.total_sec": 0.0030387453734874725,
    "runpf.bus_indexing.avg_sec": 0.0027600638568401337,
    "runpf.bus_indexing.count": 1,
    "runpf.bus_indexing.total_sec": 0.0027600638568401337,
    "runpf.load_case_data.avg_sec": 0.0088291484862566,
    "runpf.load_case_data.count": 1,
    "runpf.load_case_data.total_sec": 0.0088291484862566,
    "runpf.newtonpf.avg_sec": 0.03436192311346531,
    "runpf.newtonpf.count": 1,
    "runpf.newtonpf.total_sec": 0.03436192311346531,
    "solve_sec": 0.03436192311346531,
    "source_profile": "pypower",
    "success": true
  },
  "timing_entries": [
    {
      "elapsed_sec": 0.0088291484862566,
      "iter_idx": 0,
      "op_name": "load_case_data",
      "tag": "runpf"
    },
    {
      "elapsed_sec": 0.0027600638568401337,
      "iter_idx": 0,
      "op_name": "bus_indexing",
      "tag": "runpf"
    },
    {
      "elapsed_sec": 0.0030387453734874725,
      "iter_idx": 0,
      "op_name": "build_Ybus",
      "tag": "runpf"
    },
    {
      "elapsed_sec": 0.0001579001545906067,
      "iter_idx": 0,
      "op_name": "build_Sbus",
      "tag": "runpf"
    },
    {
      "elapsed_sec": 1.2287870049476624e-05,
      "iter_idx": 0,
      "op_name": "init_index",
      "tag": "newtonpf"
    },
    {
      "elapsed_sec": 5.7719647884368896e-05,
      "iter_idx": 0,
      "op_name": "mismatch",
      "tag": "newtonpf"
    },
    {
      "elapsed_sec": 0.004285408183932304,
      "iter_idx": 1,
      "op_name": "jacobian",
      "tag": "newtonpf"
    },
    {
      "elapsed_sec": 0.006848042830824852,
      "iter_idx": 1,
      "op_name": "solve",
      "tag": "newtonpf"
    },
    {
      "elapsed_sec": 0.0001032613217830658,
      "iter_idx": 1,
      "op_name": "update_voltage",
      "tag": "newtonpf"
    },
    {
      "elapsed_sec": 6.939098238945007e-05,
      "iter_idx": 1,
      "op_name": "mismatch",
      "tag": "newtonpf"
    },
    {
      "elapsed_sec": 0.004422958940267563,
      "iter_idx": 2,
      "op_name": "jacobian",
      "tag": "newtonpf"
    },
    {
      "elapsed_sec": 0.006985103711485863,
      "iter_idx": 2,
      "op_name": "solve",
      "tag": "newtonpf"
    },
    {
      "elapsed_sec": 0.00010361894965171814,
      "iter_idx": 2,
      "op_name": "update_voltage",
      "tag": "newtonpf"
    },
    {
      "elapsed_sec": 7.016956806182861e-05,
      "iter_idx": 2,
      "op_name": "mismatch",
      "tag": "newtonpf"
    },
    {
      "elapsed_sec": 0.00426337867975235,
      "iter_idx": 3,
      "op_name": "jacobian",
      "tag": "newtonpf"
    },
    {
      "elapsed_sec": 0.006876002997159958,
      "iter_idx": 3,
      "op_name": "solve",
      "tag": "newtonpf"
    },
    {
      "elapsed_sec": 0.00010374002158641815,
      "iter_idx": 3,
      "op_name": "update_voltage",
      "tag": "newtonpf"
    },
    {
      "elapsed_sec": 6.894953548908234e-05,
      "iter_idx": 3,
      "op_name": "mismatch",
      "tag": "newtonpf"
    },
    {
      "elapsed_sec": 0.03436192311346531,
      "iter_idx": 0,
      "op_name": "newtonpf",
      "tag": "runpf"
    }
  ]
}
