{
  "summary": {
    "analyze_sec": "",
    "backend": "python",
    "buses": "",
    "case_name": "case_ACTIVSg2000",
    "case_stem": "pglib_opf_case_ACTIVSg2000",
    "compute": "fp64",
    "dump_case_name": "",
    "elapsed_sec": 0.03909114748239517,
    "final_mismatch": 1.0249396060157314e-09,
    "implementation": "pypower",
    "iterations": 3,
    "jacobian": "pypower",
    "max_abs_v_delta_from_v0": "",
    "measurement_mode": "operators",
    "newtonpf.init_index.avg_sec": 1.2770295143127441e-05,
    "newtonpf.init_index.count": 1,
    "newtonpf.init_index.total_sec": 1.2770295143127441e-05,
    "newtonpf.jacobian.avg_sec": 0.004304731264710426,
    "newtonpf.jacobian.count": 3,
    "newtonpf.jacobian.total_sec": 0.012914193794131279,
    "newtonpf.mismatch.avg_sec": 6.712041795253754e-05,
    "newtonpf.mismatch.count": 4,
    "newtonpf.mismatch.total_sec": 0.00026848167181015015,
    "newtonpf.solve.avg_sec": 0.006918702895442645,
    "newtonpf.solve.count": 3,
    "newtonpf.solve.total_sec": 0.020756108686327934,
    "newtonpf.update_voltage.avg_sec": 0.00010562253495057423,
    "newtonpf.update_voltage.count": 3,
    "newtonpf.update_voltage.total_sec": 0.0003168676048517227,
    "pq": "",
    "profile": "pypower",
    "pv": "",
    "repeat_idx": 5,
    "runpf.build_Sbus.avg_sec": 0.0001568719744682312,
    "runpf.build_Sbus.count": 1,
    "runpf.build_Sbus.total_sec": 0.0001568719744682312,
    "runpf.build_Ybus.avg_sec": 0.0030267462134361267,
    "runpf.build_Ybus.count": 1,
    "runpf.build_Ybus.total_sec": 0.0030267462134361267,
    "runpf.bus_indexing.avg_sec": 0.0027646347880363464,
    "runpf.bus_indexing.count": 1,
    "runpf.bus_indexing.total_sec": 0.0027646347880363464,
    "runpf.load_case_data.avg_sec": 0.008786967024207115,
    "runpf.load_case_data.count": 1,
    "runpf.load_case_data.total_sec": 0.008786967024207115,
    "runpf.newtonpf.avg_sec": 0.03435954637825489,
    "runpf.newtonpf.count": 1,
    "runpf.newtonpf.total_sec": 0.03435954637825489,
    "solve_sec": 0.03435954637825489,
    "source_profile": "pypower",
    "success": true
  },
  "timing_entries": [
    {
      "elapsed_sec": 0.008786967024207115,
      "iter_idx": 0,
      "op_name": "load_case_data",
      "tag": "runpf"
    },
    {
      "elapsed_sec": 0.0027646347880363464,
      "iter_idx": 0,
      "op_name": "bus_indexing",
      "tag": "runpf"
    },
    {
      "elapsed_sec": 0.0030267462134361267,
      "iter_idx": 0,
      "op_name": "build_Ybus",
      "tag": "runpf"
    },
    {
      "elapsed_sec": 0.0001568719744682312,
      "iter_idx": 0,
      "op_name": "build_Sbus",
      "tag": "runpf"
    },
    {
      "elapsed_sec": 1.2770295143127441e-05,
      "iter_idx": 0,
      "op_name": "init_index",
      "tag": "newtonpf"
    },
    {
      "elapsed_sec": 6.050989031791687e-05,
      "iter_idx": 0,
      "op_name": "mismatch",
      "tag": "newtonpf"
    },
    {
      "elapsed_sec": 0.0042109377682209015,
      "iter_idx": 1,
      "op_name": "jacobian",
      "tag": "newtonpf"
    },
    {
      "elapsed_sec": 0.006837502121925354,
      "iter_idx": 1,
      "op_name": "solve",
      "tag": "newtonpf"
    },
    {
      "elapsed_sec": 0.00010349974036216736,
      "iter_idx": 1,
      "op_name": "update_voltage",
      "tag": "newtonpf"
    },
    {
      "elapsed_sec": 6.928108632564545e-05,
      "iter_idx": 1,
      "op_name": "mismatch",
      "tag": "newtonpf"
    },
    {
      "elapsed_sec": 0.004425147548317909,
      "iter_idx": 2,
      "op_name": "jacobian",
      "tag": "newtonpf"
    },
    {
      "elapsed_sec": 0.006926354020833969,
      "iter_idx": 2,
      "op_name": "solve",
      "tag": "newtonpf"
    },
    {
      "elapsed_sec": 0.00010985881090164185,
      "iter_idx": 2,
      "op_name": "update_voltage",
      "tag": "newtonpf"
    },
    {
      "elapsed_sec": 6.865896284580231e-05,
      "iter_idx": 2,
      "op_name": "mismatch",
      "tag": "newtonpf"
    },
    {
      "elapsed_sec": 0.004278108477592468,
      "iter_idx": 3,
      "op_name": "jacobian",
      "tag": "newtonpf"
    },
    {
      "elapsed_sec": 0.006992252543568611,
      "iter_idx": 3,
      "op_name": "solve",
      "tag": "newtonpf"
    },
    {
      "elapsed_sec": 0.00010350905358791351,
      "iter_idx": 3,
      "op_name": "update_voltage",
      "tag": "newtonpf"
    },
    {
      "elapsed_sec": 7.003173232078552e-05,
      "iter_idx": 3,
      "op_name": "mismatch",
      "tag": "newtonpf"
    },
    {
      "elapsed_sec": 0.03435954637825489,
      "iter_idx": 0,
      "op_name": "newtonpf",
      "tag": "runpf"
    }
  ]
}
