{
  "summary": {
    "analyze_sec": "",
    "backend": "python",
    "buses": "",
    "case_name": "case_ACTIVSg2000",
    "case_stem": "pglib_opf_case_ACTIVSg2000",
    "compute": "fp64",
    "dump_case_name": "",
    "elapsed_sec": 0.03913292661309242,
    "final_mismatch": 1.0249396060157314e-09,
    "implementation": "pypower",
    "iterations": 3,
    "jacobian": "pypower",
    "max_abs_v_delta_from_v0": "",
    "measurement_mode": "operators",
    "newtonpf.init_index.avg_sec": 1.2699514627456665e-05,
    "newtonpf.init_index.count": 1,
    "newtonpf.init_index.total_sec": 1.2699514627456665e-05,
    "newtonpf.jacobian.avg_sec": 0.004333425313234329,
    "newtonpf.jacobian.count": 3,
    "newtonpf.jacobian.total_sec": 0.013000275939702988,
    "newtonpf.mismatch.avg_sec": 6.673531606793404e-05,
    "newtonpf.mismatch.count": 4,
    "newtonpf.mismatch.total_sec": 0.00026694126427173615,
    "newtonpf.solve.avg_sec": 0.006899131461977959,
    "newtonpf.solve.count": 3,
    "newtonpf.solve.total_sec": 0.020697394385933876,
    "newtonpf.update_voltage.avg_sec": 0.00010380086799462636,
    "newtonpf.update_voltage.count": 3,
    "newtonpf.update_voltage.total_sec": 0.0003114026039838791,
    "pq": "",
    "profile": "pypower",
    "pv": "",
    "repeat_idx": 1,
    "runpf.build_Sbus.avg_sec": 0.00015613995492458344,
    "runpf.build_Sbus.count": 1,
    "runpf.build_Sbus.total_sec": 0.00015613995492458344,
    "runpf.build_Ybus.avg_sec": 0.0030374042689800262,
    "runpf.build_Ybus.count": 1,
    "runpf.build_Ybus.total_sec": 0.0030374042689800262,
    "runpf.bus_indexing.avg_sec": 0.0027828961610794067,
    "runpf.bus_indexing.count": 1,
    "runpf.bus_indexing.total_sec": 0.0027828961610794067,
    "runpf.load_case_data.avg_sec": 0.008853066712617874,
    "runpf.load_case_data.count": 1,
    "runpf.load_case_data.total_sec": 0.008853066712617874,
    "runpf.newtonpf.avg_sec": 0.034379176795482635,
    "runpf.newtonpf.count": 1,
    "runpf.newtonpf.total_sec": 0.034379176795482635,
    "solve_sec": 0.034379176795482635,
    "source_profile": "pypower",
    "success": true
  },
  "timing_entries": [
    {
      "elapsed_sec": 0.008853066712617874,
      "iter_idx": 0,
      "op_name": "load_case_data",
      "tag": "runpf"
    },
    {
      "elapsed_sec": 0.0027828961610794067,
      "iter_idx": 0,
      "op_name": "bus_indexing",
      "tag": "runpf"
    },
    {
      "elapsed_sec": 0.0030374042689800262,
      "iter_idx": 0,
      "op_name": "build_Ybus",
      "tag": "runpf"
    },
    {
      "elapsed_sec": 0.00015613995492458344,
      "iter_idx": 0,
      "op_name": "build_Sbus",
      "tag": "runpf"
    },
    {
      "elapsed_sec": 1.2699514627456665e-05,
      "iter_idx": 0,
      "op_name": "init_index",
      "tag": "newtonpf"
    },
    {
      "elapsed_sec": 5.8980658650398254e-05,
      "iter_idx": 0,
      "op_name": "mismatch",
      "tag": "newtonpf"
    },
    {
      "elapsed_sec": 0.004240898415446281,
      "iter_idx": 1,
      "op_name": "jacobian",
      "tag": "newtonpf"
    },
    {
      "elapsed_sec": 0.006842244416475296,
      "iter_idx": 1,
      "op_name": "solve",
      "tag": "newtonpf"
    },
    {
      "elapsed_sec": 0.00010433979332447052,
      "iter_idx": 1,
      "op_name": "update_voltage",
      "tag": "newtonpf"
    },
    {
      "elapsed_sec": 6.93202018737793e-05,
      "iter_idx": 1,
      "op_name": "mismatch",
      "tag": "newtonpf"
    },
    {
      "elapsed_sec": 0.004473218694329262,
      "iter_idx": 2,
      "op_name": "jacobian",
      "tag": "newtonpf"
    },
    {
      "elapsed_sec": 0.006987355649471283,
      "iter_idx": 2,
      "op_name": "solve",
      "tag": "newtonpf"
    },
    {
      "elapsed_sec": 0.00010350160300731659,
      "iter_idx": 2,
      "op_name": "update_voltage",
      "tag": "newtonpf"
    },
    {
      "elapsed_sec": 6.888993084430695e-05,
      "iter_idx": 2,
      "op_name": "mismatch",
      "tag": "newtonpf"
    },
    {
      "elapsed_sec": 0.0042861588299274445,
      "iter_idx": 3,
      "op_name": "jacobian",
      "tag": "newtonpf"
    },
    {
      "elapsed_sec": 0.006867794319987297,
      "iter_idx": 3,
      "op_name": "solve",
      "tag": "newtonpf"
    },
    {
      "elapsed_sec": 0.00010356120765209198,
      "iter_idx": 3,
      "op_name": "update_voltage",
      "tag": "newtonpf"
    },
    {
      "elapsed_sec": 6.975047290325165e-05,
      "iter_idx": 3,
      "op_name": "mismatch",
      "tag": "newtonpf"
    },
    {
      "elapsed_sec": 0.034379176795482635,
      "iter_idx": 0,
      "op_name": "newtonpf",
      "tag": "runpf"
    }
  ]
}
