{
  "summary": {
    "analyze_sec": "",
    "backend": "python",
    "buses": "",
    "case_name": "case_ACTIVSg2000",
    "case_stem": "pglib_opf_case_ACTIVSg2000",
    "compute": "fp64",
    "dump_case_name": "",
    "elapsed_sec": 0.039013175293803215,
    "final_mismatch": 1.0249396060157314e-09,
    "implementation": "pypower",
    "iterations": 3,
    "jacobian": "pypower",
    "max_abs_v_delta_from_v0": "",
    "measurement_mode": "operators",
    "newtonpf.init_index.avg_sec": 1.2472271919250488e-05,
    "newtonpf.init_index.count": 1,
    "newtonpf.init_index.total_sec": 1.2472271919250488e-05,
    "newtonpf.jacobian.avg_sec": 0.004316050559282303,
    "newtonpf.jacobian.count": 3,
    "newtonpf.jacobian.total_sec": 0.012948151677846909,
    "newtonpf.mismatch.avg_sec": 6.691040471196175e-05,
    "newtonpf.mismatch.count": 4,
    "newtonpf.mismatch.total_sec": 0.000267641618847847,
    "newtonpf.solve.avg_sec": 0.0068961891035238905,
    "newtonpf.solve.count": 3,
    "newtonpf.solve.total_sec": 0.02068856731057167,
    "newtonpf.update_voltage.avg_sec": 0.00010405977567036946,
    "newtonpf.update_voltage.count": 3,
    "newtonpf.update_voltage.total_sec": 0.0003121793270111084,
    "pq": "",
    "profile": "pypower",
    "pv": "",
    "repeat_idx": 4,
    "runpf.build_Sbus.avg_sec": 0.00015782006084918976,
    "runpf.build_Sbus.count": 1,
    "runpf.build_Sbus.total_sec": 0.00015782006084918976,
    "runpf.build_Ybus.avg_sec": 0.0030388347804546356,
    "runpf.build_Ybus.count": 1,
    "runpf.build_Ybus.total_sec": 0.0030388347804546356,
    "runpf.bus_indexing.avg_sec": 0.002751532942056656,
    "runpf.bus_indexing.count": 1,
    "runpf.bus_indexing.total_sec": 0.002751532942056656,
    "runpf.load_case_data.avg_sec": 0.00876302644610405,
    "runpf.load_case_data.count": 1,
    "runpf.load_case_data.total_sec": 0.00876302644610405,
    "runpf.newtonpf.avg_sec": 0.03432192839682102,
    "runpf.newtonpf.count": 1,
    "runpf.newtonpf.total_sec": 0.03432192839682102,
    "solve_sec": 0.03432192839682102,
    "source_profile": "pypower",
    "success": true
  },
  "timing_entries": [
    {
      "elapsed_sec": 0.00876302644610405,
      "iter_idx": 0,
      "op_name": "load_case_data",
      "tag": "runpf"
    },
    {
      "elapsed_sec": 0.002751532942056656,
      "iter_idx": 0,
      "op_name": "bus_indexing",
      "tag": "runpf"
    },
    {
      "elapsed_sec": 0.0030388347804546356,
      "iter_idx": 0,
      "op_name": "build_Ybus",
      "tag": "runpf"
    },
    {
      "elapsed_sec": 0.00015782006084918976,
      "iter_idx": 0,
      "op_name": "build_Sbus",
      "tag": "runpf"
    },
    {
      "elapsed_sec": 1.2472271919250488e-05,
      "iter_idx": 0,
      "op_name": "init_index",
      "tag": "newtonpf"
    },
    {
      "elapsed_sec": 5.8259814977645874e-05,
      "iter_idx": 0,
      "op_name": "mismatch",
      "tag": "newtonpf"
    },
    {
      "elapsed_sec": 0.004210786893963814,
      "iter_idx": 1,
      "op_name": "jacobian",
      "tag": "newtonpf"
    },
    {
      "elapsed_sec": 0.006867261603474617,
      "iter_idx": 1,
      "op_name": "solve",
      "tag": "newtonpf"
    },
    {
      "elapsed_sec": 0.00010464154183864594,
      "iter_idx": 1,
      "op_name": "update_voltage",
      "tag": "newtonpf"
    },
    {
      "elapsed_sec": 6.956793367862701e-05,
      "iter_idx": 1,
      "op_name": "mismatch",
      "tag": "newtonpf"
    },
    {
      "elapsed_sec": 0.004442077130079269,
      "iter_idx": 2,
      "op_name": "jacobian",
      "tag": "newtonpf"
    },
    {
      "elapsed_sec": 0.006984042003750801,
      "iter_idx": 2,
      "op_name": "solve",
      "tag": "newtonpf"
    },
    {
      "elapsed_sec": 0.00010364875197410583,
      "iter_idx": 2,
      "op_name": "update_voltage",
      "tag": "newtonpf"
    },
    {
      "elapsed_sec": 7.03129917383194e-05,
      "iter_idx": 2,
      "op_name": "mismatch",
      "tag": "newtonpf"
    },
    {
      "elapsed_sec": 0.004295287653803825,
      "iter_idx": 3,
      "op_name": "jacobian",
      "tag": "newtonpf"
    },
    {
      "elapsed_sec": 0.0068372637033462524,
      "iter_idx": 3,
      "op_name": "solve",
      "tag": "newtonpf"
    },
    {
      "elapsed_sec": 0.00010388903319835663,
      "iter_idx": 3,
      "op_name": "update_voltage",
      "tag": "newtonpf"
    },
    {
      "elapsed_sec": 6.95008784532547e-05,
      "iter_idx": 3,
      "op_name": "mismatch",
      "tag": "newtonpf"
    },
    {
      "elapsed_sec": 0.03432192839682102,
      "iter_idx": 0,
      "op_name": "newtonpf",
      "tag": "runpf"
    }
  ]
}
