{
  "matrices": [
    "case118",
    "case1197",
    "case30",
    "memplus",
    "rajat27",
    "wang3"
  ],
  "solvers": [
    "cudss-gpu",
    "klu",
    "mysolver",
    "umfpack"
  ],
  "target": "mysolver",
  "target_metrics": {
    "case118": {
      "analysis_ms": 0.047469,
      "factor_ms": 0.039344,
      "solve_ms": 0.003307,
      "berr": 1.9561094058084915e-16,
      "absolute_error": 0.0,
      "success": true
    },
    "case1197": {
      "analysis_ms": 0.230653,
      "factor_ms": 0.198102,
      "solve_ms": 0.019347,
      "berr": 4.074788227651292e-15,
      "absolute_error": 0.0,
      "success": true
    },
    "case30": {
      "analysis_ms": 0.017593,
      "factor_ms": 0.014788,
      "solve_ms": 0.001162,
      "berr": 1.1076501024501186e-16,
      "absolute_error": 0.0,
      "success": true
    },
    "memplus": {
      "analysis_ms": 5.306816,
      "factor_ms": 2.275523,
      "solve_ms": 0.141926,
      "berr": 8.000168920027045e-16,
      "absolute_error": 1.1262297604937952e-11,
      "success": true
    },
    "rajat27": {
      "analysis_ms": 7.550099,
      "factor_ms": 3.053785,
      "solve_ms": 0.249699,
      "berr": 1.5324443627516013e-05,
      "absolute_error": 3.0255200560694352e-05,
      "success": true
    },
    "wang3": {
      "analysis_ms": 13.538956,
      "factor_ms": 3444.501086,
      "solve_ms": 9.909119,
      "berr": 5.146776240490594e-15,
      "absolute_error": 4.2705614992723623e-13,
      "success": true
    }
  },
  "violations": [
    {
      "matrix": "rajat27",
      "success": true,
      "berr": 1.5324443627516013e-05,
      "absolute_error": 3.0255200560694352e-05
    }
  ],
  "regressions": [],
  "comparisons": [
    {
      "matrix": "case118",
      "cudss-gpu": {
        "factor_ms": 0.102483,
        "solve_ms": 0.075161
      },
      "klu": {
        "factor_ms": 0.038212,
        "solve_ms": 0.002835
      }
    },
    {
      "matrix": "case1197",
      "cudss-gpu": {
        "factor_ms": 0.223971,
        "solve_ms": 0.110748
      },
      "klu": {
        "factor_ms": 0.198142,
        "solve_ms": 0.018746
      }
    },
    {
      "matrix": "case30",
      "cudss-gpu": {
        "factor_ms": 0.087144,
        "solve_ms": 0.066274
      },
      "klu": {
        "factor_ms": 0.01619,
        "solve_ms": 0.001041
      }
    },
    {
      "matrix": "memplus",
      "cudss-gpu": {
        "factor_ms": 1.148568,
        "solve_ms": 0.422253
      },
      "klu": {
        "factor_ms": 2.844091,
        "solve_ms": 0.145533
      }
    },
    {
      "matrix": "rajat27",
      "cudss-gpu": {
        "factor_ms": 1.001471,
        "solve_ms": 0.390623
      },
      "klu": {
        "factor_ms": 3.009121,
        "solve_ms": 0.240041
      }
    },
    {
      "matrix": "wang3",
      "cudss-gpu": {
        "factor_ms": 34.275409,
        "solve_ms": 2.033018
      },
      "klu": {
        "factor_ms": 3329.328583,
        "solve_ms": 9.841933
      }
    }
  ],
  "accuracy_ok": false
}