{
  "matrices": [
    "case118",
    "case1197",
    "case30",
    "case3012wp",
    "case6468rte",
    "case8387pegase",
    "case_ACTIVSg2000",
    "memplus",
    "onetone2",
    "rajat15",
    "rajat27",
    "wang3"
  ],
  "solvers": [
    "cudss-gpu",
    "klu",
    "mysolver",
    "umfpack"
  ],
  "target": "mysolver",
  "target_metrics": {
    "case118": {
      "analysis_ms": 0.16118,
      "factor_ms": 0.042359,
      "solve_ms": 0.003036,
      "berr": 1.9042448916438846e-16,
      "absolute_error": 5.174434602271413e-18,
      "success": true
    },
    "case1197": {
      "analysis_ms": 1.746171,
      "factor_ms": 0.296011,
      "solve_ms": 0.019266,
      "berr": 3.5103449863104286e-15,
      "absolute_error": 1.3431142692021743e-14,
      "success": true
    },
    "case30": {
      "analysis_ms": 0.088815,
      "factor_ms": 0.018775,
      "solve_ms": 0.001193,
      "berr": 2.7181060066207835e-16,
      "absolute_error": 1.056956023474447e-16,
      "success": true
    },
    "case3012wp": {
      "analysis_ms": 8.018548,
      "factor_ms": 1.555175,
      "solve_ms": 0.078296,
      "berr": 3.9441138620502766e-16,
      "absolute_error": 7.129580766635244e-16,
      "success": true
    },
    "case6468rte": {
      "analysis_ms": 21.715577,
      "factor_ms": 3.661877,
      "solve_ms": 0.162903,
      "berr": 5.378309685726106e-16,
      "absolute_error": 4.3376299227616725e-17,
      "success": true
    },
    "case8387pegase": {
      "analysis_ms": 30.851434,
      "factor_ms": 5.09786,
      "solve_ms": 0.231361,
      "berr": 1.0366524548473042e-14,
      "absolute_error": 1.0771064190382142e-15,
      "success": true
    },
    "case_ACTIVSg2000": {
      "analysis_ms": 5.507463,
      "factor_ms": 1.974927,
      "solve_ms": 0.073607,
      "berr": 5.919058856513176e-16,
      "absolute_error": 2.2531482986993363e-14,
      "success": true
    },
    "memplus": {
      "analysis_ms": 46.304895,
      "factor_ms": 3.024239,
      "solve_ms": 0.175908,
      "berr": 6.400135136021638e-16,
      "absolute_error": 1.1727410528300063e-11,
      "success": true
    },
    "onetone2": {
      "analysis_ms": 181.559261,
      "factor_ms": 415.457896,
      "solve_ms": 4.081328,
      "berr": 4.431136880909337e-07,
      "absolute_error": 0.00020424828322372922,
      "success": true
    },
    "rajat15": {
      "analysis_ms": 198.933708,
      "factor_ms": 59.623586,
      "solve_ms": 2.589019,
      "berr": 8.56127226767247e-11,
      "absolute_error": 2.1675914164111906e-08,
      "success": true
    },
    "rajat27": {
      "analysis_ms": 45.07248,
      "factor_ms": 3.356829,
      "solve_ms": 0.253412,
      "berr": 1.0526193057867267e-08,
      "absolute_error": 4.031197612746709e-08,
      "success": true
    },
    "wang3": {
      "analysis_ms": 111.639473,
      "factor_ms": 1442.430427,
      "solve_ms": 7.8376,
      "berr": 4.180745407035869e-15,
      "absolute_error": 4.799049947747172e-13,
      "success": true
    }
  },
  "violations": [
    {
      "matrix": "onetone2",
      "success": true,
      "berr": 4.431136880909337e-07,
      "absolute_error": 0.00020424828322372922,
      "klu_berr": 1.312296634512367e-07
    }
  ],
  "regressions": [
    {
      "matrix": "case30",
      "metric": "factor_ms",
      "best": 0.016681,
      "now": 0.018775,
      "delta_pct": 12.6
    }
  ],
  "comparisons": [
    {
      "matrix": "case118",
      "cudss-gpu": {
        "factor_ms": 0.099174,
        "solve_ms": 0.071253
      },
      "klu": {
        "factor_ms": 0.038833,
        "solve_ms": 0.002725
      }
    },
    {
      "matrix": "case1197",
      "cudss-gpu": {
        "factor_ms": 0.224187,
        "solve_ms": 0.109665
      },
      "klu": {
        "factor_ms": 0.204511,
        "solve_ms": 0.018925
      }
    },
    {
      "matrix": "case30",
      "cudss-gpu": {
        "factor_ms": 0.085419,
        "solve_ms": 0.062776
      },
      "klu": {
        "factor_ms": 0.01642,
        "solve_ms": 0.001102
      }
    },
    {
      "matrix": "case3012wp",
      "cudss-gpu": {
        "factor_ms": 0.472951,
        "solve_ms": 0.224738
      },
      "klu": {
        "factor_ms": 1.329656,
        "solve_ms": 0.075451
      }
    },
    {
      "matrix": "case6468rte",
      "cudss-gpu": {
        "factor_ms": 0.616648,
        "solve_ms": 0.287185
      },
      "klu": {
        "factor_ms": 3.184909,
        "solve_ms": 0.161431
      }
    },
    {
      "matrix": "case8387pegase",
      "cudss-gpu": {
        "factor_ms": 1.107992,
        "solve_ms": 0.361452
      },
      "klu": {
        "factor_ms": 4.425899,
        "solve_ms": 0.221462
      }
    },
    {
      "matrix": "case_ACTIVSg2000",
      "cudss-gpu": {
        "factor_ms": 0.648447,
        "solve_ms": 0.273309
      },
      "klu": {
        "factor_ms": 1.722697,
        "solve_ms": 0.070412
      }
    },
    {
      "matrix": "memplus",
      "cudss-gpu": {
        "factor_ms": 1.140422,
        "solve_ms": 0.422175
      },
      "klu": {
        "factor_ms": 3.143832,
        "solve_ms": 0.151012
      }
    },
    {
      "matrix": "onetone2",
      "cudss-gpu": {
        "factor_ms": 8.043834,
        "solve_ms": 1.524278
      },
      "klu": {
        "factor_ms": 186.432349,
        "solve_ms": 2.36859
      }
    },
    {
      "matrix": "rajat15",
      "cudss-gpu": {
        "factor_ms": 3.438932,
        "solve_ms": 0.868957
      },
      "klu": {
        "factor_ms": 95.546792,
        "solve_ms": 2.426918
      }
    },
    {
      "matrix": "rajat27",
      "cudss-gpu": {
        "factor_ms": 0.99909,
        "solve_ms": 0.387942
      },
      "klu": {
        "factor_ms": 3.022155,
        "solve_ms": 0.241129
      }
    },
    {
      "matrix": "wang3",
      "cudss-gpu": {
        "factor_ms": 33.067907,
        "solve_ms": 1.938549
      },
      "klu": {
        "factor_ms": 3357.529573,
        "solve_ms": 9.560317
      }
    }
  ],
  "accuracy_ok": false
}