{
  "matrices": [
    "case118",
    "case1197",
    "case30",
    "case3012wp",
    "case6468rte",
    "case8387pegase",
    "case_ACTIVSg2000",
    "memplus",
    "onetone2",
    "rajat15",
    "rajat27",
    "wang3"
  ],
  "solvers": [
    "cudss-gpu",
    "klu",
    "mysolver",
    "umfpack"
  ],
  "target": "mysolver",
  "target_metrics": {
    "case118": {
      "analysis_ms": 0.216034,
      "factor_ms": 0.078497,
      "solve_ms": 0.003316,
      "berr": 1.9561094058084915e-16,
      "absolute_error": 0.0,
      "success": true
    },
    "case1197": {
      "analysis_ms": 1.988423,
      "factor_ms": 0.477602,
      "solve_ms": 0.019366,
      "berr": 4.074788227651292e-15,
      "absolute_error": 0.0,
      "success": true
    },
    "case30": {
      "analysis_ms": 0.102541,
      "factor_ms": 0.030097,
      "solve_ms": 0.001272,
      "berr": 1.1076501024501186e-16,
      "absolute_error": 0.0,
      "success": true
    },
    "case3012wp": {
      "analysis_ms": 9.171589,
      "factor_ms": 2.853669,
      "solve_ms": 0.07532,
      "berr": 3.8907915664930666e-16,
      "absolute_error": 0.0,
      "success": true
    },
    "case6468rte": {
      "analysis_ms": 24.574586,
      "factor_ms": 6.781124,
      "solve_ms": 0.167463,
      "berr": 7.101744460007268e-16,
      "absolute_error": 0.0,
      "success": true
    },
    "case8387pegase": {
      "analysis_ms": 34.813618,
      "factor_ms": 9.383314,
      "solve_ms": 0.22488,
      "berr": 3.632235253153846e-15,
      "absolute_error": 0.0,
      "success": true
    },
    "case_ACTIVSg2000": {
      "analysis_ms": 6.412556,
      "factor_ms": 3.680724,
      "solve_ms": 0.071875,
      "berr": 5.450188777583841e-16,
      "absolute_error": 0.0,
      "success": true
    },
    "memplus": {
      "analysis_ms": 51.281117,
      "factor_ms": 5.330375,
      "solve_ms": 0.143207,
      "berr": 8.000168920027045e-16,
      "absolute_error": 1.1262297604937952e-11,
      "success": true
    },
    "onetone2": {
      "analysis_ms": 237.195743,
      "factor_ms": 609.087012,
      "solve_ms": 2.938328,
      "berr": 1.312296634512367e-07,
      "absolute_error": 0.00016741794295869547,
      "success": true
    },
    "rajat15": {
      "analysis_ms": 224.500967,
      "factor_ms": 156.453072,
      "solve_ms": 2.123656,
      "berr": 8.56127226767247e-11,
      "absolute_error": 2.1675914164111906e-08,
      "success": true
    },
    "rajat27": {
      "analysis_ms": 52.55689,
      "factor_ms": 6.34526,
      "solve_ms": 0.251409,
      "berr": 1.5324443627516013e-05,
      "absolute_error": 3.0255200560694352e-05,
      "success": true
    },
    "wang3": {
      "analysis_ms": 122.27347,
      "factor_ms": 4894.642983,
      "solve_ms": 7.657742,
      "berr": 4.180745407035869e-15,
      "absolute_error": 4.799049947747172e-13,
      "success": true
    }
  },
  "violations": [],
  "regressions": [
    {
      "matrix": "case118",
      "metric": "factor_ms",
      "best": 0.042359,
      "now": 0.078497,
      "delta_pct": 85.3
    },
    {
      "matrix": "case118",
      "metric": "solve_ms",
      "best": 0.002996,
      "now": 0.003316,
      "delta_pct": 10.7
    },
    {
      "matrix": "case1197",
      "metric": "factor_ms",
      "best": 0.296011,
      "now": 0.477602,
      "delta_pct": 61.3
    },
    {
      "matrix": "case30",
      "metric": "factor_ms",
      "best": 0.016681,
      "now": 0.030097,
      "delta_pct": 80.4
    },
    {
      "matrix": "case3012wp",
      "metric": "factor_ms",
      "best": 1.555175,
      "now": 2.853669,
      "delta_pct": 83.5
    },
    {
      "matrix": "case6468rte",
      "metric": "factor_ms",
      "best": 3.661877,
      "now": 6.781124,
      "delta_pct": 85.2
    },
    {
      "matrix": "case8387pegase",
      "metric": "factor_ms",
      "best": 5.09786,
      "now": 9.383314,
      "delta_pct": 84.1
    },
    {
      "matrix": "case_ACTIVSg2000",
      "metric": "factor_ms",
      "best": 1.974927,
      "now": 3.680724,
      "delta_pct": 86.4
    },
    {
      "matrix": "memplus",
      "metric": "factor_ms",
      "best": 3.001707,
      "now": 5.330375,
      "delta_pct": 77.6
    },
    {
      "matrix": "onetone2",
      "metric": "factor_ms",
      "best": 415.457896,
      "now": 609.087012,
      "delta_pct": 46.6
    },
    {
      "matrix": "rajat15",
      "metric": "factor_ms",
      "best": 59.623586,
      "now": 156.453072,
      "delta_pct": 162.4
    },
    {
      "matrix": "rajat27",
      "metric": "factor_ms",
      "best": 3.356829,
      "now": 6.34526,
      "delta_pct": 89.0
    },
    {
      "matrix": "wang3",
      "metric": "factor_ms",
      "best": 1442.430427,
      "now": 4894.642983,
      "delta_pct": 239.3
    }
  ],
  "comparisons": [
    {
      "matrix": "case118",
      "cudss-gpu": {
        "factor_ms": 0.100037,
        "solve_ms": 0.072586
      },
      "klu": {
        "factor_ms": 0.039233,
        "solve_ms": 0.002805
      }
    },
    {
      "matrix": "case1197",
      "cudss-gpu": {
        "factor_ms": 0.223277,
        "solve_ms": 0.110827
      },
      "klu": {
        "factor_ms": 0.203841,
        "solve_ms": 0.018384
      }
    },
    {
      "matrix": "case30",
      "cudss-gpu": {
        "factor_ms": 0.084247,
        "solve_ms": 0.061675
      },
      "klu": {
        "factor_ms": 0.0161,
        "solve_ms": 0.001082
      }
    },
    {
      "matrix": "case3012wp",
      "cudss-gpu": {
        "factor_ms": 0.469997,
        "solve_ms": 0.22474
      },
      "klu": {
        "factor_ms": 1.328922,
        "solve_ms": 0.074429
      }
    },
    {
      "matrix": "case6468rte",
      "cudss-gpu": {
        "factor_ms": 0.606372,
        "solve_ms": 0.280324
      },
      "klu": {
        "factor_ms": 3.196349,
        "solve_ms": 0.164056
      }
    },
    {
      "matrix": "case8387pegase",
      "cudss-gpu": {
        "factor_ms": 1.079005,
        "solve_ms": 0.350915
      },
      "klu": {
        "factor_ms": 4.392253,
        "solve_ms": 0.223758
      }
    },
    {
      "matrix": "case_ACTIVSg2000",
      "cudss-gpu": {
        "factor_ms": 0.640786,
        "solve_ms": 0.273371
      },
      "klu": {
        "factor_ms": 1.74025,
        "solve_ms": 0.071313
      }
    },
    {
      "matrix": "memplus",
      "cudss-gpu": {
        "factor_ms": 1.133336,
        "solve_ms": 0.420265
      },
      "klu": {
        "factor_ms": 2.871533,
        "solve_ms": 0.141725
      }
    },
    {
      "matrix": "onetone2",
      "cudss-gpu": {
        "factor_ms": 8.008326,
        "solve_ms": 1.525289
      },
      "klu": {
        "factor_ms": 183.509147,
        "solve_ms": 2.214816
      }
    },
    {
      "matrix": "rajat15",
      "cudss-gpu": {
        "factor_ms": 3.543618,
        "solve_ms": 0.869974
      },
      "klu": {
        "factor_ms": 95.114636,
        "solve_ms": 2.620795
      }
    },
    {
      "matrix": "rajat27",
      "cudss-gpu": {
        "factor_ms": 0.998505,
        "solve_ms": 0.386422
      },
      "klu": {
        "factor_ms": 3.038444,
        "solve_ms": 0.241241
      }
    },
    {
      "matrix": "wang3",
      "cudss-gpu": {
        "factor_ms": 31.675214,
        "solve_ms": 1.747634
      },
      "klu": {
        "factor_ms": 3353.914321,
        "solve_ms": 10.100423
      }
    }
  ],
  "accuracy_ok": true
}