{
  "matrices": [
    "case118",
    "case1197",
    "case30",
    "case3012wp",
    "case6468rte",
    "case8387pegase",
    "case_ACTIVSg2000",
    "memplus",
    "onetone2",
    "rajat15",
    "rajat27",
    "wang3"
  ],
  "solvers": [
    "cudss-gpu",
    "klu",
    "mysolver",
    "umfpack"
  ],
  "target": "mysolver",
  "target_metrics": {
    "case118": {
      "analysis_ms": 0.179547,
      "factor_ms": 0.058579,
      "solve_ms": 0.020227,
      "berr": 1.7302634392265665e-16,
      "absolute_error": 2.7305356259889427e-18,
      "success": true
    },
    "case1197": {
      "analysis_ms": 1.289946,
      "factor_ms": 0.327343,
      "solve_ms": 0.146705,
      "berr": 1.8857115094331508e-16,
      "absolute_error": 1.6069380552852153e-14,
      "success": true
    },
    "case30": {
      "analysis_ms": 0.069961,
      "factor_ms": 0.019737,
      "solve_ms": 0.006953,
      "berr": 1.349157287061147e-16,
      "absolute_error": 1.2849420800765909e-16,
      "success": true
    },
    "case3012wp": {
      "analysis_ms": 4.6562,
      "factor_ms": 1.758894,
      "solve_ms": 0.700252,
      "berr": 2.1840704504125304e-16,
      "absolute_error": 5.188249446915434e-16,
      "success": true
    },
    "case6468rte": {
      "analysis_ms": 11.349866,
      "factor_ms": 4.203252,
      "solve_ms": 1.643909,
      "berr": 3.5871061541725136e-16,
      "absolute_error": 6.526040071362756e-17,
      "success": true
    },
    "case8387pegase": {
      "analysis_ms": 15.114587,
      "factor_ms": 5.682513,
      "solve_ms": 2.369808,
      "berr": 3.415622794451588e-16,
      "absolute_error": 3.003327901944013e-16,
      "success": true
    },
    "case_ACTIVSg2000": {
      "analysis_ms": 3.562923,
      "factor_ms": 2.61095,
      "solve_ms": 0.684763,
      "berr": 2.5334439694603834e-16,
      "absolute_error": 5.45242942794985e-15,
      "success": true
    },
    "memplus": {
      "analysis_ms": 15.216087,
      "factor_ms": 4.191591,
      "solve_ms": 1.350419,
      "berr": 6.557147214686344e-16,
      "absolute_error": 1.1125658842772047e-11,
      "success": true
    },
    "onetone2": {
      "analysis_ms": 553.765879,
      "factor_ms": 603.184742,
      "solve_ms": 3.014837,
      "berr": 1.312296634512367e-07,
      "absolute_error": 0.00016741794295869547,
      "success": true
    },
    "rajat15": {
      "analysis_ms": 293.259038,
      "factor_ms": 83.902105,
      "solve_ms": 2.053206,
      "berr": 2.1774873053625814e-09,
      "absolute_error": 9.314441909241452e-07,
      "success": true
    },
    "rajat27": {
      "analysis_ms": 73.97682,
      "factor_ms": 2.996852,
      "solve_ms": 0.249598,
      "berr": 1.5324443627516013e-05,
      "absolute_error": 3.0255200560694352e-05,
      "success": true
    },
    "wang3": {
      "analysis_ms": 73.853217,
      "factor_ms": 5470.669047,
      "solve_ms": 80.626001,
      "berr": 2.566511177247347e-16,
      "absolute_error": 1.6008347033657643e-13,
      "success": true
    }
  },
  "violations": [],
  "regressions": [
    {
      "matrix": "case118",
      "metric": "factor_ms",
      "best": 0.040566,
      "now": 0.058579,
      "delta_pct": 44.4
    },
    {
      "matrix": "case118",
      "metric": "solve_ms",
      "best": 0.003346,
      "now": 0.020227,
      "delta_pct": 504.5
    },
    {
      "matrix": "case1197",
      "metric": "factor_ms",
      "best": 0.201487,
      "now": 0.327343,
      "delta_pct": 62.5
    },
    {
      "matrix": "case1197",
      "metric": "solve_ms",
      "best": 0.019597,
      "now": 0.146705,
      "delta_pct": 648.6
    },
    {
      "matrix": "case30",
      "metric": "factor_ms",
      "best": 0.014918,
      "now": 0.019737,
      "delta_pct": 32.3
    },
    {
      "matrix": "case30",
      "metric": "solve_ms",
      "best": 0.001142,
      "now": 0.006953,
      "delta_pct": 508.8
    },
    {
      "matrix": "case3012wp",
      "metric": "factor_ms",
      "best": 1.322837,
      "now": 1.758894,
      "delta_pct": 33.0
    },
    {
      "matrix": "case3012wp",
      "metric": "solve_ms",
      "best": 0.08046,
      "now": 0.700252,
      "delta_pct": 770.3
    },
    {
      "matrix": "case6468rte",
      "metric": "factor_ms",
      "best": 3.202898,
      "now": 4.203252,
      "delta_pct": 31.2
    },
    {
      "matrix": "case6468rte",
      "metric": "solve_ms",
      "best": 0.165129,
      "now": 1.643909,
      "delta_pct": 895.5
    },
    {
      "matrix": "case8387pegase",
      "metric": "factor_ms",
      "best": 4.411912,
      "now": 5.682513,
      "delta_pct": 28.8
    },
    {
      "matrix": "case8387pegase",
      "metric": "solve_ms",
      "best": 0.227095,
      "now": 2.369808,
      "delta_pct": 943.5
    },
    {
      "matrix": "case_ACTIVSg2000",
      "metric": "factor_ms",
      "best": 1.718508,
      "now": 2.61095,
      "delta_pct": 51.9
    },
    {
      "matrix": "case_ACTIVSg2000",
      "metric": "solve_ms",
      "best": 0.071925,
      "now": 0.684763,
      "delta_pct": 852.1
    },
    {
      "matrix": "memplus",
      "metric": "factor_ms",
      "best": 2.291391,
      "now": 4.191591,
      "delta_pct": 82.9
    },
    {
      "matrix": "memplus",
      "metric": "solve_ms",
      "best": 0.142927,
      "now": 1.350419,
      "delta_pct": 844.8
    },
    {
      "matrix": "wang3",
      "metric": "factor_ms",
      "best": 4823.603997,
      "now": 5470.669047,
      "delta_pct": 13.4
    },
    {
      "matrix": "wang3",
      "metric": "solve_ms",
      "best": 7.740084,
      "now": 80.626001,
      "delta_pct": 941.7
    }
  ],
  "comparisons": [
    {
      "matrix": "case118",
      "cudss-gpu": {
        "factor_ms": 0.1014,
        "solve_ms": 0.074099
      },
      "klu": {
        "factor_ms": 0.044854,
        "solve_ms": 0.003026
      }
    },
    {
      "matrix": "case1197",
      "cudss-gpu": {
        "factor_ms": 0.2239,
        "solve_ms": 0.111529
      },
      "klu": {
        "factor_ms": 0.205906,
        "solve_ms": 0.018645
      }
    },
    {
      "matrix": "case30",
      "cudss-gpu": {
        "factor_ms": 0.084758,
        "solve_ms": 0.062277
      },
      "klu": {
        "factor_ms": 0.014808,
        "solve_ms": 0.001072
      }
    },
    {
      "matrix": "case3012wp",
      "cudss-gpu": {
        "factor_ms": 0.475049,
        "solve_ms": 0.22415
      },
      "klu": {
        "factor_ms": 1.324651,
        "solve_ms": 0.07498
      }
    },
    {
      "matrix": "case6468rte",
      "cudss-gpu": {
        "factor_ms": 0.617987,
        "solve_ms": 0.286647
      },
      "klu": {
        "factor_ms": 3.188231,
        "solve_ms": 0.160731
      }
    },
    {
      "matrix": "case8387pegase",
      "cudss-gpu": {
        "factor_ms": 1.10543,
        "solve_ms": 0.36322
      },
      "klu": {
        "factor_ms": 4.443622,
        "solve_ms": 0.220703
      }
    },
    {
      "matrix": "case_ACTIVSg2000",
      "cudss-gpu": {
        "factor_ms": 0.643746,
        "solve_ms": 0.273191
      },
      "klu": {
        "factor_ms": 1.732625,
        "solve_ms": 0.070572
      }
    },
    {
      "matrix": "memplus",
      "cudss-gpu": {
        "factor_ms": 1.145555,
        "solve_ms": 0.421339
      },
      "klu": {
        "factor_ms": 2.885605,
        "solve_ms": 0.141526
      }
    },
    {
      "matrix": "onetone2",
      "cudss-gpu": {
        "factor_ms": 7.962653,
        "solve_ms": 1.533362
      },
      "klu": {
        "factor_ms": 181.982165,
        "solve_ms": 2.224476
      }
    },
    {
      "matrix": "rajat15",
      "cudss-gpu": {
        "factor_ms": 3.525673,
        "solve_ms": 0.869398
      },
      "klu": {
        "factor_ms": 95.168325,
        "solve_ms": 2.266425
      }
    },
    {
      "matrix": "rajat27",
      "cudss-gpu": {
        "factor_ms": 1.000043,
        "solve_ms": 0.389269
      },
      "klu": {
        "factor_ms": 3.012081,