{
  "summary": {
    "analyze_sec": "",
    "backend": "python",
    "buses": "",
    "case_name": "case2746wop_k",
    "case_stem": "pglib_opf_case2746wop_k",
    "compute": "fp64",
    "dump_case_name": "",
    "elapsed_sec": 0.05445045605301857,
    "final_mismatch": 1.4977732648068056e-11,
    "implementation": "pypower",
    "iterations": 4,
    "jacobian": "pypower",
    "max_abs_v_delta_from_v0": "",
    "measurement_mode": "operators",
    "newtonpf.init_index.avg_sec": 1.2770295143127441e-05,
    "newtonpf.init_index.count": 1,
    "newtonpf.init_index.total_sec": 1.2770295143127441e-05,
    "newtonpf.jacobian.avg_sec": 0.0050757769495248795,
    "newtonpf.jacobian.count": 4,
    "newtonpf.jacobian.total_sec": 0.020303107798099518,
    "newtonpf.mismatch.avg_sec": 7.288195192813873e-05,
    "newtonpf.mismatch.count": 5,
    "newtonpf.mismatch.total_sec": 0.00036440975964069366,
    "newtonpf.solve.avg_sec": 0.007032974157482386,
    "newtonpf.solve.count": 4,
    "newtonpf.solve.total_sec": 0.028131896629929543,
    "newtonpf.update_voltage.avg_sec": 0.00013241032138466835,
    "newtonpf.update_voltage.count": 4,
    "newtonpf.update_voltage.total_sec": 0.0005296412855386734,
    "pq": "",
    "profile": "pypower",
    "pv": "",
    "repeat_idx": 5,
    "runpf.build_Sbus.avg_sec": 0.00016220659017562866,
    "runpf.build_Sbus.count": 1,
    "runpf.build_Sbus.total_sec": 0.00016220659017562866,
    "runpf.build_Ybus.avg_sec": 0.003291456028819084,
    "runpf.build_Ybus.count": 1,
    "runpf.build_Ybus.total_sec": 0.003291456028819084,
    "runpf.bus_indexing.avg_sec": 0.0013274531811475754,
    "runpf.bus_indexing.count": 1,
    "runpf.bus_indexing.total_sec": 0.0013274531811475754,
    "runpf.load_case_data.avg_sec": 0.0004981420934200287,
    "runpf.load_case_data.count": 1,
    "runpf.load_case_data.total_sec": 0.0004981420934200287,
    "runpf.newtonpf.avg_sec": 0.04942766763269901,
    "runpf.newtonpf.count": 1,
    "runpf.newtonpf.total_sec": 0.04942766763269901,
    "solve_sec": 0.04942766763269901,
    "source_profile": "pypower",
    "success": true
  },
  "timing_entries": [
    {
      "elapsed_sec": 0.0004981420934200287,
      "iter_idx": 0,
      "op_name": "load_case_data",
      "tag": "runpf"
    },
    {
      "elapsed_sec": 0.0013274531811475754,
      "iter_idx": 0,
      "op_name": "bus_indexing",
      "tag": "runpf"
    },
    {
      "elapsed_sec": 0.003291456028819084,
      "iter_idx": 0,
      "op_name": "build_Ybus",
      "tag": "runpf"
    },
    {
      "elapsed_sec": 0.00016220659017562866,
      "iter_idx": 0,
      "op_name": "build_Sbus",
      "tag": "runpf"
    },
    {
      "elapsed_sec": 1.2770295143127441e-05,
      "iter_idx": 0,
      "op_name": "init_index",
      "tag": "newtonpf"
    },
    {
      "elapsed_sec": 6.451085209846497e-05,
      "iter_idx": 0,
      "op_name": "mismatch",
      "tag": "newtonpf"
    },
    {
      "elapsed_sec": 0.004997666925191879,
      "iter_idx": 1,
      "op_name": "jacobian",
      "tag": "newtonpf"
    },
    {
      "elapsed_sec": 0.00693909265100956,
      "iter_idx": 1,
      "op_name": "solve",
      "tag": "newtonpf"
    },
    {
      "elapsed_sec": 0.00013194046914577484,
      "iter_idx": 1,
      "op_name": "update_voltage",
      "tag": "newtonpf"
    },
    {
      "elapsed_sec": 7.499940693378448e-05,
      "iter_idx": 1,
      "op_name": "mismatch",
      "tag": "newtonpf"
    },
    {
      "elapsed_sec": 0.0052440594881772995,
      "iter_idx": 2,
      "op_name": "jacobian",
      "tag": "newtonpf"
    },
    {
      "elapsed_sec": 0.007055902853608131,
      "iter_idx": 2,
      "op_name": "solve",
      "tag": "newtonpf"
    },
    {
      "elapsed_sec": 0.00013297051191329956,
      "iter_idx": 2,
      "op_name": "update_voltage",
      "tag": "newtonpf"
    },
    {
      "elapsed_sec": 7.48801976442337e-05,
      "iter_idx": 2,
      "op_name": "mismatch",
      "tag": "newtonpf"
    },
    {
      "elapsed_sec": 0.005042800679802895,
      "iter_idx": 3,
      "op_name": "jacobian",
      "tag": "newtonpf"
    },
    {
      "elapsed_sec": 0.00708974152803421,
      "iter_idx": 3,
      "op_name": "solve",
      "tag": "newtonpf"
    },
    {
      "elapsed_sec": 0.0001324489712715149,
      "iter_idx": 3,
      "op_name": "update_voltage",
      "tag": "newtonpf"
    },
    {
      "elapsed_sec": 7.521919906139374e-05,
      "iter_idx": 3,
      "op_name": "mismatch",
      "tag": "newtonpf"
    },
    {
      "elapsed_sec": 0.0050185807049274445,
      "iter_idx": 4,
      "op_name": "jacobian",
      "tag": "newtonpf"
    },
    {
      "elapsed_sec": 0.007047159597277641,
      "iter_idx": 4,
      "op_name": "solve",
      "tag": "newtonpf"
    },
    {
      "elapsed_sec": 0.0001322813332080841,
      "iter_idx": 4,
      "op_name": "update_voltage",
      "tag": "newtonpf"
    },
    {
      "elapsed_sec": 7.480010390281677e-05,
      "iter_idx": 4,
      "op_name": "mismatch",
      "tag": "newtonpf"
    },
    {
      "elapsed_sec": 0.04942766763269901,
      "iter_idx": 0,
      "op_name": "newtonpf",
      "tag": "runpf"
    }
  ]
}
