{
  "summary": {
    "analyze_sec": "",
    "backend": "python",
    "buses": "",
    "case_name": "case2746wop_k",
    "case_stem": "pglib_opf_case2746wop_k",
    "compute": "fp64",
    "dump_case_name": "",
    "elapsed_sec": 0.05461207590997219,
    "final_mismatch": 1.4977732648068056e-11,
    "implementation": "pypower",
    "iterations": 4,
    "jacobian": "pypower",
    "max_abs_v_delta_from_v0": "",
    "measurement_mode": "operators",
    "newtonpf.init_index.avg_sec": 1.2438744306564331e-05,
    "newtonpf.init_index.count": 1,
    "newtonpf.init_index.total_sec": 1.2438744306564331e-05,
    "newtonpf.jacobian.avg_sec": 0.005115151405334473,
    "newtonpf.jacobian.count": 4,
    "newtonpf.jacobian.total_sec": 0.02046060562133789,
    "newtonpf.mismatch.avg_sec": 7.307752966880798e-05,
    "newtonpf.mismatch.count": 5,
    "newtonpf.mismatch.total_sec": 0.0003653876483440399,
    "newtonpf.solve.avg_sec": 0.007031142245978117,
    "newtonpf.solve.count": 4,
    "newtonpf.solve.total_sec": 0.028124568983912468,
    "newtonpf.update_voltage.avg_sec": 0.00013261288404464722,
    "newtonpf.update_voltage.count": 4,
    "newtonpf.update_voltage.total_sec": 0.0005304515361785889,
    "pq": "",
    "profile": "pypower",
    "pv": "",
    "repeat_idx": 7,
    "runpf.build_Sbus.avg_sec": 0.0001650601625442505,
    "runpf.build_Sbus.count": 1,
    "runpf.build_Sbus.total_sec": 0.0001650601625442505,
    "runpf.build_Ybus.avg_sec": 0.003268575295805931,
    "runpf.build_Ybus.count": 1,
    "runpf.build_Ybus.total_sec": 0.003268575295805931,
    "runpf.bus_indexing.avg_sec": 0.0013273414224386215,
    "runpf.bus_indexing.count": 1,
    "runpf.bus_indexing.total_sec": 0.0013273414224386215,
    "runpf.load_case_data.avg_sec": 0.00046965107321739197,
    "runpf.load_case_data.count": 1,
    "runpf.load_case_data.total_sec": 0.00046965107321739197,
    "runpf.newtonpf.avg_sec": 0.049580177292227745,
    "runpf.newtonpf.count": 1,
    "runpf.newtonpf.total_sec": 0.049580177292227745,
    "solve_sec": 0.049580177292227745,
    "source_profile": "pypower",
    "success": true
  },
  "timing_entries": [
    {
      "elapsed_sec": 0.00046965107321739197,
      "iter_idx": 0,
      "op_name": "load_case_data",
      "tag": "runpf"
    },
    {
      "elapsed_sec": 0.0013273414224386215,
      "iter_idx": 0,
      "op_name": "bus_indexing",
      "tag": "runpf"
    },
    {
      "elapsed_sec": 0.003268575295805931,
      "iter_idx": 0,
      "op_name": "build_Ybus",
      "tag": "runpf"
    },
    {
      "elapsed_sec": 0.0001650601625442505,
      "iter_idx": 0,
      "op_name": "build_Sbus",
      "tag": "runpf"
    },
    {
      "elapsed_sec": 1.2438744306564331e-05,
      "iter_idx": 0,
      "op_name": "init_index",
      "tag": "newtonpf"
    },
    {
      "elapsed_sec": 6.366893649101257e-05,
      "iter_idx": 0,
      "op_name": "mismatch",
      "tag": "newtonpf"
    },
    {
      "elapsed_sec": 0.005022620782256126,
      "iter_idx": 1,
      "op_name": "jacobian",
      "tag": "newtonpf"
    },
    {
      "elapsed_sec": 0.006941612809896469,
      "iter_idx": 1,
      "op_name": "solve",
      "tag": "newtonpf"
    },
    {
      "elapsed_sec": 0.0001315288245677948,
      "iter_idx": 1,
      "op_name": "update_voltage",
      "tag": "newtonpf"
    },
    {
      "elapsed_sec": 7.511861622333527e-05,
      "iter_idx": 1,
      "op_name": "mismatch",
      "tag": "newtonpf"
    },
    {
      "elapsed_sec": 0.005234317854046822,
      "iter_idx": 2,
      "op_name": "jacobian",
      "tag": "newtonpf"
    },
    {
      "elapsed_sec": 0.0070261526852846146,
      "iter_idx": 2,
      "op_name": "solve",
      "tag": "newtonpf"
    },
    {
      "elapsed_sec": 0.00013262033462524414,
      "iter_idx": 2,
      "op_name": "update_voltage",
      "tag": "newtonpf"
    },
    {
      "elapsed_sec": 7.531978189945221e-05,
      "iter_idx": 2,
      "op_name": "mismatch",
      "tag": "newtonpf"
    },
    {
      "elapsed_sec": 0.005108719691634178,
      "iter_idx": 3,
      "op_name": "jacobian",
      "tag": "newtonpf"
    },
    {
      "elapsed_sec": 0.007038811221718788,
      "iter_idx": 3,
      "op_name": "solve",
      "tag": "newtonpf"
    },
    {
      "elapsed_sec": 0.00013271905481815338,
      "iter_idx": 3,
      "op_name": "update_voltage",
      "tag": "newtonpf"
    },
    {
      "elapsed_sec": 7.512979209423065e-05,
      "iter_idx": 3,
      "op_name": "mismatch",
      "tag": "newtonpf"
    },
    {
      "elapsed_sec": 0.0050949472934007645,
      "iter_idx": 4,
      "op_name": "jacobian",
      "tag": "newtonpf"
    },
    {
      "elapsed_sec": 0.007117992267012596,
      "iter_idx": 4,
      "op_name": "solve",
      "tag": "newtonpf"
    },
    {
      "elapsed_sec": 0.00013358332216739655,
      "iter_idx": 4,
      "op_name": "update_voltage",
      "tag": "newtonpf"
    },
    {
      "elapsed_sec": 7.615052163600922e-05,
      "iter_idx": 4,
      "op_name": "mismatch",
      "tag": "newtonpf"
    },
    {
      "elapsed_sec": 0.049580177292227745,
      "iter_idx": 0,
      "op_name": "newtonpf",
      "tag": "runpf"
    }
  ]
}
