{
  "summary": {
    "analyze_sec": "",
    "backend": "python",
    "buses": "",
    "case_name": "case2746wop_k",
    "case_stem": "pglib_opf_case2746wop_k",
    "compute": "fp64",
    "dump_case_name": "",
    "elapsed_sec": 0.05479118786752224,
    "final_mismatch": 1.4977732648068056e-11,
    "implementation": "pypower",
    "iterations": 4,
    "jacobian": "pypower",
    "max_abs_v_delta_from_v0": "",
    "measurement_mode": "operators",
    "newtonpf.init_index.avg_sec": 1.2889504432678223e-05,
    "newtonpf.init_index.count": 1,
    "newtonpf.init_index.total_sec": 1.2889504432678223e-05,
    "newtonpf.jacobian.avg_sec": 0.005106851924210787,
    "newtonpf.jacobian.count": 4,
    "newtonpf.jacobian.total_sec": 0.020427407696843147,
    "newtonpf.mismatch.avg_sec": 7.482841610908508e-05,
    "newtonpf.mismatch.count": 5,
    "newtonpf.mismatch.total_sec": 0.0003741420805454254,
    "newtonpf.solve.avg_sec": 0.007074700202792883,
    "newtonpf.solve.count": 4,
    "newtonpf.solve.total_sec": 0.02829880081117153,
    "newtonpf.update_voltage.avg_sec": 0.00013233115896582603,
    "newtonpf.update_voltage.count": 4,
    "newtonpf.update_voltage.total_sec": 0.0005293246358633041,
    "pq": "",
    "profile": "pypower",
    "pv": "",
    "repeat_idx": 3,
    "runpf.build_Sbus.avg_sec": 0.0001788996160030365,
    "runpf.build_Sbus.count": 1,
    "runpf.build_Sbus.total_sec": 0.0001788996160030365,
    "runpf.build_Ybus.avg_sec": 0.0033166073262691498,
    "runpf.build_Ybus.count": 1,
    "runpf.build_Ybus.total_sec": 0.0033166073262691498,
    "runpf.bus_indexing.avg_sec": 0.0013585016131401062,
    "runpf.bus_indexing.count": 1,
    "runpf.bus_indexing.total_sec": 0.0013585016131401062,
    "runpf.load_case_data.avg_sec": 0.0005219597369432449,
    "runpf.load_case_data.count": 1,
    "runpf.load_case_data.total_sec": 0.0005219597369432449,
    "runpf.newtonpf.avg_sec": 0.049728790298104286,
    "runpf.newtonpf.count": 1,
    "runpf.newtonpf.total_sec": 0.049728790298104286,
    "solve_sec": 0.049728790298104286,
    "source_profile": "pypower",
    "success": true
  },
  "timing_entries": [
    {
      "elapsed_sec": 0.0005219597369432449,
      "iter_idx": 0,
      "op_name": "load_case_data",
      "tag": "runpf"
    },
    {
      "elapsed_sec": 0.0013585016131401062,
      "iter_idx": 0,
      "op_name": "bus_indexing",
      "tag": "runpf"
    },
    {
      "elapsed_sec": 0.0033166073262691498,
      "iter_idx": 0,
      "op_name": "build_Ybus",
      "tag": "runpf"
    },
    {
      "elapsed_sec": 0.0001788996160030365,
      "iter_idx": 0,
      "op_name": "build_Sbus",
      "tag": "runpf"
    },
    {
      "elapsed_sec": 1.2889504432678223e-05,
      "iter_idx": 0,
      "op_name": "init_index",
      "tag": "newtonpf"
    },
    {
      "elapsed_sec": 6.46095722913742e-05,
      "iter_idx": 0,
      "op_name": "mismatch",
      "tag": "newtonpf"
    },
    {
      "elapsed_sec": 0.005040040239691734,
      "iter_idx": 1,
      "op_name": "jacobian",
      "tag": "newtonpf"
    },
    {
      "elapsed_sec": 0.00716039352118969,
      "iter_idx": 1,
      "op_name": "solve",
      "tag": "newtonpf"
    },
    {
      "elapsed_sec": 0.0001320093870162964,
      "iter_idx": 1,
      "op_name": "update_voltage",
      "tag": "newtonpf"
    },
    {
      "elapsed_sec": 7.553026080131531e-05,
      "iter_idx": 1,
      "op_name": "mismatch",
      "tag": "newtonpf"
    },
    {
      "elapsed_sec": 0.005260400474071503,
      "iter_idx": 2,
      "op_name": "jacobian",
      "tag": "newtonpf"
    },
    {
      "elapsed_sec": 0.007018875330686569,
      "iter_idx": 2,
      "op_name": "solve",
      "tag": "newtonpf"
    },
    {
      "elapsed_sec": 0.00013276748359203339,
      "iter_idx": 2,
      "op_name": "update_voltage",
      "tag": "newtonpf"
    },
    {
      "elapsed_sec": 7.566064596176147e-05,
      "iter_idx": 2,
      "op_name": "mismatch",
      "tag": "newtonpf"
    },
    {
      "elapsed_sec": 0.005080278962850571,
      "iter_idx": 3,
      "op_name": "jacobian",
      "tag": "newtonpf"
    },
    {
      "elapsed_sec": 0.007058430463075638,
      "iter_idx": 3,
      "op_name": "solve",
      "tag": "newtonpf"
    },
    {
      "elapsed_sec": 0.00013218820095062256,
      "iter_idx": 3,
      "op_name": "update_voltage",
      "tag": "newtonpf"
    },
    {
      "elapsed_sec": 7.588230073451996e-05,
      "iter_idx": 3,
      "op_name": "mismatch",
      "tag": "newtonpf"
    },
    {
      "elapsed_sec": 0.00504668802022934,
      "iter_idx": 4,
      "op_name": "jacobian",
      "tag": "newtonpf"
    },
    {
      "elapsed_sec": 0.007061101496219635,
      "iter_idx": 4,
      "op_name": "solve",
      "tag": "newtonpf"
    },
    {
      "elapsed_sec": 0.0001323595643043518,
      "iter_idx": 4,
      "op_name": "update_voltage",
      "tag": "newtonpf"
    },
    {
      "elapsed_sec": 8.245930075645447e-05,
      "iter_idx": 4,
      "op_name": "mismatch",
      "tag": "newtonpf"
    },
    {
      "elapsed_sec": 0.049728790298104286,
      "iter_idx": 0,
      "op_name": "newtonpf",
      "tag": "runpf"
    }
  ]
}
