{
  "summary": {
    "analyze_sec": "",
    "backend": "python",
    "buses": "",
    "case_name": "case2746wop_k",
    "case_stem": "pglib_opf_case2746wop_k",
    "compute": "fp64",
    "dump_case_name": "",
    "elapsed_sec": 0.05451670475304127,
    "final_mismatch": 1.4977732648068056e-11,
    "implementation": "pypower",
    "iterations": 4,
    "jacobian": "pypower",
    "max_abs_v_delta_from_v0": "",
    "measurement_mode": "operators",
    "newtonpf.init_index.avg_sec": 1.23586505651474e-05,
    "newtonpf.init_index.count": 1,
    "newtonpf.init_index.total_sec": 1.23586505651474e-05,
    "newtonpf.jacobian.avg_sec": 0.00510200671851635,
    "newtonpf.jacobian.count": 4,
    "newtonpf.jacobian.total_sec": 0.0204080268740654,
    "newtonpf.mismatch.avg_sec": 7.305741310119629e-05,
    "newtonpf.mismatch.count": 5,
    "newtonpf.mismatch.total_sec": 0.00036528706550598145,
    "newtonpf.solve.avg_sec": 0.007029424887150526,
    "newtonpf.solve.count": 4,
    "newtonpf.solve.total_sec": 0.028117699548602104,
    "newtonpf.update_voltage.avg_sec": 0.000132028479129076,
    "newtonpf.update_voltage.count": 4,
    "newtonpf.update_voltage.total_sec": 0.000528113916516304,
    "pq": "",
    "profile": "pypower",
    "pv": "",
    "repeat_idx": 9,
    "runpf.build_Sbus.avg_sec": 0.00016043893992900848,
    "runpf.build_Sbus.count": 1,
    "runpf.build_Sbus.total_sec": 0.00016043893992900848,
    "runpf.build_Ybus.avg_sec": 0.003282995894551277,
    "runpf.build_Ybus.count": 1,
    "runpf.build_Ybus.total_sec": 0.003282995894551277,
    "runpf.bus_indexing.avg_sec": 0.0013255402445793152,
    "runpf.bus_indexing.count": 1,
    "runpf.bus_indexing.total_sec": 0.0013255402445793152,
    "runpf.load_case_data.avg_sec": 0.0005020629614591599,
    "runpf.load_case_data.count": 1,
    "runpf.load_case_data.total_sec": 0.0005020629614591599,
    "runpf.newtonpf.avg_sec": 0.049517277628183365,
    "runpf.newtonpf.count": 1,
    "runpf.newtonpf.total_sec": 0.049517277628183365,
    "solve_sec": 0.049517277628183365,
    "source_profile": "pypower",
    "success": true
  },
  "timing_entries": [
    {
      "elapsed_sec": 0.0005020629614591599,
      "iter_idx": 0,
      "op_name": "load_case_data",
      "tag": "runpf"
    },
    {
      "elapsed_sec": 0.0013255402445793152,
      "iter_idx": 0,
      "op_name": "bus_indexing",
      "tag": "runpf"
    },
    {
      "elapsed_sec": 0.003282995894551277,
      "iter_idx": 0,
      "op_name": "build_Ybus",
      "tag": "runpf"
    },
    {
      "elapsed_sec": 0.00016043893992900848,
      "iter_idx": 0,
      "op_name": "build_Sbus",
      "tag": "runpf"
    },
    {
      "elapsed_sec": 1.23586505651474e-05,
      "iter_idx": 0,
      "op_name": "init_index",
      "tag": "newtonpf"
    },
    {
      "elapsed_sec": 6.403960287570953e-05,
      "iter_idx": 0,
      "op_name": "mismatch",
      "tag": "newtonpf"
    },
    {
      "elapsed_sec": 0.005055448040366173,
      "iter_idx": 1,
      "op_name": "jacobian",
      "tag": "newtonpf"
    },
    {
      "elapsed_sec": 0.006977243348956108,
      "iter_idx": 1,
      "op_name": "solve",
      "tag": "newtonpf"
    },
    {
      "elapsed_sec": 0.00013090111315250397,
      "iter_idx": 1,
      "op_name": "update_voltage",
      "tag": "newtonpf"
    },
    {
      "elapsed_sec": 7.523968815803528e-05,
      "iter_idx": 1,
      "op_name": "mismatch",
      "tag": "newtonpf"
    },
    {
      "elapsed_sec": 0.0052715204656124115,
      "iter_idx": 2,
      "op_name": "jacobian",
      "tag": "newtonpf"
    },
    {
      "elapsed_sec": 0.0070829130709171295,
      "iter_idx": 2,
      "op_name": "solve",
      "tag": "newtonpf"
    },
    {
      "elapsed_sec": 0.000132828950881958,
      "iter_idx": 2,
      "op_name": "update_voltage",
      "tag": "newtonpf"
    },
    {
      "elapsed_sec": 7.547996938228607e-05,
      "iter_idx": 2,
      "op_name": "mismatch",
      "tag": "newtonpf"
    },
    {
      "elapsed_sec": 0.0049918293952941895,
      "iter_idx": 3,
      "op_name": "jacobian",
      "tag": "newtonpf"
    },
    {
      "elapsed_sec": 0.006985941901803017,
      "iter_idx": 3,
      "op_name": "solve",
      "tag": "newtonpf"
    },
    {
      "elapsed_sec": 0.0001323409378528595,
      "iter_idx": 3,
      "op_name": "update_voltage",
      "tag": "newtonpf"
    },
    {
      "elapsed_sec": 7.532723248004913e-05,
      "iter_idx": 3,
      "op_name": "mismatch",
      "tag": "newtonpf"
    },
    {
      "elapsed_sec": 0.005089228972792625,
      "iter_idx": 4,
      "op_name": "jacobian",
      "tag": "newtonpf"
    },
    {
      "elapsed_sec": 0.00707160122692585,
      "iter_idx": 4,
      "op_name": "solve",
      "tag": "newtonpf"
    },
    {
      "elapsed_sec": 0.00013204291462898254,
      "iter_idx": 4,
      "op_name": "update_voltage",
      "tag": "newtonpf"
    },
    {
      "elapsed_sec": 7.520057260990143e-05,
      "iter_idx": 4,
      "op_name": "mismatch",
      "tag": "newtonpf"
    },
    {
      "elapsed_sec": 0.049517277628183365,
      "iter_idx": 0,
      "op_name": "newtonpf",
      "tag": "runpf"
    }
  ]
}
