{
  "summary": {
    "analyze_sec": "",
    "backend": "python",
    "buses": "",
    "case_name": "case2746wop_k",
    "case_stem": "pglib_opf_case2746wop_k",
    "compute": "fp64",
    "dump_case_name": "",
    "elapsed_sec": 0.054649580270051956,
    "final_mismatch": 1.4977732648068056e-11,
    "implementation": "pypower",
    "iterations": 4,
    "jacobian": "pypower",
    "max_abs_v_delta_from_v0": "",
    "measurement_mode": "operators",
    "newtonpf.init_index.avg_sec": 1.3180077075958252e-05,
    "newtonpf.init_index.count": 1,
    "newtonpf.init_index.total_sec": 1.3180077075958252e-05,
    "newtonpf.jacobian.avg_sec": 0.005094090476632118,
    "newtonpf.jacobian.count": 4,
    "newtonpf.jacobian.total_sec": 0.020376361906528473,
    "newtonpf.mismatch.avg_sec": 7.289983332157136e-05,
    "newtonpf.mismatch.count": 5,
    "newtonpf.mismatch.total_sec": 0.00036449916660785675,
    "newtonpf.solve.avg_sec": 0.007053149864077568,
    "newtonpf.solve.count": 4,
    "newtonpf.solve.total_sec": 0.028212599456310272,
    "newtonpf.update_voltage.avg_sec": 0.00013428181409835815,
    "newtonpf.update_voltage.count": 4,
    "newtonpf.update_voltage.total_sec": 0.0005371272563934326,
    "pq": "",
    "profile": "pypower",
    "pv": "",
    "repeat_idx": 0,
    "runpf.build_Sbus.avg_sec": 0.00016216188669204712,
    "runpf.build_Sbus.count": 1,
    "runpf.build_Sbus.total_sec": 0.00016216188669204712,
    "runpf.build_Ybus.avg_sec": 0.0033173970878124237,
    "runpf.build_Ybus.count": 1,
    "runpf.build_Ybus.total_sec": 0.0033173970878124237,
    "runpf.bus_indexing.avg_sec": 0.0013338420540094376,
    "runpf.bus_indexing.count": 1,
    "runpf.bus_indexing.total_sec": 0.0013338420540094376,
    "runpf.load_case_data.avg_sec": 0.0005295407027006149,
    "runpf.load_case_data.count": 1,
    "runpf.load_case_data.total_sec": 0.0005295407027006149,
    "runpf.newtonpf.avg_sec": 0.04958864115178585,
    "runpf.newtonpf.count": 1,
    "runpf.newtonpf.total_sec": 0.04958864115178585,
    "solve_sec": 0.04958864115178585,
    "source_profile": "pypower",
    "success": true
  },
  "timing_entries": [
    {
      "elapsed_sec": 0.0005295407027006149,
      "iter_idx": 0,
      "op_name": "load_case_data",
      "tag": "runpf"
    },
    {
      "elapsed_sec": 0.0013338420540094376,
      "iter_idx": 0,
      "op_name": "bus_indexing",
      "tag": "runpf"
    },
    {
      "elapsed_sec": 0.0033173970878124237,
      "iter_idx": 0,
      "op_name": "build_Ybus",
      "tag": "runpf"
    },
    {
      "elapsed_sec": 0.00016216188669204712,
      "iter_idx": 0,
      "op_name": "build_Sbus",
      "tag": "runpf"
    },
    {
      "elapsed_sec": 1.3180077075958252e-05,
      "iter_idx": 0,
      "op_name": "init_index",
      "tag": "newtonpf"
    },
    {
      "elapsed_sec": 6.453879177570343e-05,
      "iter_idx": 0,
      "op_name": "mismatch",
      "tag": "newtonpf"
    },
    {
      "elapsed_sec": 0.004997607320547104,
      "iter_idx": 1,
      "op_name": "jacobian",
      "tag": "newtonpf"
    },
    {
      "elapsed_sec": 0.00696520134806633,
      "iter_idx": 1,
      "op_name": "solve",
      "tag": "newtonpf"
    },
    {
      "elapsed_sec": 0.00013118982315063477,
      "iter_idx": 1,
      "op_name": "update_voltage",
      "tag": "newtonpf"
    },
    {
      "elapsed_sec": 7.477961480617523e-05,
      "iter_idx": 1,
      "op_name": "mismatch",
      "tag": "newtonpf"
    },
    {
      "elapsed_sec": 0.00528487004339695,
      "iter_idx": 2,
      "op_name": "jacobian",
      "tag": "newtonpf"
    },
    {
      "elapsed_sec": 0.007097173482179642,
      "iter_idx": 2,
      "op_name": "solve",
      "tag": "newtonpf"
    },
    {
      "elapsed_sec": 0.00013182125985622406,
      "iter_idx": 2,
      "op_name": "update_voltage",
      "tag": "newtonpf"
    },
    {
      "elapsed_sec": 7.455982267856598e-05,
      "iter_idx": 2,
      "op_name": "mismatch",
      "tag": "newtonpf"
    },
    {
      "elapsed_sec": 0.005033576861023903,
      "iter_idx": 3,
      "op_name": "jacobian",
      "tag": "newtonpf"
    },
    {
      "elapsed_sec": 0.007164351642131805,
      "iter_idx": 3,
      "op_name": "solve",
      "tag": "newtonpf"
    },
    {
      "elapsed_sec": 0.0001333635300397873,
      "iter_idx": 3,
      "op_name": "update_voltage",
      "tag": "newtonpf"
    },
    {
      "elapsed_sec": 7.572025060653687e-05,
      "iter_idx": 3,
      "op_name": "mismatch",
      "tag": "newtonpf"
    },
    {
      "elapsed_sec": 0.005060307681560516,
      "iter_idx": 4,
      "op_name": "jacobian",
      "tag": "newtonpf"
    },
    {
      "elapsed_sec": 0.006985872983932495,
      "iter_idx": 4,
      "op_name": "solve",
      "tag": "newtonpf"
    },
    {
      "elapsed_sec": 0.0001407526433467865,
      "iter_idx": 4,
      "op_name": "update_voltage",
      "tag": "newtonpf"
    },
    {
      "elapsed_sec": 7.490068674087524e-05,
      "iter_idx": 4,
      "op_name": "mismatch",
      "tag": "newtonpf"
    },
    {
      "elapsed_sec": 0.04958864115178585,
      "iter_idx": 0,
      "op_name": "newtonpf",
      "tag": "runpf"
    }
  ]
}
