{
  "summary": {
    "analyze_sec": "",
    "backend": "python",
    "buses": "",
    "case_name": "case2746wop_k",
    "case_stem": "pglib_opf_case2746wop_k",
    "compute": "fp64",
    "dump_case_name": "",
    "elapsed_sec": 0.05492000840604305,
    "final_mismatch": 1.4977732648068056e-11,
    "implementation": "pypower",
    "iterations": 4,
    "jacobian": "pypower",
    "max_abs_v_delta_from_v0": "",
    "measurement_mode": "operators",
    "newtonpf.init_index.avg_sec": 1.2619420886039734e-05,
    "newtonpf.init_index.count": 1,
    "newtonpf.init_index.total_sec": 1.2619420886039734e-05,
    "newtonpf.jacobian.avg_sec": 0.005098712630569935,
    "newtonpf.jacobian.count": 4,
    "newtonpf.jacobian.total_sec": 0.02039485052227974,
    "newtonpf.mismatch.avg_sec": 7.406026124954224e-05,
    "newtonpf.mismatch.count": 5,
    "newtonpf.mismatch.total_sec": 0.0003703013062477112,
    "newtonpf.solve.avg_sec": 0.0071190339513123035,
    "newtonpf.solve.count": 4,
    "newtonpf.solve.total_sec": 0.028476135805249214,
    "newtonpf.update_voltage.avg_sec": 0.00013351859524846077,
    "newtonpf.update_voltage.count": 4,
    "newtonpf.update_voltage.total_sec": 0.0005340743809938431,
    "pq": "",
    "profile": "pypower",
    "pv": "",
    "repeat_idx": 1,
    "runpf.build_Sbus.avg_sec": 0.00016437098383903503,
    "runpf.build_Sbus.count": 1,
    "runpf.build_Sbus.total_sec": 0.00016437098383903503,
    "runpf.build_Ybus.avg_sec": 0.0033053364604711533,
    "runpf.build_Ybus.count": 1,
    "runpf.build_Ybus.total_sec": 0.0033053364604711533,
    "runpf.bus_indexing.avg_sec": 0.0013089235872030258,
    "runpf.bus_indexing.count": 1,
    "runpf.bus_indexing.total_sec": 0.0013089235872030258,
    "runpf.load_case_data.avg_sec": 0.0004793833941221237,
    "runpf.load_case_data.count": 1,
    "runpf.load_case_data.total_sec": 0.0004793833941221237,
    "runpf.newtonpf.avg_sec": 0.049875710159540176,
    "runpf.newtonpf.count": 1,
    "runpf.newtonpf.total_sec": 0.049875710159540176,
    "solve_sec": 0.049875710159540176,
    "source_profile": "pypower",
    "success": true
  },
  "timing_entries": [
    {
      "elapsed_sec": 0.0004793833941221237,
      "iter_idx": 0,
      "op_name": "load_case_data",
      "tag": "runpf"
    },
    {
      "elapsed_sec": 0.0013089235872030258,
      "iter_idx": 0,
      "op_name": "bus_indexing",
      "tag": "runpf"
    },
    {
      "elapsed_sec": 0.0033053364604711533,
      "iter_idx": 0,
      "op_name": "build_Ybus",
      "tag": "runpf"
    },
    {
      "elapsed_sec": 0.00016437098383903503,
      "iter_idx": 0,
      "op_name": "build_Sbus",
      "tag": "runpf"
    },
    {
      "elapsed_sec": 1.2619420886039734e-05,
      "iter_idx": 0,
      "op_name": "init_index",
      "tag": "newtonpf"
    },
    {
      "elapsed_sec": 6.513111293315887e-05,
      "iter_idx": 0,
      "op_name": "mismatch",
      "tag": "newtonpf"
    },
    {
      "elapsed_sec": 0.005025437101721764,
      "iter_idx": 1,
      "op_name": "jacobian",
      "tag": "newtonpf"
    },
    {
      "elapsed_sec": 0.007310744374990463,
      "iter_idx": 1,
      "op_name": "solve",
      "tag": "newtonpf"
    },
    {
      "elapsed_sec": 0.00013102777302265167,
      "iter_idx": 1,
      "op_name": "update_voltage",
      "tag": "newtonpf"
    },
    {
      "elapsed_sec": 7.538869976997375e-05,
      "iter_idx": 1,
      "op_name": "mismatch",
      "tag": "newtonpf"
    },
    {
      "elapsed_sec": 0.005256516858935356,
      "iter_idx": 2,
      "op_name": "jacobian",
      "tag": "newtonpf"
    },
    {
      "elapsed_sec": 0.00704505480825901,
      "iter_idx": 2,
      "op_name": "solve",
      "tag": "newtonpf"
    },
    {
      "elapsed_sec": 0.00013495981693267822,
      "iter_idx": 2,
      "op_name": "update_voltage",
      "tag": "newtonpf"
    },
    {
      "elapsed_sec": 7.48801976442337e-05,
      "iter_idx": 2,
      "op_name": "mismatch",
      "tag": "newtonpf"
    },
    {
      "elapsed_sec": 0.005081988871097565,
      "iter_idx": 3,
      "op_name": "jacobian",
      "tag": "newtonpf"
    },
    {
      "elapsed_sec": 0.007055744528770447,
      "iter_idx": 3,
      "op_name": "solve",
      "tag": "newtonpf"
    },
    {
      "elapsed_sec": 0.0001358184963464737,
      "iter_idx": 3,
      "op_name": "update_voltage",
      "tag": "newtonpf"
    },
    {
      "elapsed_sec": 7.943250238895416e-05,
      "iter_idx": 3,
      "op_name": "mismatch",
      "tag": "newtonpf"
    },
    {
      "elapsed_sec": 0.005030907690525055,
      "iter_idx": 4,
      "op_name": "jacobian",
      "tag": "newtonpf"
    },
    {
      "elapsed_sec": 0.007064592093229294,
      "iter_idx": 4,
      "op_name": "solve",
      "tag": "newtonpf"
    },
    {
      "elapsed_sec": 0.0001322682946920395,
      "iter_idx": 4,
      "op_name": "update_voltage",
      "tag": "newtonpf"
    },
    {
      "elapsed_sec": 7.546879351139069e-05,
      "iter_idx": 4,
      "op_name": "mismatch",
      "tag": "newtonpf"
    },
    {
      "elapsed_sec": 0.049875710159540176,
      "iter_idx": 0,
      "op_name": "newtonpf",
      "tag": "runpf"
    }
  ]
}
