{
  "summary": {
    "analyze_sec": "",
    "backend": "python",
    "buses": "",
    "case_name": "case2746wop_k",
    "case_stem": "pglib_opf_case2746wop_k",
    "compute": "fp64",
    "dump_case_name": "",
    "elapsed_sec": 0.05460193753242493,
    "final_mismatch": 1.4977732648068056e-11,
    "implementation": "pypower",
    "iterations": 4,
    "jacobian": "pypower",
    "max_abs_v_delta_from_v0": "",
    "measurement_mode": "operators",
    "newtonpf.init_index.avg_sec": 1.2539327144622803e-05,
    "newtonpf.init_index.count": 1,
    "newtonpf.init_index.total_sec": 1.2539327144622803e-05,
    "newtonpf.jacobian.avg_sec": 0.005115341395139694,
    "newtonpf.jacobian.count": 4,
    "newtonpf.jacobian.total_sec": 0.020461365580558777,
    "newtonpf.mismatch.avg_sec": 7.277913391590118e-05,
    "newtonpf.mismatch.count": 5,
    "newtonpf.mismatch.total_sec": 0.0003638956695795059,
    "newtonpf.solve.avg_sec": 0.007031305693089962,
    "newtonpf.solve.count": 4,
    "newtonpf.solve.total_sec": 0.028125222772359848,
    "newtonpf.update_voltage.avg_sec": 0.00013182824477553368,
    "newtonpf.update_voltage.count": 4,
    "newtonpf.update_voltage.total_sec": 0.0005273129791021347,
    "pq": "",
    "profile": "pypower",
    "pv": "",
    "repeat_idx": 6,
    "runpf.build_Sbus.avg_sec": 0.00016052834689617157,
    "runpf.build_Sbus.count": 1,
    "runpf.build_Sbus.total_sec": 0.00016052834689617157,
    "runpf.build_Ybus.avg_sec": 0.003316303715109825,
    "runpf.build_Ybus.count": 1,
    "runpf.build_Ybus.total_sec": 0.003316303715109825,
    "runpf.bus_indexing.avg_sec": 0.0012871809303760529,
    "runpf.bus_indexing.count": 1,
    "runpf.bus_indexing.total_sec": 0.0012871809303760529,
    "runpf.load_case_data.avg_sec": 0.00046020932495594025,
    "runpf.load_case_data.count": 1,
    "runpf.load_case_data.total_sec": 0.00046020932495594025,
    "runpf.newtonpf.avg_sec": 0.04957607947289944,
    "runpf.newtonpf.count": 1,
    "runpf.newtonpf.total_sec": 0.04957607947289944,
    "solve_sec": 0.04957607947289944,
    "source_profile": "pypower",
    "success": true
  },
  "timing_entries": [
    {
      "elapsed_sec": 0.00046020932495594025,
      "iter_idx": 0,
      "op_name": "load_case_data",
      "tag": "runpf"
    },
    {
      "elapsed_sec": 0.0012871809303760529,
      "iter_idx": 0,
      "op_name": "bus_indexing",
      "tag": "runpf"
    },
    {
      "elapsed_sec": 0.003316303715109825,
      "iter_idx": 0,
      "op_name": "build_Ybus",
      "tag": "runpf"
    },
    {
      "elapsed_sec": 0.00016052834689617157,
      "iter_idx": 0,
      "op_name": "build_Sbus",
      "tag": "runpf"
    },
    {
      "elapsed_sec": 1.2539327144622803e-05,
      "iter_idx": 0,
      "op_name": "init_index",
      "tag": "newtonpf"
    },
    {
      "elapsed_sec": 6.376951932907104e-05,
      "iter_idx": 0,
      "op_name": "mismatch",
      "tag": "newtonpf"
    },
    {
      "elapsed_sec": 0.004994697868824005,
      "iter_idx": 1,
      "op_name": "jacobian",
      "tag": "newtonpf"
    },
    {
      "elapsed_sec": 0.006927331909537315,
      "iter_idx": 1,
      "op_name": "solve",
      "tag": "newtonpf"
    },
    {
      "elapsed_sec": 0.0001305602490901947,
      "iter_idx": 1,
      "op_name": "update_voltage",
      "tag": "newtonpf"
    },
    {
      "elapsed_sec": 7.505901157855988e-05,
      "iter_idx": 1,
      "op_name": "mismatch",
      "tag": "newtonpf"
    },
    {
      "elapsed_sec": 0.005235819146037102,
      "iter_idx": 2,
      "op_name": "jacobian",
      "tag": "newtonpf"
    },
    {
      "elapsed_sec": 0.007036672905087471,
      "iter_idx": 2,
      "op_name": "solve",
      "tag": "newtonpf"
    },
    {
      "elapsed_sec": 0.0001322515308856964,
      "iter_idx": 2,
      "op_name": "update_voltage",
      "tag": "newtonpf"
    },
    {
      "elapsed_sec": 7.437914609909058e-05,
      "iter_idx": 2,
      "op_name": "mismatch",
      "tag": "newtonpf"
    },
    {
      "elapsed_sec": 0.005045529454946518,
      "iter_idx": 3,
      "op_name": "jacobian",
      "tag": "newtonpf"
    },
    {
      "elapsed_sec": 0.007121125236153603,
      "iter_idx": 3,
      "op_name": "solve",
      "tag": "newtonpf"
    },
    {
      "elapsed_sec": 0.00013250112533569336,
      "iter_idx": 3,
      "op_name": "update_voltage",
      "tag": "newtonpf"
    },
    {
      "elapsed_sec": 7.507950067520142e-05,
      "iter_idx": 3,
      "op_name": "mismatch",
      "tag": "newtonpf"
    },
    {
      "elapsed_sec": 0.005185319110751152,
      "iter_idx": 4,
      "op_name": "jacobian",
      "tag": "newtonpf"
    },
    {
      "elapsed_sec": 0.007040092721581459,
      "iter_idx": 4,
      "op_name": "solve",
      "tag": "newtonpf"
    },
    {
      "elapsed_sec": 0.00013200007379055023,
      "iter_idx": 4,
      "op_name": "update_voltage",
      "tag": "newtonpf"
    },
    {
      "elapsed_sec": 7.560849189758301e-05,
      "iter_idx": 4,
      "op_name": "mismatch",
      "tag": "newtonpf"
    },
    {
      "elapsed_sec": 0.04957607947289944,
      "iter_idx": 0,
      "op_name": "newtonpf",
      "tag": "runpf"
    }
  ]
}
