{
  "summary": {
    "analyze_sec": "",
    "backend": "python",
    "buses": "",
    "case_name": "case2746wop_k",
    "case_stem": "pglib_opf_case2746wop_k",
    "compute": "fp64",
    "dump_case_name": "",
    "elapsed_sec": 0.05497407913208008,
    "final_mismatch": 1.4977732648068056e-11,
    "implementation": "pypower",
    "iterations": 4,
    "jacobian": "pypower",
    "max_abs_v_delta_from_v0": "",
    "measurement_mode": "operators",
    "newtonpf.init_index.avg_sec": 1.2809410691261292e-05,
    "newtonpf.init_index.count": 1,
    "newtonpf.init_index.total_sec": 1.2809410691261292e-05,
    "newtonpf.jacobian.avg_sec": 0.005114048719406128,
    "newtonpf.jacobian.count": 4,
    "newtonpf.jacobian.total_sec": 0.02045619487762451,
    "newtonpf.mismatch.avg_sec": 7.297135889530181e-05,
    "newtonpf.mismatch.count": 5,
    "newtonpf.mismatch.total_sec": 0.0003648567944765091,
    "newtonpf.solve.avg_sec": 0.007084861397743225,
    "newtonpf.solve.count": 4,
    "newtonpf.solve.total_sec": 0.0283394455909729,
    "newtonpf.update_voltage.avg_sec": 0.0001343749463558197,
    "newtonpf.update_voltage.count": 4,
    "newtonpf.update_voltage.total_sec": 0.0005374997854232788,
    "pq": "",
    "profile": "pypower",
    "pv": "",
    "repeat_idx": 2,
    "runpf.build_Sbus.avg_sec": 0.0001775994896888733,
    "runpf.build_Sbus.count": 1,
    "runpf.build_Sbus.total_sec": 0.0001775994896888733,
    "runpf.build_Ybus.avg_sec": 0.003267897292971611,
    "runpf.build_Ybus.count": 1,
    "runpf.build_Ybus.total_sec": 0.003267897292971611,
    "runpf.bus_indexing.avg_sec": 0.0013295318931341171,
    "runpf.bus_indexing.count": 1,
    "runpf.bus_indexing.total_sec": 0.0013295318931341171,
    "runpf.load_case_data.avg_sec": 0.0004704594612121582,
    "runpf.load_case_data.count": 1,
    "runpf.load_case_data.total_sec": 0.0004704594612121582,
    "runpf.newtonpf.avg_sec": 0.04979829862713814,
    "runpf.newtonpf.count": 1,
    "runpf.newtonpf.total_sec": 0.04979829862713814,
    "solve_sec": 0.04979829862713814,
    "source_profile": "pypower",
    "success": true
  },
  "timing_entries": [
    {
      "elapsed_sec": 0.0004704594612121582,
      "iter_idx": 0,
      "op_name": "load_case_data",
      "tag": "runpf"
    },
    {
      "elapsed_sec": 0.0013295318931341171,
      "iter_idx": 0,
      "op_name": "bus_indexing",
      "tag": "runpf"
    },
    {
      "elapsed_sec": 0.003267897292971611,
      "iter_idx": 0,
      "op_name": "build_Ybus",
      "tag": "runpf"
    },
    {
      "elapsed_sec": 0.0001775994896888733,
      "iter_idx": 0,
      "op_name": "build_Sbus",
      "tag": "runpf"
    },
    {
      "elapsed_sec": 1.2809410691261292e-05,
      "iter_idx": 0,
      "op_name": "init_index",
      "tag": "newtonpf"
    },
    {
      "elapsed_sec": 6.401911377906799e-05,
      "iter_idx": 0,
      "op_name": "mismatch",
      "tag": "newtonpf"
    },
    {
      "elapsed_sec": 0.005025489255785942,
      "iter_idx": 1,
      "op_name": "jacobian",
      "tag": "newtonpf"
    },
    {
      "elapsed_sec": 0.006965972483158112,
      "iter_idx": 1,
      "op_name": "solve",
      "tag": "newtonpf"
    },
    {
      "elapsed_sec": 0.00013205967843532562,
      "iter_idx": 1,
      "op_name": "update_voltage",
      "tag": "newtonpf"
    },
    {
      "elapsed_sec": 7.482990622520447e-05,
      "iter_idx": 1,
      "op_name": "mismatch",
      "tag": "newtonpf"
    },
    {
      "elapsed_sec": 0.005248939618468285,
      "iter_idx": 2,
      "op_name": "jacobian",
      "tag": "newtonpf"
    },
    {
      "elapsed_sec": 0.007183965295553207,
      "iter_idx": 2,
      "op_name": "solve",
      "tag": "newtonpf"
    },
    {
      "elapsed_sec": 0.00013836100697517395,
      "iter_idx": 2,
      "op_name": "update_voltage",
      "tag": "newtonpf"
    },
    {
      "elapsed_sec": 7.603876292705536e-05,
      "iter_idx": 2,
      "op_name": "mismatch",
      "tag": "newtonpf"
    },
    {
      "elapsed_sec": 0.005023777484893799,
      "iter_idx": 3,
      "op_name": "jacobian",
      "tag": "newtonpf"
    },
    {
      "elapsed_sec": 0.007010253146290779,
      "iter_idx": 3,
      "op_name": "solve",
      "tag": "newtonpf"
    },
    {
      "elapsed_sec": 0.00013443082571029663,
      "iter_idx": 3,
      "op_name": "update_voltage",
      "tag": "newtonpf"
    },
    {
      "elapsed_sec": 7.474049925804138e-05,
      "iter_idx": 3,
      "op_name": "mismatch",
      "tag": "newtonpf"
    },
    {
      "elapsed_sec": 0.005157988518476486,
      "iter_idx": 4,
      "op_name": "jacobian",
      "tag": "newtonpf"
    },
    {
      "elapsed_sec": 0.007179254665970802,
      "iter_idx": 4,
      "op_name": "solve",
      "tag": "newtonpf"
    },
    {
      "elapsed_sec": 0.0001326482743024826,
      "iter_idx": 4,
      "op_name": "update_voltage",
      "tag": "newtonpf"
    },
    {
      "elapsed_sec": 7.522851228713989e-05,
      "iter_idx": 4,
      "op_name": "mismatch",
      "tag": "newtonpf"
    },
    {
      "elapsed_sec": 0.04979829862713814,
      "iter_idx": 0,
      "op_name": "newtonpf",
      "tag": "runpf"
    }
  ]
}
