case_name,fresh_iter,stale_iter,dx_fresh_l2,dx_stale_l2,dx_delta_l2,dx_delta_l2_over_fresh_l2,dx_cosine,max_delta_index,dx_fresh_at_max_delta,dx_stale_at_max_delta,dx_delta_at_max_delta
Base_Eastern_Interconnect_515GW,0,1,482.8451803746563,561.631933357814,1044.435444758826,2.163085575273657,-0.9998395117006658,3792,2.24502,-2.59495,-4.839969999999999
Base_Eastern_Interconnect_515GW,2,3,88.46843092681297,1.7504735947206853,90.21106155721989,1.0196977680303672,-0.9954310645540577,5903,0.386222,-0.00678848,-0.39301048
Base_Eastern_Interconnect_515GW,4,5,0.07857823504917366,2.4054246581947244e-05,0.07860017987579164,1.0002792736004347,-0.9122800468755808,5872,0.000294545,-1.23101e-07,-0.000294668101
Base_West_Interconnect_121GW,0,1,4.975343295120361,4.734662847260996,9.70155054007441,1.9499258572949818,-0.9965161230561,663,0.0853712,-0.079608,-0.1649792
Base_West_Interconnect_121GW,2,3,0.06684298563352963,8.63396695901485e-05,0.06692089394836277,1.0011655421147745,-0.9022267093677466,663,-0.00224803,-1.35047e-06,0.0022466795299999997
MemphisCase2026_Mar7,0,1,0.0005977269503978756,5.6284120361546274e-08,0.0005977015202249703,0.9999574552010941,0.45185536769931045,613,-6.08434e-05,-2.58797e-09,6.084081203e-05
Texas7k_20220923,0,1,0.16076041952439357,0.018391418537860752,0.17282815832421808,1.075066604301772,-0.6235879697698682,7969,0.0158092,-0.000263007,-0.016072206999999998
case_ACTIVSg25k,0,1,10.431688312567912,11.062596345571754,21.479123787485864,2.0590266066144056,-0.9971771858894006,6178,0.24575,-0.269701,-0.515451
case_ACTIVSg25k,2,3,0.6942438005111188,0.002205289548884492,0.6964311373373951,1.0031506753458455,-0.9918334905520368,1219,0.0247719,-9.86932e-05,-0.0248705932
