{
  "dataset_root": "/workspace/datasets/cuPF_datasets",
  "case_dir": "/workspace/datasets/cuPF_datasets/case9241_pegase",
  "case_name": "case9241_pegase",
  "benchmark_kind": "cudss_linear_system",
  "mode": "schur_j22",
  "linear_system_origin": "V0 Newton step",
  "rhs_definition": "b = -F(V0)",
  "matrix_definition": "J = dF/dx at V0",
  "matrix_precision": "float32",
  "rhs_precision": "float32",
  "jacobian": "edge_based",
  "warmup": 3,
  "repeats": 10,
  "buses": 9241,
  "ybus_nnz": 37655,
  "pv": 1444,
  "pq": 7796,
  "schur_dim": 7796,
  "linear_dim": 17036,
  "linear_nnz": 129412,
  "build_system_sec": 0.0068019899999999999,
  "analysis_sec": 0.18301761799999999,
  "no_analysis_sec_mean": 0.1380695037841797,
  "mismatch_inf": 28.581213347603807,
  "rhs_inf": 28.581213347603807,
  "runs": [
    {
      "repeat_idx": 0,
      "factorization_sec": 0.016285696029663087,
      "schur_extract_sec": 0.064090110778808593,
      "fwd_solve_sec": 0.00018534399569034577,
      "diag_sec": 4.0959999896585945e-06,
      "getrf_sec": 0.053090305328369142,
      "getrs_sec": 0.0028364799022674563,
      "schur_solve_sec": 0.055930881230626256,
      "bwd_solve_sec": 0.00058982402086257932,
      "solve_sec": 0.056706049247179181,
      "total_sec": 0.13708186340332032,
      "residual_inf": 0,
      "relative_residual_inf": 0,
      "solution_inf": 0
    },
    {
      "repeat_idx": 1,
      "factorization_sec": 0.017819648742675782,
      "schur_extract_sec": 0.063922176361083979,
      "fwd_solve_sec": 0.00018534399569034577,
      "diag_sec": 4.0959999896585945e-06,
      "getrf_sec": 0.053481472015380858,
      "getrs_sec": 0.0028375039100646971,
      "schur_solve_sec": 0.05632307192543521,
      "bwd_solve_sec": 0.00058982402086257932,
      "solve_sec": 0.057098239941988135,
      "total_sec": 0.13884005737304689,
      "residual_inf": 0,
      "relative_residual_inf": 0,
      "solution_inf": 0
    },
    {
      "repeat_idx": 2,
      "factorization_sec": 0.016577535629272461,
      "schur_extract_sec": 0.064095230102539064,
      "fwd_solve_sec": 0.000187391996383667,
      "diag_sec": 4.0959999896585945e-06,
      "getrf_sec": 0.053526527404785154,
      "getrs_sec": 0.0028651518821716311,
      "schur_solve_sec": 0.056395775286946441,
      "bwd_solve_sec": 0.00059903997182846069,
      "solve_sec": 0.057182207255158567,
      "total_sec": 0.13785498046875,
      "residual_inf": 0,
      "relative_residual_inf": 0,
      "solution_inf": 0
    },
    {
      "repeat_idx": 3,
      "factorization_sec": 0.016800767898559572,
      "schur_extract_sec": 0.063787006378173833,
      "fwd_solve_sec": 0.00018534399569034577,
      "diag_sec": 4.0959999896585945e-06,
      "getrf_sec": 0.054053886413574219,
      "getrs_sec": 0.0028354558944702151,
      "schur_solve_sec": 0.056893438308034089,
      "bwd_solve_sec": 0.00059084802865982055,
      "solve_sec": 0.057669630332384259,
      "total_sec": 0.13825740051269531,
      "residual_inf": 0,
      "relative_residual_inf": 0,
      "solution_inf": 0
    },
    {
      "repeat_idx": 4,
      "factorization_sec": 0.017020927429199219,
      "schur_extract_sec": 0.063774719238281249,
      "fwd_solve_sec": 0.00018636800348758697,
      "diag_sec": 4.0959999896585945e-06,
      "getrf_sec": 0.053896190643310547,
      "getrs_sec": 0.0028671998977661131,
      "schur_solve_sec": 0.056767486541066316,
      "bwd_solve_sec": 0.0005959680080413819,
      "solve_sec": 0.057549822552595283,
      "total_sec": 0.13834547424316407,
      "residual_inf": 0,
      "relative_residual_inf": 0,
      "solution_inf": 0
    },
    {
      "repeat_idx": 5,
      "factorization_sec": 0.016722944259643557,
      "schur_extract_sec": 0.063902721405029297,
      "fwd_solve_sec": 0.00018534399569034577,
      "diag_sec": 4.0959999896585945e-06,
      "getrf_sec": 0.053514240264892578,
      "getrs_sec": 0.0027996160984039308,
      "schur_solve_sec": 0.056317952363286163,
      "bwd_solve_sec": 0.00058470398187637329,
      "solve_sec": 0.05708800034085288,
      "total_sec": 0.13771366882324218,
      "residual_inf": 0,
      "relative_residual_inf": 0,
      "solution_inf": 0
    },
    {
      "repeat_idx": 6,
      "factorization_sec": 0.016791551589965821,
      "schur_extract_sec": 0.063776767730712891,
      "fwd_solve_sec": 0.000187391996383667,
      "diag_sec": 4.0959999896585945e-06,
      "getrf_sec": 0.054111232757568357,
      "getrs_sec": 0.0028641281127929686,
      "schur_solve_sec": 0.056979456870350983,
      "bwd_solve_sec": 0.00059699201583862302,
      "solve_sec": 0.057763840882573268,
      "total_sec": 0.13833215332031251,
      "residual_inf": 0,
      "relative_residual_inf": 0,
      "solution_inf": 0
    },
    {
      "repeat_idx": 7,
      "factorization_sec": 0.016805887222290039,
      "schur_extract_sec": 0.064079872131347651,
      "fwd_solve_sec": 0.00018534399569034577,
      "diag_sec": 4.0959999896585945e-06,
      "getrf_sec": 0.053481472015380858,
      "getrs_sec": 0.0028180480003356934,
      "schur_solve_sec": 0.056303616015706208,
      "bwd_solve_sec": 0.00058675199747085574,
      "solve_sec": 0.057075712008867407,
      "total_sec": 0.13796147155761718,
      "residual_inf": 0,
      "relative_residual_inf": 0,
      "solution_inf": 0
    },
    {
      "repeat_idx": 8,
      "factorization_sec": 0.016813056945800781,
      "schur_extract_sec": 0.064017410278320308,
      "fwd_solve_sec": 0.00018636800348758697,
      "diag_sec": 4.0959999896585945e-06,
      "getrf_sec": 0.053536769866943362,
      "getrs_sec": 0.002841599941253662,
      "schur_solve_sec": 0.056382465808186677,
      "bwd_solve_sec": 0.00059289598464965822,
      "solve_sec": 0.057161729796323918,
      "total_sec": 0.1379921875,
      "residual_inf": 0,
      "relative_residual_inf": 0,
      "solution_inf": 0
    },
    {
      "repeat_idx": 9,
      "factorization_sec": 0.017040384292602538,
      "schur_extract_sec": 0.064146430969238277,
      "fwd_solve_sec": 0.00018636800348758697,
      "diag_sec": 4.0959999896585945e-06,
      "getrf_sec": 0.053530624389648437,
      "getrs_sec": 0.002821120023727417,
      "schur_solve_sec": 0.056355840413365513,
      "bwd_solve_sec": 0.00058675199747085574,
      "solve_sec": 0.05712896041432395,
      "total_sec": 0.13831578063964844,
      "residual_inf": 0.0033135756266284844,
      "relative_residual_inf": 0.0001159354428494299,
      "solution_inf": 3.539339542388916
    }
  ],
  "summary": {
    "analysis_sec": 0.18301761799999999,
    "factorization_sec_mean": 0.016867840003967287,
    "no_analysis_sec_mean": 0.1380695037841797,
    "schur_extract_sec_mean": 0.063959244537353507,
    "fwd_solve_sec_mean": 0.00018606079816818242,
    "diag_sec_mean": 4.0959999896585936e-06,
    "getrf_sec_mean": 0.053622272109985346,
    "getrs_sec_mean": 0.0028386303663253789,
    "schur_solve_sec_mean": 0.05646499847630039,
    "bwd_solve_sec_mean": 0.00059136000275611877,
    "solve_sec_mean": 0.057242419277224676,
    "total_sec_mean": 0.1380695037841797,
    "factorization_sec_min": 0.016285696029663087,
    "solve_sec_min": 0.056706049247179181,
    "total_sec_min": 0.13708186340332032,
    "residual_inf_max": 0.0033135756266284844,
    "relative_residual_inf_max": 0.0001159354428494299
  }
}
