{
  "dataset_root": "/workspace/datasets/cuPF_datasets",
  "case_dir": "/workspace/datasets/cuPF_datasets/case8387_pegase",
  "case_name": "case8387_pegase",
  "benchmark_kind": "cudss_linear_system",
  "mode": "schur_j22",
  "linear_system_origin": "V0 Newton step",
  "rhs_definition": "b = -F(V0)",
  "matrix_definition": "J = dF/dx at V0",
  "matrix_precision": "float32",
  "rhs_precision": "float32",
  "jacobian": "edge_based",
  "warmup": 3,
  "repeats": 10,
  "buses": 8387,
  "ybus_nnz": 34377,
  "pv": 1864,
  "pq": 6522,
  "schur_dim": 6522,
  "linear_dim": 14908,
  "linear_nnz": 110572,
  "build_system_sec": 0.0059494910000000003,
  "analysis_sec": 0.14743637600000001,
  "no_analysis_sec_mean": 0.099644722747802728,
  "mismatch_inf": 2240.5179016120151,
  "rhs_inf": 2240.5179016120151,
  "runs": [
    {
      "repeat_idx": 0,
      "factorization_sec": 0.014627840042114258,
      "schur_extract_sec": 0.045071361541748046,
      "fwd_solve_sec": 0.00017919999361038207,
      "diag_sec": 4.0959999896585945e-06,
      "getrf_sec": 0.037122047424316407,
      "getrs_sec": 0.0022579200267791749,
      "schur_solve_sec": 0.039384063451085236,
      "bwd_solve_sec": 0.00060620802640914918,
      "solve_sec": 0.040169471471104765,
      "total_sec": 0.099868675231933601,
      "residual_inf": 0,
      "relative_residual_inf": 0,
      "solution_inf": 0
    },
    {
      "repeat_idx": 1,
      "factorization_sec": 0.014137344360351562,
      "schur_extract_sec": 0.045109249114990237,
      "fwd_solve_sec": 0.0001802240014076233,
      "diag_sec": 3.0720001086592673e-06,
      "getrf_sec": 0.037141502380371096,
      "getrs_sec": 0.0022763519287109374,
      "schur_solve_sec": 0.039420926309190689,
      "bwd_solve_sec": 0.00060825598239898685,
      "solve_sec": 0.040209406292997296,
      "total_sec": 0.099456001281738288,
      "residual_inf": 0,
      "relative_residual_inf": 0,
      "solution_inf": 0
    },
    {
      "repeat_idx": 2,
      "factorization_sec": 0.015006719589233398,
      "schur_extract_sec": 0.045316097259521487,
      "fwd_solve_sec": 0.00017715199291706087,
      "diag_sec": 4.0959999896585945e-06,
      "getrf_sec": 0.037093376159667971,
      "getrs_sec": 0.0022374401092529299,
      "schur_solve_sec": 0.03933491226891056,
      "bwd_solve_sec": 0.00060108798742294315,
      "solve_sec": 0.040113152249250564,
      "total_sec": 0.10043596649169922,
      "residual_inf": 0,
      "relative_residual_inf": 0,
      "solution_inf": 0
    },
    {
      "repeat_idx": 3,
      "factorization_sec": 0.014286848068237304,
      "schur_extract_sec": 0.045103103637695312,
      "fwd_solve_sec": 0.00017919999361038207,
      "diag_sec": 4.0959999896585945e-06,
      "getrf_sec": 0.037100543975830076,
      "getrs_sec": 0.0022609920501708985,
      "schur_solve_sec": 0.039365632025990631,
      "bwd_solve_sec": 0.0006031360030174255,
      "solve_sec": 0.040147968022618434,
      "total_sec": 0.099537918090820313,
      "residual_inf": 0,
      "relative_residual_inf": 0,
      "solution_inf": 0
    },
    {
      "repeat_idx": 4,
      "factorization_sec": 0.014431232452392579,
      "schur_extract_sec": 0.045107200622558595,
      "fwd_solve_sec": 0.00017817600071430207,
      "diag_sec": 4.0959999896585945e-06,
      "getrf_sec": 0.037079040527343753,
      "getrs_sec": 0.0022568960189819336,
      "schur_solve_sec": 0.039340032546315344,
      "bwd_solve_sec": 0.00060620802640914918,
      "solve_sec": 0.040124416573438793,
      "total_sec": 0.099662849426269531,
      "residual_inf": 0,
      "relative_residual_inf": 0,
      "solution_inf": 0
    },
    {
      "repeat_idx": 5,
      "factorization_sec": 0.013977600097656251,
      "schur_extract_sec": 0.045115390777587888,
      "fwd_solve_sec": 0.0001812479943037033,
      "diag_sec": 4.0959999896585945e-06,
      "getrf_sec": 0.037066753387451169,
      "getrs_sec": 0.0022589440345764161,
      "schur_solve_sec": 0.039329793422017242,
      "bwd_solve_sec": 0.00060518401861190795,
      "solve_sec": 0.040116225434932852,
      "total_sec": 0.099209213256835946,
      "residual_inf": 0,
      "relative_residual_inf": 0,
      "solution_inf": 0
    },
    {
      "repeat_idx": 6,
      "factorization_sec": 0.014721023559570313,
      "schur_extract_sec": 0.045128704071044926,
      "fwd_solve_sec": 0.00017817600071430207,
      "diag_sec": 4.0959999896585945e-06,
      "getrf_sec": 0.036995071411132813,
      "getrs_sec": 0.0022405118942260744,
      "schur_solve_sec": 0.039239679305348545,
      "bwd_solve_sec": 0.00060006397962570192,
      "solve_sec": 0.040017919285688548,
      "total_sec": 0.099867645263671881,
      "residual_inf": 0,
      "relative_residual_inf": 0,
      "solution_inf": 0
    },
    {
      "repeat_idx": 7,
      "factorization_sec": 0.014639103889465332,
      "schur_extract_sec": 0.045122558593750001,
      "fwd_solve_sec": 0.0001802240014076233,
      "diag_sec": 4.0959999896585945e-06,
      "getrf_sec": 0.03707187271118164,
      "getrs_sec": 0.0022558720111846924,
      "schur_solve_sec": 0.039331840722355987,
      "bwd_solve_sec": 0.00060723197460174562,
      "solve_sec": 0.040119296698365357,
      "total_sec": 0.099880958557128904,
      "residual_inf": 0,
      "relative_residual_inf": 0,
      "solution_inf": 0
    },
    {
      "repeat_idx": 8,
      "factorization_sec": 0.014023679733276367,
      "schur_extract_sec": 0.045122558593750001,
      "fwd_solve_sec": 0.00017919999361038207,
      "diag_sec": 4.0959999896585945e-06,
      "getrf_sec": 0.036997119903564454,
      "getrs_sec": 0.0022364161014556887,
      "schur_solve_sec": 0.0392376320050098,
      "bwd_solve_sec": 0.00060211199522018438,
      "solve_sec": 0.040018943993840365,
      "total_sec": 0.099165184020996097,
      "residual_inf": 0,
      "relative_residual_inf": 0,
      "solution_inf": 0
    },
    {
      "repeat_idx": 9,
      "factorization_sec": 0.014046208381652832,
      "schur_extract_sec": 0.045146110534667973,
      "fwd_solve_sec": 0.0001802240014076233,
      "diag_sec": 4.0959999896585945e-06,
      "getrf_sec": 0.037125118255615236,
      "getrs_sec": 0.0022548480033874512,
      "schur_solve_sec": 0.039384062258992346,
      "bwd_solve_sec": 0.00060620802640914918,
      "solve_sec": 0.040170494286809119,
      "total_sec": 0.099362815856933601,
      "residual_inf": 0.030160758340080918,
      "relative_residual_inf": 1.346151187561624e-05,
      "solution_inf": 5.3904213905334473
    }
  ],
  "summary": {
    "analysis_sec": 0.14743637600000001,
    "factorization_sec_mean": 0.014389760017395021,
    "no_analysis_sec_mean": 0.099644722747802728,
    "schur_extract_sec_mean": 0.045134233474731458,
    "fwd_solve_sec_mean": 0.0001793023973703384,
    "diag_sec_mean": 3.9936000015586619e-06,
    "getrf_sec_mean": 0.037079244613647463,
    "getrs_sec_mean": 0.0022536192178726198,
    "schur_solve_sec_mean": 0.039336857431521634,
    "bwd_solve_sec_mean": 0.0006045696020126343,
    "solve_sec_mean": 0.040120729430904611,
    "total_sec_mean": 0.099644722747802728,
    "factorization_sec_min": 0.013977600097656251,
    "solve_sec_min": 0.040017919285688548,
    "total_sec_min": 0.099165184020996097,
    "residual_inf_max": 0.030160758340080918,
    "relative_residual_inf_max": 1.346151187561624e-05
  }
}
