{
  "dataset_root": "/workspace/datasets/cuPF_datasets",
  "case_dir": "/workspace/datasets/cuPF_datasets/case2746wop_k",
  "case_name": "case2746wop_k",
  "benchmark_kind": "cudss_linear_system",
  "mode": "schur_j22",
  "linear_system_origin": "V0 Newton step",
  "rhs_definition": "b = -F(V0)",
  "matrix_definition": "J = dF/dx at V0",
  "matrix_precision": "float32",
  "rhs_precision": "float32",
  "jacobian": "edge_based",
  "warmup": 3,
  "repeats": 10,
  "buses": 2746,
  "ybus_nnz": 9344,
  "pv": 349,
  "pq": 2396,
  "schur_dim": 2396,
  "linear_dim": 5141,
  "linear_nnz": 32445,
  "build_system_sec": 0.0016899770000000001,
  "analysis_sec": 0.048224934999999997,
  "no_analysis_sec_mean": 0.017548390197753904,
  "mismatch_inf": 9.2817830297685902,
  "rhs_inf": 9.2817830297685902,
  "runs": [
    {
      "repeat_idx": 0,
      "factorization_sec": 0.0029122560024261476,
      "schur_extract_sec": 0.0060723199844360349,
      "fwd_solve_sec": 0.00010035199671983719,
      "diag_sec": 3.0720001086592673e-06,
      "getrf_sec": 0.0072929282188415531,
      "getrs_sec": 0.00078233599662780762,
      "schur_solve_sec": 0.0080783362155780209,
      "bwd_solve_sec": 0.00031129598617553713,
      "solve_sec": 0.0084899841984733947,
      "total_sec": 0.017474559783935546,
      "residual_inf": 0,
      "relative_residual_inf": 0,
      "solution_inf": 0
    },
    {
      "repeat_idx": 1,
      "factorization_sec": 0.0028620800971984866,
      "schur_extract_sec": 0.0060549120903015136,
      "fwd_solve_sec": 0.0001013759970664978,
      "diag_sec": 4.0959999896585945e-06,
      "getrf_sec": 0.0073748478889465331,
      "getrs_sec": 0.00078233599662780762,
      "schur_solve_sec": 0.0081612798855639993,
      "bwd_solve_sec": 0.00030924800038337706,
      "solve_sec": 0.0085719038830138743,
      "total_sec": 0.017488895416259767,
      "residual_inf": 0,
      "relative_residual_inf": 0,
      "solution_inf": 0
    },
    {
      "repeat_idx": 2,
      "factorization_sec": 0.0032163839340209961,
      "schur_extract_sec": 0.0060651521682739259,
      "fwd_solve_sec": 0.00010239999741315842,
      "diag_sec": 3.0720001086592673e-06,
      "getrf_sec": 0.0072898559570312499,
      "getrs_sec": 0.00078438401222229008,
      "schur_solve_sec": 0.0080773119693622001,
      "bwd_solve_sec": 0.00031027200818061829,
      "solve_sec": 0.0084899839749559766,
      "total_sec": 0.017771520614624024,
      "residual_inf": 0,
      "relative_residual_inf": 0,
      "solution_inf": 0
    },
    {
      "repeat_idx": 3,
      "factorization_sec": 0.0030720000267028809,
      "schur_extract_sec": 0.0060672001838684084,
      "fwd_solve_sec": 0.00010035199671983719,
      "diag_sec": 4.0959999896585945e-06,
      "getrf_sec": 0.0073021440505981446,
      "getrs_sec": 0.00078233599662780762,
      "schur_solve_sec": 0.0080885760472156117,
      "bwd_solve_sec": 0.00031027200818061829,
      "solve_sec": 0.0084992000521160668,
      "total_sec": 0.017638399124145509,
      "residual_inf": 0,
      "relative_residual_inf": 0,
      "solution_inf": 0
    },
    {
      "repeat_idx": 4,
      "factorization_sec": 0.0028456959724426269,
      "schur_extract_sec": 0.0060723199844360349,
      "fwd_solve_sec": 0.00010035199671983719,
      "diag_sec": 4.0959999896585945e-06,
      "getrf_sec": 0.0073011198043823246,
      "getrs_sec": 0.00078131198883056639,
      "schur_solve_sec": 0.0080865277932025501,
      "bwd_solve_sec": 0.00031027200818061829,
      "solve_sec": 0.0084971517981030052,
      "total_sec": 0.017415168762207032,
      "residual_inf": 0,
      "relative_residual_inf": 0,
      "solution_inf": 0
    },
    {
      "repeat_idx": 5,
      "factorization_sec": 0.0030648319721221923,
      "schur_extract_sec": 0.006061056137084961,
      "fwd_solve_sec": 0.0001013759970664978,
      "diag_sec": 4.0959999896585945e-06,
      "getrf_sec": 0.0072939519882202148,
      "getrs_sec": 0.00078336000442504885,
      "schur_solve_sec": 0.0080814079926349227,
      "bwd_solve_sec": 0.00031129598617553713,
      "solve_sec": 0.0084940799758769572,
      "total_sec": 0.017619968414306641,
      "residual_inf": 0,
      "relative_residual_inf": 0,
      "solution_inf": 0
    },
    {
      "repeat_idx": 6,
      "factorization_sec": 0.002821120023727417,
      "schur_extract_sec": 0.0060651521682739259,
      "fwd_solve_sec": 0.00010342399775981904,
      "diag_sec": 4.0959999896585945e-06,
      "getrf_sec": 0.0072939519882202148,
      "getrs_sec": 0.00078336000442504885,
      "schur_solve_sec": 0.0080814079926349227,
      "bwd_solve_sec": 0.00031027200818061829,
      "solve_sec": 0.0084951039985753599,
      "total_sec": 0.017381376266479492,
      "residual_inf": 0,
      "relative_residual_inf": 0,
      "solution_inf": 0
    },
    {
      "repeat_idx": 7,
      "factorization_sec": 0.0029440000057220461,
      "schur_extract_sec": 0.0060672001838684084,
      "fwd_solve_sec": 0.0001013759970664978,
      "diag_sec": 3.0720001086592673e-06,
      "getrf_sec": 0.0072960000038146972,
      "getrs_sec": 0.00078233599662780762,
      "schur_solve_sec": 0.008081408000551165,
      "bwd_solve_sec": 0.00031027200818061829,
      "solve_sec": 0.0084930560057982808,
      "total_sec": 0.017504255294799806,
      "residual_inf": 0,
      "relative_residual_inf": 0,
      "solution_inf": 0
    },
    {
      "repeat_idx": 8,
      "factorization_sec": 0.0028866560459136965,
      "schur_extract_sec": 0.0060672001838684084,
      "fwd_solve_sec": 0.00010035199671983719,
      "diag_sec": 4.0959999896585945e-06,
      "getrf_sec": 0.0072960000038146972,
      "getrs_sec": 0.00078233599662780762,
      "schur_solve_sec": 0.0080824320004321635,
      "bwd_solve_sec": 0.00031129598617553713,
      "solve_sec": 0.0084940799833275373,
      "total_sec": 0.017447935104370118,
      "residual_inf": 0,
      "relative_residual_inf": 0,
      "solution_inf": 0
    },
    {
      "repeat_idx": 9,
      "factorization_sec": 0.0031948800086975099,
      "schur_extract_sec": 0.0060600318908691411,
      "fwd_solve_sec": 0.00010035199671983719,
      "diag_sec": 4.0959999896585945e-06,
      "getrf_sec": 0.0072898559570312499,
      "getrs_sec": 0.00078336000442504885,
      "schur_solve_sec": 0.0080773119614459578,
      "bwd_solve_sec": 0.00030924800038337706,
      "solve_sec": 0.0084869119585491721,
      "total_sec": 0.017741823196411134,
      "residual_inf": 0.00076465317548723988,
      "relative_residual_inf": 8.2382142852816068e-05,
      "solution_inf": 0.45049947500228882
    }
  ],
  "summary": {
    "analysis_sec": 0.048224934999999997,
    "factorization_sec_mean": 0.0029819904088973998,
    "no_analysis_sec_mean": 0.017548390197753904,
    "schur_extract_sec_mean": 0.0060652544975280769,
    "fwd_solve_sec_mean": 0.00010117119699716568,
    "diag_sec_mean": 3.7888000253587964e-06,
    "getrf_sec_mean": 0.0073030655860900863,
    "getrs_sec_mean": 0.00078274559974670418,
    "schur_solve_sec_mean": 0.0080895999858621517,
    "bwd_solve_sec_mean": 0.00031037440001964575,
    "solve_sec_mean": 0.008501145582878962,
    "total_sec_mean": 0.017548390197753904,
    "factorization_sec_min": 0.002821120023727417,
    "solve_sec_min": 0.0084869119585491721,
    "total_sec_min": 0.017381376266479492,
    "residual_inf_max": 0.00076465317548723988,
    "relative_residual_inf_max": 8.2382142852816068e-05
  }
}
