{
  "dataset_root": "/workspace/datasets/cuPF_datasets",
  "case_dir": "/workspace/datasets/cuPF_datasets/case793_goc",
  "case_name": "case793_goc",
  "benchmark_kind": "cudss_linear_system",
  "mode": "schur_j22",
  "linear_system_origin": "V0 Newton step",
  "rhs_definition": "b = -F(V0)",
  "matrix_definition": "J = dF/dx at V0",
  "matrix_precision": "float32",
  "rhs_precision": "float32",
  "jacobian": "edge_based",
  "warmup": 3,
  "repeats": 10,
  "buses": 793,
  "ybus_nnz": 2601,
  "pv": 88,
  "pq": 704,
  "schur_dim": 704,
  "linear_dim": 1496,
  "linear_nnz": 9196,
  "build_system_sec": 0.00063108900000000004,
  "analysis_sec": 0.024531460000000001,
  "no_analysis_sec_mean": 0.0027624447584152223,
  "mismatch_inf": 6.5987599999999995,
  "rhs_inf": 6.5987599999999995,
  "runs": [
    {
      "repeat_idx": 0,
      "factorization_sec": 0.00041164800524711608,
      "schur_extract_sec": 0.00044441598653793336,
      "fwd_solve_sec": 5.6320000439882278e-05,
      "diag_sec": 4.0959999896585945e-06,
      "getrf_sec": 0.0015165439844131471,
      "getrs_sec": 0.00019564799964427948,
      "schur_solve_sec": 0.0017162879840470851,
      "bwd_solve_sec": 0.00011769600212574006,
      "solve_sec": 0.0018903039866127074,
      "total_sec": 0.002746367931365967,
      "residual_inf": 0,
      "relative_residual_inf": 0,
      "solution_inf": 0
    },
    {
      "repeat_idx": 1,
      "factorization_sec": 0.00040755200386047362,
      "schur_extract_sec": 0.00044339200854301452,
      "fwd_solve_sec": 5.6320000439882278e-05,
      "diag_sec": 4.0959999896585945e-06,
      "getrf_sec": 0.0015278079509735108,
      "getrs_sec": 0.00019660800695419311,
      "schur_solve_sec": 0.0017285119579173625,
      "bwd_solve_sec": 0.00011776000261306762,
      "solve_sec": 0.0019025919609703124,
      "total_sec": 0.0027535359859466551,
      "residual_inf": 0,
      "relative_residual_inf": 0,
      "solution_inf": 0
    },
    {
      "repeat_idx": 2,
      "factorization_sec": 0.00040652799606323244,
      "schur_extract_sec": 0.00044646400213241576,
      "fwd_solve_sec": 5.6320000439882278e-05,
      "diag_sec": 4.0959999896585945e-06,
      "getrf_sec": 0.0015165439844131471,
      "getrs_sec": 0.00019558399915695191,
      "schur_solve_sec": 0.0017162239835597575,
      "bwd_solve_sec": 0.00011776000261306762,
      "solve_sec": 0.0018903039866127074,
      "total_sec": 0.0027432959079742433,
      "residual_inf": 0,
      "relative_residual_inf": 0,
      "solution_inf": 0
    },
    {
      "repeat_idx": 3,
      "factorization_sec": 0.00040243199467658998,
      "schur_extract_sec": 0.00044441598653793336,
      "fwd_solve_sec": 5.7344000786542894e-05,
      "diag_sec": 4.0959999896585945e-06,
      "getrf_sec": 0.0015206400156021118,
      "getrs_sec": 0.00032256001234054569,
      "schur_solve_sec": 0.001847296027932316,
      "bwd_solve_sec": 0.00011776000261306762,
      "solve_sec": 0.0020224000313319264,
      "total_sec": 0.0028692479133605956,
      "residual_inf": 0,
      "relative_residual_inf": 0,
      "solution_inf": 0
    },
    {
      "repeat_idx": 4,
      "factorization_sec": 0.00040550398826599121,
      "schur_extract_sec": 0.00044134399294853212,
      "fwd_solve_sec": 5.6320000439882278e-05,
      "diag_sec": 4.0959999896585945e-06,
      "getrf_sec": 0.0015247360467910767,
      "getrs_sec": 0.00019558399915695191,
      "schur_solve_sec": 0.0017244160459376871,
      "bwd_solve_sec": 0.00011776000261306762,
      "solve_sec": 0.001898496048990637,
      "total_sec": 0.0027453439235687258,
      "residual_inf": 0,
      "relative_residual_inf": 0,
      "solution_inf": 0
    },
    {
      "repeat_idx": 5,
      "factorization_sec": 0.00041676801443099978,
      "schur_extract_sec": 0.00044236800074577335,
      "fwd_solve_sec": 5.6320000439882278e-05,
      "diag_sec": 5.1199998706579208e-06,
      "getrf_sec": 0.0015278079509735108,
      "getrs_sec": 0.00019763199985027314,
      "schur_solve_sec": 0.0017305599506944418,
      "bwd_solve_sec": 0.00011878400295972824,
      "solve_sec": 0.0019056639540940522,
      "total_sec": 0.0027648000717163087,
      "residual_inf": 0,
      "relative_residual_inf": 0,
      "solution_inf": 0
    },
    {
      "repeat_idx": 6,
      "factorization_sec": 0.00041676801443099978,
      "schur_extract_sec": 0.00044339200854301452,
      "fwd_solve_sec": 5.6320000439882278e-05,
      "diag_sec": 4.0959999896585945e-06,
      "getrf_sec": 0.0015206400156021118,
      "getrs_sec": 0.00019558399915695191,
      "schur_solve_sec": 0.0017203200147487222,
      "bwd_solve_sec": 0.00011878400295972824,
      "solve_sec": 0.0018954240181483326,
      "total_sec": 0.0027555840015411376,
      "residual_inf": 0,
      "relative_residual_inf": 0,
      "solution_inf": 0
    },
    {
      "repeat_idx": 7,
      "factorization_sec": 0.00040755200386047362,
      "schur_extract_sec": 0.00044236800074577335,
      "fwd_solve_sec": 5.7344000786542894e-05,
      "diag_sec": 5.1199998706579208e-06,
      "getrf_sec": 0.0015206400156021118,
      "getrs_sec": 0.00019660800695419311,
      "schur_solve_sec": 0.0017223680224269628,
      "bwd_solve_sec": 0.00011673600226640702,
      "solve_sec": 0.0018964480254799127,
      "total_sec": 0.002746367931365967,
      "residual_inf": 0,
      "relative_residual_inf": 0,
      "solution_inf": 0
    },
    {
      "repeat_idx": 8,
      "factorization_sec": 0.00040959998965263368,
      "schur_extract_sec": 0.00044339200854301452,
      "fwd_solve_sec": 5.6320000439882278e-05,
      "diag_sec": 4.0959999896585945e-06,
      "getrf_sec": 0.0015226880311965943,
      "getrs_sec": 0.00019660800695419311,
      "schur_solve_sec": 0.0017233920381404459,
      "bwd_solve_sec": 0.00011776000261306762,
      "solve_sec": 0.0018974720411933958,
      "total_sec": 0.0027504639625549319,
      "residual_inf": 0,
      "relative_residual_inf": 0,
      "solution_inf": 0
    },
    {
      "repeat_idx": 9,
      "factorization_sec": 0.00040857601165771485,
      "schur_extract_sec": 0.00044441598653793336,
      "fwd_solve_sec": 5.7344000786542894e-05,
      "diag_sec": 4.0959999896585945e-06,
      "getrf_sec": 0.0015206400156021118,
      "getrs_sec": 0.00019558399915695191,
      "schur_solve_sec": 0.0017203200147487222,
      "bwd_solve_sec": 0.00011878400295972824,
      "solve_sec": 0.0018964480184949933,
      "total_sec": 0.0027494399547576907,
      "residual_inf": 0.00042697330047181126,
      "relative_residual_inf": 6.470508102610359e-05,
      "solution_inf": 1.5093389749526978
    }
  ],
  "summary": {
    "analysis_sec": 0.024531460000000001,
    "factorization_sec_mean": 0.0004092928022146226,
    "no_analysis_sec_mean": 0.0027624447584152223,
    "schur_extract_sec_mean": 0.00044359679818153382,
    "fwd_solve_sec_mean": 5.6627200543880464e-05,
    "diag_sec_mean": 4.3007999658584596e-06,
    "getrf_sec_mean": 0.0015218688011169432,
    "getrs_sec_mean": 0.00020880000293254852,
    "schur_solve_sec_mean": 0.0017349696040153504,
    "bwd_solve_sec_mean": 0.00011795840263366698,
    "solve_sec_mean": 0.0019095552071928979,
    "total_sec_mean": 0.0027624447584152223,
    "factorization_sec_min": 0.00040243199467658998,
    "solve_sec_min": 0.0018903039866127074,
    "total_sec_min": 0.0027432959079742433,
    "residual_inf_max": 0.00042697330047181126,
    "relative_residual_inf_max": 6.470508102610359e-05
  }
}
