{
  "dataset_root": "/workspace/datasets/cuPF_datasets",
  "case_dir": "/workspace/datasets/cuPF_datasets/case118_ieee",
  "case_name": "case118_ieee",
  "benchmark_kind": "cudss_linear_system",
  "mode": "schur_j22",
  "linear_system_origin": "V0 Newton step",
  "rhs_definition": "b = -F(V0)",
  "matrix_definition": "J = dF/dx at V0",
  "matrix_precision": "float32",
  "rhs_precision": "float32",
  "jacobian": "edge_based",
  "warmup": 3,
  "repeats": 10,
  "buses": 118,
  "ybus_nnz": 476,
  "pv": 53,
  "pq": 64,
  "schur_dim": 64,
  "linear_dim": 181,
  "linear_nnz": 1051,
  "build_system_sec": 6.9789999999999994e-05,
  "analysis_sec": 0.015317765000000001,
  "no_analysis_sec_mean": 0.0002797568053007126,
  "mismatch_inf": 3.5300000000000007,
  "rhs_inf": 3.5300000000000007,
  "runs": [
    {
      "repeat_idx": 0,
      "factorization_sec": 7.6800003647804264e-05,
      "schur_extract_sec": 1.0239999741315842e-05,
      "fwd_solve_sec": 2.969600073993206e-05,
      "diag_sec": 4.0959999896585945e-06,
      "getrf_sec": 8.294399827718735e-05,
      "getrs_sec": 3.174399957060814e-05,
      "schur_solve_sec": 0.00011878399783745408,
      "bwd_solve_sec": 4.1983999311923983e-05,
      "solve_sec": 0.00019046399788931012,
      "total_sec": 0.00027750399708747863,
      "residual_inf": 0,
      "relative_residual_inf": 0,
      "solution_inf": 0
    },
    {
      "repeat_idx": 1,
      "factorization_sec": 7.7823996543884282e-05,
      "schur_extract_sec": 1.0239999741315842e-05,
      "fwd_solve_sec": 2.969600073993206e-05,
      "diag_sec": 4.0959999896585945e-06,
      "getrf_sec": 8.3967998623847966e-05,
      "getrs_sec": 3.174399957060814e-05,
      "schur_solve_sec": 0.0001198079981841147,
      "bwd_solve_sec": 4.0959998965263367e-05,
      "solve_sec": 0.00019046399788931012,
      "total_sec": 0.00027852800488471985,
      "residual_inf": 0,
      "relative_residual_inf": 0,
      "solution_inf": 0
    },
    {
      "repeat_idx": 2,
      "factorization_sec": 7.6800003647804264e-05,
      "schur_extract_sec": 1.1264000087976456e-05,
      "fwd_solve_sec": 2.8672000393271447e-05,
      "diag_sec": 4.0959999896585945e-06,
      "getrf_sec": 8.4991998970508582e-05,
      "getrs_sec": 3.174399957060814e-05,
      "schur_solve_sec": 0.00012083199853077531,
      "bwd_solve_sec": 4.1983999311923983e-05,
      "solve_sec": 0.00019148799823597075,
      "total_sec": 0.00027955201268196108,
      "residual_inf": 0,
      "relative_residual_inf": 0,
      "solution_inf": 0
    },
    {
      "repeat_idx": 3,
      "factorization_sec": 7.7823996543884282e-05,
      "schur_extract_sec": 1.0239999741315842e-05,
      "fwd_solve_sec": 2.969600073993206e-05,
      "diag_sec": 3.0720001086592673e-06,
      "getrf_sec": 8.6015999317169185e-05,
      "getrs_sec": 3.0719999223947523e-05,
      "schur_solve_sec": 0.00011980799864977598,
      "bwd_solve_sec": 4.1983999311923983e-05,
      "solve_sec": 0.000191487998701632,
      "total_sec": 0.00027955201268196108,
      "residual_inf": 0,
      "relative_residual_inf": 0,
      "solution_inf": 0
    },
    {
      "repeat_idx": 4,
      "factorization_sec": 7.7823996543884282e-05,
      "schur_extract_sec": 1.0239999741315842e-05,
      "fwd_solve_sec": 2.969600073993206e-05,
      "diag_sec": 3.0720001086592673e-06,
      "getrf_sec": 8.6015999317169185e-05,
      "getrs_sec": 3.0719999223947523e-05,
      "schur_solve_sec": 0.00011980799864977598,
      "bwd_solve_sec": 4.1983999311923983e-05,
      "solve_sec": 0.000191487998701632,
      "total_sec": 0.00027955201268196108,
      "residual_inf": 0,
      "relative_residual_inf": 0,
      "solution_inf": 0
    },
    {
      "repeat_idx": 5,
      "factorization_sec": 7.7823996543884282e-05,
      "schur_extract_sec": 1.0239999741315842e-05,
      "fwd_solve_sec": 2.969600073993206e-05,
      "diag_sec": 4.0959999896585945e-06,
      "getrf_sec": 8.4991998970508582e-05,
      "getrs_sec": 3.174399957060814e-05,
      "schur_solve_sec": 0.00012083199853077531,
      "bwd_solve_sec": 4.1983999311923983e-05,
      "solve_sec": 0.00019251199858263135,
      "total_sec": 0.00028057599067687986,
      "residual_inf": 0,
      "relative_residual_inf": 0,
      "solution_inf": 0
    },
    {
      "repeat_idx": 6,
      "factorization_sec": 7.6800003647804264e-05,
      "schur_extract_sec": 1.1264000087976456e-05,
      "fwd_solve_sec": 2.8672000393271447e-05,
      "diag_sec": 4.0959999896585945e-06,
      "getrf_sec": 8.4991998970508582e-05,
      "getrs_sec": 3.174399957060814e-05,
      "schur_solve_sec": 0.00012083199853077531,
      "bwd_solve_sec": 4.0959998965263367e-05,
      "solve_sec": 0.00019046399788931015,
      "total_sec": 0.00027852800488471985,
      "residual_inf": 0,
      "relative_residual_inf": 0,
      "solution_inf": 0
    },
    {
      "repeat_idx": 7,
      "factorization_sec": 7.8847996890544898e-05,
      "schur_extract_sec": 1.1264000087976456e-05,
      "fwd_solve_sec": 2.969600073993206e-05,
      "diag_sec": 3.0720001086592673e-06,
      "getrf_sec": 8.7039999663829801e-05,
      "getrs_sec": 3.174399957060814e-05,
      "schur_solve_sec": 0.00012185599934309721,
      "bwd_solve_sec": 4.1983999311923983e-05,
      "solve_sec": 0.00019353599939495324,
      "total_sec": 0.00028364801406860355,
      "residual_inf": 0,
      "relative_residual_inf": 0,
      "solution_inf": 0
    },
    {
      "repeat_idx": 8,
      "factorization_sec": 7.6800003647804264e-05,
      "schur_extract_sec": 1.1264000087976456e-05,
      "fwd_solve_sec": 2.969600073993206e-05,
      "diag_sec": 3.0720001086592673e-06,
      "getrf_sec": 8.4991998970508582e-05,
      "getrs_sec": 3.174399957060814e-05,
      "schur_solve_sec": 0.00011980799864977599,
      "bwd_solve_sec": 4.1983999311923983e-05,
      "solve_sec": 0.00019148799870163203,
      "total_sec": 0.00027955201268196108,
      "residual_inf": 0,
      "relative_residual_inf": 0,
      "solution_inf": 0
    },
    {
      "repeat_idx": 9,
      "factorization_sec": 7.6800003647804264e-05,
      "schur_extract_sec": 1.1264000087976456e-05,
      "fwd_solve_sec": 2.969600073993206e-05,
      "diag_sec": 3.0720001086592673e-06,
      "getrf_sec": 8.6015999317169185e-05,
      "getrs_sec": 3.174399957060814e-05,
      "schur_solve_sec": 0.0001208319989964366,
      "bwd_solve_sec": 4.1983999311923983e-05,
      "solve_sec": 0.00019251199904829263,
      "total_sec": 0.00028057599067687986,
      "residual_inf": 1.8901010220950809e-05,
      "relative_residual_inf": 5.3543938302976785e-06,
      "solution_inf": 0.93829810619354248
    }
  ],
  "summary": {
    "analysis_sec": 0.015317765000000001,
    "factorization_sec_mean": 7.7414400130510337e-05,
    "no_analysis_sec_mean": 0.0002797568053007126,
    "schur_extract_sec_mean": 1.0751999914646148e-05,
    "fwd_solve_sec_mean": 2.9491200670599935e-05,
    "diag_sec_mean": 3.5840000491589309e-06,
    "getrf_sec_mean": 8.5196799039840724e-05,
    "getrs_sec_mean": 3.1539199501276011e-05,
    "schur_solve_sec_mean": 0.00012031999859027564,
    "bwd_solve_sec_mean": 4.1779199242591861e-05,
    "solve_sec_mean": 0.00019159039850346742,
    "total_sec_mean": 0.0002797568053007126,
    "factorization_sec_min": 7.6800003647804264e-05,
    "solve_sec_min": 0.00019046399788931012,
    "total_sec_min": 0.00027750399708747863,
    "residual_inf_max": 1.8901010220950809e-05,
    "relative_residual_inf_max": 5.3543938302976785e-06
  }
}
