{
  "dataset_root": "/workspace/datasets/cuPF_datasets",
  "case_dir": "/workspace/datasets/cuPF_datasets/case4601_goc",
  "case_name": "case4601_goc",
  "benchmark_kind": "cudss_linear_system",
  "mode": "schur_j22",
  "linear_system_origin": "V0 Newton step",
  "rhs_definition": "b = -F(V0)",
  "matrix_definition": "J = dF/dx at V0",
  "matrix_precision": "float32",
  "rhs_precision": "float32",
  "jacobian": "edge_based",
  "warmup": 3,
  "repeats": 10,
  "buses": 4601,
  "ybus_nnz": 17211,
  "pv": 132,
  "pq": 4468,
  "schur_dim": 4468,
  "linear_dim": 9068,
  "linear_nnz": 66674,
  "build_system_sec": 0.0031761760000000002,
  "analysis_sec": 0.090876080999999997,
  "no_analysis_sec_mean": 0.051092685317993172,
  "mismatch_inf": 15.807000000000013,
  "rhs_inf": 15.807000000000013,
  "runs": [
    {
      "repeat_idx": 0,
      "factorization_sec": 0.0099246082305908204,
      "schur_extract_sec": 0.020751359939575196,
      "fwd_solve_sec": 0.00013823999464511873,
      "diag_sec": 4.0959999896585945e-06,
      "getrf_sec": 0.018544639587402344,
      "getrs_sec": 0.0014243839979171753,
      "schur_solve_sec": 0.019973119585309177,
      "bwd_solve_sec": 0.00052940797805786134,
      "solve_sec": 0.020640767558012158,
      "total_sec": 0.051316734313964843,
      "residual_inf": 0,
      "relative_residual_inf": 0,
      "solution_inf": 0
    },
    {
      "repeat_idx": 1,
      "factorization_sec": 0.0097413120269775385,
      "schur_extract_sec": 0.020750335693359375,
      "fwd_solve_sec": 0.00013823999464511873,
      "diag_sec": 4.0959999896585945e-06,
      "getrf_sec": 0.018543615341186523,
      "getrs_sec": 0.0014284800291061402,
      "schur_solve_sec": 0.019976191370282323,
      "bwd_solve_sec": 0.00052838397026062011,
      "solve_sec": 0.02064281533518806,
      "total_sec": 0.051134464263916019,
      "residual_inf": 0,
      "relative_residual_inf": 0,
      "solution_inf": 0
    },
    {
      "repeat_idx": 2,
      "factorization_sec": 0.009773056030273437,
      "schur_extract_sec": 0.020742143630981445,
      "fwd_solve_sec": 0.00013926400244235993,
      "diag_sec": 4.0959999896585945e-06,
      "getrf_sec": 0.018526208877563476,
      "getrs_sec": 0.0014243839979171753,
      "schur_solve_sec": 0.019954688875470309,
      "bwd_solve_sec": 0.00052940797805786134,
      "solve_sec": 0.020623360855970531,
      "total_sec": 0.051138561248779295,
      "residual_inf": 0,
      "relative_residual_inf": 0,
      "solution_inf": 0
    },
    {
      "repeat_idx": 3,
      "factorization_sec": 0.009652223587036133,
      "schur_extract_sec": 0.020739072799682616,
      "fwd_solve_sec": 0.00013823999464511873,
      "diag_sec": 4.0959999896585945e-06,
      "getrf_sec": 0.018526239395141603,
      "getrs_sec": 0.0014263999462127686,
      "schur_solve_sec": 0.019956735341344033,
      "bwd_solve_sec": 0.00052838397026062011,
      "solve_sec": 0.020623359306249769,
      "total_sec": 0.05101465606689453,
      "residual_inf": 0,
      "relative_residual_inf": 0,
      "solution_inf": 0
    },
    {
      "repeat_idx": 4,
      "factorization_sec": 0.0097310724258422854,
      "schur_extract_sec": 0.020733951568603515,
      "fwd_solve_sec": 0.00013823999464511873,
      "diag_sec": 3.0720001086592673e-06,
      "getrf_sec": 0.018515968322753908,
      "getrs_sec": 0.001427456021308899,
      "schur_solve_sec": 0.019946496344171467,
      "bwd_solve_sec": 0.00052838397026062011,
      "solve_sec": 0.020613120309077203,
      "total_sec": 0.051078144073486327,
      "residual_inf": 0,
      "relative_residual_inf": 0,
      "solution_inf": 0
    },
    {
      "repeat_idx": 5,
      "factorization_sec": 0.0095129604339599608,
      "schur_extract_sec": 0.020737024307250978,
      "fwd_solve_sec": 0.00013926400244235993,
      "diag_sec": 4.0959999896585945e-06,
      "getrf_sec": 0.018545663833618165,
      "getrs_sec": 0.001427456021308899,
      "schur_solve_sec": 0.019977215854916724,
      "bwd_solve_sec": 0.00053043198585510257,
      "solve_sec": 0.020646911843214186,
      "total_sec": 0.05089689636230469,
      "residual_inf": 0,
      "relative_residual_inf": 0,
      "solution_inf": 0
    },
    {
      "repeat_idx": 6,
      "factorization_sec": 0.0096604156494140628,
      "schur_extract_sec": 0.020738079071044923,
      "fwd_solve_sec": 0.00013923199474811555,
      "diag_sec": 4.0959999896585945e-06,
      "getrf_sec": 0.018532352447509767,
      "getrs_sec": 0.0014254080057144165,
      "schur_solve_sec": 0.019961856453213845,
      "bwd_solve_sec": 0.00053043198585510257,
      "solve_sec": 0.020631520433817066,
      "total_sec": 0.051030017852783202,
      "residual_inf": 0,
      "relative_residual_inf": 0,
      "solution_inf": 0
    },
    {
      "repeat_idx": 7,
      "factorization_sec": 0.0098007040023803706,
      "schur_extract_sec": 0.020747264862060546,
      "fwd_solve_sec": 0.00013823999464511873,
      "diag_sec": 3.0720001086592673e-06,
      "getrf_sec": 0.018521087646484375,
      "getrs_sec": 0.0014264320135116578,
      "schur_solve_sec": 0.019950591660104693,
      "bwd_solve_sec": 0.00053043198585510257,
      "solve_sec": 0.020619263640604915,
      "total_sec": 0.051167232513427738,
      "residual_inf": 0,
      "relative_residual_inf": 0,
      "solution_inf": 0
    },
    {
      "repeat_idx": 8,
      "factorization_sec": 0.0095713281631469721,
      "schur_extract_sec": 0.020750335693359375,
      "fwd_solve_sec": 0.00013823999464511873,
      "diag_sec": 4.0959999896585945e-06,
      "getrf_sec": 0.018735103607177735,
      "getrs_sec": 0.001427456021308899,
      "schur_solve_sec": 0.020166655628476294,
      "bwd_solve_sec": 0.00053043198585510257,
      "solve_sec": 0.020835327608976516,
      "total_sec": 0.051156993865966796,
      "residual_inf": 0,
      "relative_residual_inf": 0,
      "solution_inf": 0
    },
    {
      "repeat_idx": 9,
      "factorization_sec": 0.009577471733093262,
      "schur_extract_sec": 0.020770816802978515,
      "fwd_solve_sec": 0.00013926400244235993,
      "diag_sec": 4.0959999896585945e-06,
      "getrf_sec": 0.018544639587402344,
      "getrs_sec": 0.001427456021308899,
      "schur_solve_sec": 0.019976191608700903,
      "bwd_solve_sec": 0.00052940797805786134,
      "solve_sec": 0.020644863589201125,
      "total_sec": 0.050993152618408207,
      "residual_inf": 0.0002724939227922718,
      "relative_residual_inf": 1.7238813360680179e-05,
      "solution_inf": 1.6133699417114258
    }
  ],
  "summary": {
    "analysis_sec": 0.090876080999999997,
    "factorization_sec_mean": 0.0096945152282714823,
    "no_analysis_sec_mean": 0.051092685317993172,
    "schur_extract_sec_mean": 0.020746038436889651,
    "fwd_solve_sec_mean": 0.00013864639699459077,
    "diag_sec_mean": 3.8912000134587285e-06,
    "getrf_sec_mean": 0.018553551864624023,
    "getrs_sec_mean": 0.0014265312075614929,
    "schur_solve_sec_mean": 0.019983974272198977,
    "bwd_solve_sec_mean": 0.00052951037883758551,
    "solve_sec_mean": 0.020652131048031153,
    "total_sec_mean": 0.051092685317993172,
    "factorization_sec_min": 0.0095129604339599608,
    "solve_sec_min": 0.020613120309077203,
    "total_sec_min": 0.05089689636230469,
    "residual_inf_max": 0.0002724939227922718,
    "relative_residual_inf_max": 1.7238813360680179e-05
  }
}
