{
  "dataset_root": "/workspace/datasets/cuPF_datasets",
  "case_dir": "/workspace/datasets/cuPF_datasets/case1354_pegase",
  "case_name": "case1354_pegase",
  "benchmark_kind": "cudss_linear_system",
  "mode": "schur_j22",
  "linear_system_origin": "V0 Newton step",
  "rhs_definition": "b = -F(V0)",
  "matrix_definition": "J = dF/dx at V0",
  "matrix_precision": "float32",
  "rhs_precision": "float32",
  "jacobian": "edge_based",
  "warmup": 3,
  "repeats": 10,
  "buses": 1354,
  "ybus_nnz": 4774,
  "pv": 259,
  "pq": 1094,
  "schur_dim": 1094,
  "linear_dim": 2447,
  "linear_nnz": 15803,
  "build_system_sec": 0.00077622900000000002,
  "analysis_sec": 0.029767631999999999,
  "no_analysis_sec_mean": 0.0054482944488525396,
  "mismatch_inf": 26.666650000000001,
  "rhs_inf": 26.666650000000001,
  "runs": [
    {
      "repeat_idx": 0,
      "factorization_sec": 0.00070553600788116457,
      "schur_extract_sec": 0.0013834240436553956,
      "fwd_solve_sec": 7.5776003301143648e-05,
      "diag_sec": 3.0720001086592673e-06,
      "getrf_sec": 0.0027750399112701418,
      "getrs_sec": 0.00031027200818061829,
      "schur_solve_sec": 0.0030883839195594196,
      "bwd_solve_sec": 0.00017715199291706087,
      "solve_sec": 0.0033413119157776243,
      "total_sec": 0.0054302721023559569,
      "residual_inf": 0,
      "relative_residual_inf": 0,
      "solution_inf": 0
    },
    {
      "repeat_idx": 1,
      "factorization_sec": 0.00071270400285720827,
      "schur_extract_sec": 0.0013813760280609131,
      "fwd_solve_sec": 7.5776003301143648e-05,
      "diag_sec": 4.0959999896585945e-06,
      "getrf_sec": 0.0027678720951080323,
      "getrs_sec": 0.00030924800038337706,
      "schur_solve_sec": 0.0030812160954810683,
      "bwd_solve_sec": 0.00017612800002098083,
      "solve_sec": 0.0033331200988031928,
      "total_sec": 0.0054271998405456545,
      "residual_inf": 0,
      "relative_residual_inf": 0,
      "solution_inf": 0
    },
    {
      "repeat_idx": 2,
      "factorization_sec": 0.00071577602624893185,
      "schur_extract_sec": 0.0013834240436553956,
      "fwd_solve_sec": 7.6800003647804264e-05,
      "diag_sec": 4.0959999896585945e-06,
      "getrf_sec": 0.0027688961029052736,
      "getrs_sec": 0.00030924800038337706,
      "schur_solve_sec": 0.0030822401032783095,
      "bwd_solve_sec": 0.00017612800002098083,
      "solve_sec": 0.0033351681069470947,
      "total_sec": 0.0054343681335449218,
      "residual_inf": 0,
      "relative_residual_inf": 0,
      "solution_inf": 0
    },
    {
      "repeat_idx": 3,
      "factorization_sec": 0.00075059199333190924,
      "schur_extract_sec": 0.0013905919790267944,
      "fwd_solve_sec": 7.5776003301143648e-05,
      "diag_sec": 3.0720001086592673e-06,
      "getrf_sec": 0.0027729918956756593,
      "getrs_sec": 0.00031027200818061829,
      "schur_solve_sec": 0.0030863359039649371,
      "bwd_solve_sec": 0.00017612800002098083,
      "solve_sec": 0.0033382399072870617,
      "total_sec": 0.0054794239997863767,
      "residual_inf": 0,
      "relative_residual_inf": 0,
      "solution_inf": 0
    },
    {
      "repeat_idx": 4,
      "factorization_sec": 0.00072294402122497555,
      "schur_extract_sec": 0.0013895679712295534,
      "fwd_solve_sec": 7.5776003301143648e-05,
      "diag_sec": 3.0720001086592673e-06,
      "getrf_sec": 0.0027729918956756593,
      "getrs_sec": 0.00031027200818061829,
      "schur_solve_sec": 0.0030863359039649371,
      "bwd_solve_sec": 0.00017715199291706087,
      "solve_sec": 0.0033392639001831419,
      "total_sec": 0.0054517760276794431,
      "residual_inf": 0,
      "relative_residual_inf": 0,
      "solution_inf": 0
    },
    {
      "repeat_idx": 5,
      "factorization_sec": 0.00070348799228668211,
      "schur_extract_sec": 0.0013895679712295534,
      "fwd_solve_sec": 7.6800003647804264e-05,
      "diag_sec": 3.0720001086592673e-06,
      "getrf_sec": 0.0027719678878784181,
      "getrs_sec": 0.00030924800038337706,
      "schur_solve_sec": 0.0030842878883704547,
      "bwd_solve_sec": 0.00017612800002098083,
      "solve_sec": 0.0033372158920392399,
      "total_sec": 0.0054302721023559569,
      "residual_inf": 0,
      "relative_residual_inf": 0,
      "solution_inf": 0
    },
    {
      "repeat_idx": 6,
      "factorization_sec": 0.00073728001117706295,
      "schur_extract_sec": 0.001385472059249878,
      "fwd_solve_sec": 7.6800003647804264e-05,
      "diag_sec": 4.0959999896585945e-06,
      "getrf_sec": 0.0027740480899810793,
      "getrs_sec": 0.00031024000048637389,
      "schur_solve_sec": 0.0030883840904571119,
      "bwd_solve_sec": 0.00017612800002098083,
      "solve_sec": 0.0033413120941258971,
      "total_sec": 0.0054640641212463379,
      "residual_inf": 0,
      "relative_residual_inf": 0,
      "solution_inf": 0
    },
    {
      "repeat_idx": 7,
      "factorization_sec": 0.00071475201845169073,
      "schur_extract_sec": 0.0013885439634323121,
      "fwd_solve_sec": 7.4752002954483031e-05,
      "diag_sec": 4.0959999896585945e-06,
      "getrf_sec": 0.0027740159034729006,
      "getrs_sec": 0.00031027200818061829,
      "schur_solve_sec": 0.0030883839116431777,
      "bwd_solve_sec": 0.00017612800002098083,
      "solve_sec": 0.0033392639146186415,
      "total_sec": 0.0054425601959228517,
      "residual_inf": 0,
      "relative_residual_inf": 0,
      "solution_inf": 0
    },
    {
      "repeat_idx": 8,
      "factorization_sec": 0.00075673598051071171,
      "schur_extract_sec": 0.0013895679712295534,
      "fwd_solve_sec": 7.6800003647804264e-05,
      "diag_sec": 4.0959999896585945e-06,
      "getrf_sec": 0.0027688961029052736,
      "getrs_sec": 0.00030924800038337706,
      "schur_solve_sec": 0.0030822401032783095,
      "bwd_solve_sec": 0.00017612800002098083,
      "solve_sec": 0.0033351681069470947,
      "total_sec": 0.0054814720153808592,
      "residual_inf": 0,
      "relative_residual_inf": 0,
      "solution_inf": 0
    },
    {
      "repeat_idx": 9,
      "factorization_sec": 0.00072192001342773443,
      "schur_extract_sec": 0.0013895679712295534,
      "fwd_solve_sec": 7.5776003301143648e-05,
      "diag_sec": 4.0959999896585945e-06,
      "getrf_sec": 0.002761728048324585,
      "getrs_sec": 0.00031027200818061829,
      "schur_solve_sec": 0.0030760960564948621,
      "bwd_solve_sec": 0.00017817600071430207,
      "solve_sec": 0.0033300480605103081,
      "total_sec": 0.0054415359497070317,
      "residual_inf": 0.00017578317244193453,
      "relative_residual_inf": 6.5918730864932243e-06,
      "solution_inf": 0.78441447019577026
    }
  ],
  "summary": {
    "analysis_sec": 0.029767631999999999,
    "factorization_sec_mean": 0.00072417280673980704,
    "no_analysis_sec_mean": 0.0054482944488525396,
    "schur_extract_sec_mean": 0.0013871104001998901,
    "fwd_solve_sec_mean": 7.6083203405141834e-05,
    "diag_sec_mean": 3.686400037258863e-06,
    "getrf_sec_mean": 0.0027708447933197022,
    "getrs_sec_mean": 0.00030985920429229738,
    "schur_solve_sec_mean": 0.0030843903976492584,
    "bwd_solve_sec_mean": 0.00017653759866952896,
    "solve_sec_mean": 0.0033370111997239301,
    "total_sec_mean": 0.0054482944488525396,
    "factorization_sec_min": 0.00070348799228668211,
    "solve_sec_min": 0.0033300480605103081,
    "total_sec_min": 0.0054271998405456545,
    "residual_inf_max": 0.00017578317244193453,
    "relative_residual_inf_max": 6.5918730864932243e-06
  }
}
