{
  "summary": {
    "analyze_sec": "",
    "backend": "python",
    "buses": "",
    "case_name": "case_ACTIVSg200",
    "case_stem": "pglib_opf_case_ACTIVSg200",
    "compute": "fp64",
    "dump_case_name": "",
    "elapsed_sec": 0.007931666448712349,
    "final_mismatch": 2.52435225500669e-13,
    "implementation": "pypower",
    "iterations": 2,
    "jacobian": "pypower",
    "max_abs_v_delta_from_v0": "",
    "measurement_mode": "operators",
    "newtonpf.init_index.avg_sec": 1.161918044090271e-05,
    "newtonpf.init_index.count": 1,
    "newtonpf.init_index.total_sec": 1.161918044090271e-05,
    "newtonpf.jacobian.avg_sec": 0.002102392725646496,
    "newtonpf.jacobian.count": 2,
    "newtonpf.jacobian.total_sec": 0.004204785451292992,
    "newtonpf.mismatch.avg_sec": 3.867348035176595e-05,
    "newtonpf.mismatch.count": 3,
    "newtonpf.mismatch.total_sec": 0.00011602044105529785,
    "newtonpf.solve.avg_sec": 0.0006117606535553932,
    "newtonpf.solve.count": 2,
    "newtonpf.solve.total_sec": 0.0012235213071107864,
    "newtonpf.update_voltage.avg_sec": 2.647656947374344e-05,
    "newtonpf.update_voltage.count": 2,
    "newtonpf.update_voltage.total_sec": 5.295313894748688e-05,
    "pq": "",
    "profile": "pypower",
    "pv": "",
    "repeat_idx": 6,
    "runpf.build_Sbus.avg_sec": 0.00011920928955078125,
    "runpf.build_Sbus.count": 1,
    "runpf.build_Sbus.total_sec": 0.00011920928955078125,
    "runpf.build_Ybus.avg_sec": 0.0011191628873348236,
    "runpf.build_Ybus.count": 1,
    "runpf.build_Ybus.total_sec": 0.0011191628873348236,
    "runpf.bus_indexing.avg_sec": 0.0006740819662809372,
    "runpf.bus_indexing.count": 1,
    "runpf.bus_indexing.total_sec": 0.0006740819662809372,
    "runpf.load_case_data.avg_sec": 0.0011195912957191467,
    "runpf.load_case_data.count": 1,
    "runpf.load_case_data.total_sec": 0.0011195912957191467,
    "runpf.newtonpf.avg_sec": 0.005653202533721924,
    "runpf.newtonpf.count": 1,
    "runpf.newtonpf.total_sec": 0.005653202533721924,
    "solve_sec": 0.005653202533721924,
    "source_profile": "pypower",
    "success": true
  },
  "timing_entries": [
    {
      "elapsed_sec": 0.0011195912957191467,
      "iter_idx": 0,
      "op_name": "load_case_data",
      "tag": "runpf"
    },
    {
      "elapsed_sec": 0.0006740819662809372,
      "iter_idx": 0,
      "op_name": "bus_indexing",
      "tag": "runpf"
    },
    {
      "elapsed_sec": 0.0011191628873348236,
      "iter_idx": 0,
      "op_name": "build_Ybus",
      "tag": "runpf"
    },
    {
      "elapsed_sec": 0.00011920928955078125,
      "iter_idx": 0,
      "op_name": "build_Sbus",
      "tag": "runpf"
    },
    {
      "elapsed_sec": 1.161918044090271e-05,
      "iter_idx": 0,
      "op_name": "init_index",
      "tag": "newtonpf"
    },
    {
      "elapsed_sec": 3.1620264053344727e-05,
      "iter_idx": 0,
      "op_name": "mismatch",
      "tag": "newtonpf"
    },
    {
      "elapsed_sec": 0.002100583165884018,
      "iter_idx": 1,
      "op_name": "jacobian",
      "tag": "newtonpf"
    },
    {
      "elapsed_sec": 0.0006083101034164429,
      "iter_idx": 1,
      "op_name": "solve",
      "tag": "newtonpf"
    },
    {
      "elapsed_sec": 2.6419758796691895e-05,
      "iter_idx": 1,
      "op_name": "update_voltage",
      "tag": "newtonpf"
    },
    {
      "elapsed_sec": 4.228949546813965e-05,
      "iter_idx": 1,
      "op_name": "mismatch",
      "tag": "newtonpf"
    },
    {
      "elapsed_sec": 0.0021042022854089737,
      "iter_idx": 2,
      "op_name": "jacobian",
      "tag": "newtonpf"
    },
    {
      "elapsed_sec": 0.0006152112036943436,
      "iter_idx": 2,
      "op_name": "solve",
      "tag": "newtonpf"
    },
    {
      "elapsed_sec": 2.6533380150794983e-05,
      "iter_idx": 2,
      "op_name": "update_voltage",
      "tag": "newtonpf"
    },
    {
      "elapsed_sec": 4.2110681533813477e-05,
      "iter_idx": 2,
      "op_name": "mismatch",
      "tag": "newtonpf"
    },
    {
      "elapsed_sec": 0.005653202533721924,
      "iter_idx": 0,
      "op_name": "newtonpf",
      "tag": "runpf"
    }
  ]
}
