{
  "summary": {
    "analyze_sec": "",
    "backend": "python",
    "buses": "",
    "case_name": "case_ACTIVSg200",
    "case_stem": "pglib_opf_case_ACTIVSg200",
    "compute": "fp64",
    "dump_case_name": "",
    "elapsed_sec": 0.008074004203081131,
    "final_mismatch": 2.52435225500669e-13,
    "implementation": "pypower",
    "iterations": 2,
    "jacobian": "pypower",
    "max_abs_v_delta_from_v0": "",
    "measurement_mode": "operators",
    "newtonpf.init_index.avg_sec": 1.1391937732696533e-05,
    "newtonpf.init_index.count": 1,
    "newtonpf.init_index.total_sec": 1.1391937732696533e-05,
    "newtonpf.jacobian.avg_sec": 0.002150263637304306,
    "newtonpf.jacobian.count": 2,
    "newtonpf.jacobian.total_sec": 0.004300527274608612,
    "newtonpf.mismatch.avg_sec": 3.965074817339579e-05,
    "newtonpf.mismatch.count": 3,
    "newtonpf.mismatch.total_sec": 0.00011895224452018738,
    "newtonpf.solve.avg_sec": 0.0006227605044841766,
    "newtonpf.solve.count": 2,
    "newtonpf.solve.total_sec": 0.0012455210089683533,
    "newtonpf.update_voltage.avg_sec": 2.7067959308624268e-05,
    "newtonpf.update_voltage.count": 2,
    "newtonpf.update_voltage.total_sec": 5.4135918617248535e-05,
    "pq": "",
    "profile": "pypower",
    "pv": "",
    "repeat_idx": 1,
    "runpf.build_Sbus.avg_sec": 0.00011976808309555054,
    "runpf.build_Sbus.count": 1,
    "runpf.build_Sbus.total_sec": 0.00011976808309555054,
    "runpf.build_Ybus.avg_sec": 0.0011361520737409592,
    "runpf.build_Ybus.count": 1,
    "runpf.build_Ybus.total_sec": 0.0011361520737409592,
    "runpf.bus_indexing.avg_sec": 0.0006813313812017441,
    "runpf.bus_indexing.count": 1,
    "runpf.bus_indexing.total_sec": 0.0006813313812017441,
    "runpf.load_case_data.avg_sec": 0.0011478718370199203,
    "runpf.load_case_data.count": 1,
    "runpf.load_case_data.total_sec": 0.0011478718370199203,
    "runpf.newtonpf.avg_sec": 0.005775440484285355,
    "runpf.newtonpf.count": 1,
    "runpf.newtonpf.total_sec": 0.005775440484285355,
    "solve_sec": 0.005775440484285355,
    "source_profile": "pypower",
    "success": true
  },
  "timing_entries": [
    {
      "elapsed_sec": 0.0011478718370199203,
      "iter_idx": 0,
      "op_name": "load_case_data",
      "tag": "runpf"
    },
    {
      "elapsed_sec": 0.0006813313812017441,
      "iter_idx": 0,
      "op_name": "bus_indexing",
      "tag": "runpf"
    },
    {
      "elapsed_sec": 0.0011361520737409592,
      "iter_idx": 0,
      "op_name": "build_Ybus",
      "tag": "runpf"
    },
    {
      "elapsed_sec": 0.00011976808309555054,
      "iter_idx": 0,
      "op_name": "build_Sbus",
      "tag": "runpf"
    },
    {
      "elapsed_sec": 1.1391937732696533e-05,
      "iter_idx": 0,
      "op_name": "init_index",
      "tag": "newtonpf"
    },
    {
      "elapsed_sec": 3.225356340408325e-05,
      "iter_idx": 0,
      "op_name": "mismatch",
      "tag": "newtonpf"
    },
    {
      "elapsed_sec": 0.002132995054125786,
      "iter_idx": 1,
      "op_name": "jacobian",
      "tag": "newtonpf"
    },
    {
      "elapsed_sec": 0.0006389915943145752,
      "iter_idx": 1,
      "op_name": "solve",
      "tag": "newtonpf"
    },
    {
      "elapsed_sec": 2.7026981115341187e-05,
      "iter_idx": 1,
      "op_name": "update_voltage",
      "tag": "newtonpf"
    },
    {
      "elapsed_sec": 4.3528154492378235e-05,
      "iter_idx": 1,
      "op_name": "mismatch",
      "tag": "newtonpf"
    },
    {
      "elapsed_sec": 0.0021675322204828262,
      "iter_idx": 2,
      "op_name": "jacobian",
      "tag": "newtonpf"
    },
    {
      "elapsed_sec": 0.0006065294146537781,
      "iter_idx": 2,
      "op_name": "solve",
      "tag": "newtonpf"
    },
    {
      "elapsed_sec": 2.710893750190735e-05,
      "iter_idx": 2,
      "op_name": "update_voltage",
      "tag": "newtonpf"
    },
    {
      "elapsed_sec": 4.317052662372589e-05,
      "iter_idx": 2,
      "op_name": "mismatch",
      "tag": "newtonpf"
    },
    {
      "elapsed_sec": 0.005775440484285355,
      "iter_idx": 0,
      "op_name": "newtonpf",
      "tag": "runpf"
    }
  ]
}
