{
  "summary": {
    "analyze_sec": "",
    "backend": "python",
    "buses": "",
    "case_name": "case_ACTIVSg200",
    "case_stem": "pglib_opf_case_ACTIVSg200",
    "compute": "fp64",
    "dump_case_name": "",
    "elapsed_sec": 0.007972776889801025,
    "final_mismatch": 2.52435225500669e-13,
    "implementation": "pypower",
    "iterations": 2,
    "jacobian": "pypower",
    "max_abs_v_delta_from_v0": "",
    "measurement_mode": "operators",
    "newtonpf.init_index.avg_sec": 1.1481344699859619e-05,
    "newtonpf.init_index.count": 1,
    "newtonpf.init_index.total_sec": 1.1481344699859619e-05,
    "newtonpf.jacobian.avg_sec": 0.0021170703694224358,
    "newtonpf.jacobian.count": 2,
    "newtonpf.jacobian.total_sec": 0.0042341407388448715,
    "newtonpf.mismatch.avg_sec": 3.881007432937622e-05,
    "newtonpf.mismatch.count": 3,
    "newtonpf.mismatch.total_sec": 0.00011643022298812866,
    "newtonpf.solve.avg_sec": 0.0006094677373766899,
    "newtonpf.solve.count": 2,
    "newtonpf.solve.total_sec": 0.0012189354747533798,
    "newtonpf.update_voltage.avg_sec": 2.8565526008605957e-05,
    "newtonpf.update_voltage.count": 2,
    "newtonpf.update_voltage.total_sec": 5.7131052017211914e-05,
    "pq": "",
    "profile": "pypower",
    "pv": "",
    "repeat_idx": 0,
    "runpf.build_Sbus.avg_sec": 0.0001171603798866272,
    "runpf.build_Sbus.count": 1,
    "runpf.build_Sbus.total_sec": 0.0001171603798866272,
    "runpf.build_Ybus.avg_sec": 0.0011351723223924637,
    "runpf.build_Ybus.count": 1,
    "runpf.build_Ybus.total_sec": 0.0011351723223924637,
    "runpf.bus_indexing.avg_sec": 0.0006816722452640533,
    "runpf.bus_indexing.count": 1,
    "runpf.bus_indexing.total_sec": 0.0006816722452640533,
    "runpf.load_case_data.avg_sec": 0.001130230724811554,
    "runpf.load_case_data.count": 1,
    "runpf.load_case_data.total_sec": 0.001130230724811554,
    "runpf.newtonpf.avg_sec": 0.005682419985532761,
    "runpf.newtonpf.count": 1,
    "runpf.newtonpf.total_sec": 0.005682419985532761,
    "solve_sec": 0.005682419985532761,
    "source_profile": "pypower",
    "success": true
  },
  "timing_entries": [
    {
      "elapsed_sec": 0.001130230724811554,
      "iter_idx": 0,
      "op_name": "load_case_data",
      "tag": "runpf"
    },
    {
      "elapsed_sec": 0.0006816722452640533,
      "iter_idx": 0,
      "op_name": "bus_indexing",
      "tag": "runpf"
    },
    {
      "elapsed_sec": 0.0011351723223924637,
      "iter_idx": 0,
      "op_name": "build_Ybus",
      "tag": "runpf"
    },
    {
      "elapsed_sec": 0.0001171603798866272,
      "iter_idx": 0,
      "op_name": "build_Sbus",
      "tag": "runpf"
    },
    {
      "elapsed_sec": 1.1481344699859619e-05,
      "iter_idx": 0,
      "op_name": "init_index",
      "tag": "newtonpf"
    },
    {
      "elapsed_sec": 3.183819353580475e-05,
      "iter_idx": 0,
      "op_name": "mismatch",
      "tag": "newtonpf"
    },
    {
      "elapsed_sec": 0.00209878571331501,
      "iter_idx": 1,
      "op_name": "jacobian",
      "tag": "newtonpf"
    },
    {
      "elapsed_sec": 0.0006129331886768341,
      "iter_idx": 1,
      "op_name": "solve",
      "tag": "newtonpf"
    },
    {
      "elapsed_sec": 3.0370429158210754e-05,
      "iter_idx": 1,
      "op_name": "update_voltage",
      "tag": "newtonpf"
    },
    {
      "elapsed_sec": 4.2440369725227356e-05,
      "iter_idx": 1,
      "op_name": "mismatch",
      "tag": "newtonpf"
    },
    {
      "elapsed_sec": 0.0021353550255298615,
      "iter_idx": 2,
      "op_name": "jacobian",
      "tag": "newtonpf"
    },
    {
      "elapsed_sec": 0.0006060022860765457,
      "iter_idx": 2,
      "op_name": "solve",
      "tag": "newtonpf"
    },
    {
      "elapsed_sec": 2.676062285900116e-05,
      "iter_idx": 2,
      "op_name": "update_voltage",
      "tag": "newtonpf"
    },
    {
      "elapsed_sec": 4.215165972709656e-05,
      "iter_idx": 2,
      "op_name": "mismatch",
      "tag": "newtonpf"
    },
    {
      "elapsed_sec": 0.005682419985532761,
      "iter_idx": 0,
      "op_name": "newtonpf",
      "tag": "runpf"
    }
  ]
}
