{
  "summary": {
    "analyze_sec": "",
    "backend": "python",
    "buses": "",
    "case_name": "case_ACTIVSg200",
    "case_stem": "pglib_opf_case_ACTIVSg200",
    "compute": "fp64",
    "dump_case_name": "",
    "elapsed_sec": 0.007926095277071,
    "final_mismatch": 2.52435225500669e-13,
    "implementation": "pypower",
    "iterations": 2,
    "jacobian": "pypower",
    "max_abs_v_delta_from_v0": "",
    "measurement_mode": "operators",
    "newtonpf.init_index.avg_sec": 1.1231750249862671e-05,
    "newtonpf.init_index.count": 1,
    "newtonpf.init_index.total_sec": 1.1231750249862671e-05,
    "newtonpf.jacobian.avg_sec": 0.002115369774401188,
    "newtonpf.jacobian.count": 2,
    "newtonpf.jacobian.total_sec": 0.004230739548802376,
    "newtonpf.mismatch.avg_sec": 3.9124240477879844e-05,
    "newtonpf.mismatch.count": 3,
    "newtonpf.mismatch.total_sec": 0.00011737272143363953,
    "newtonpf.solve.avg_sec": 0.0006069457158446312,
    "newtonpf.solve.count": 2,
    "newtonpf.solve.total_sec": 0.0012138914316892624,
    "newtonpf.update_voltage.avg_sec": 2.6846304535865784e-05,
    "newtonpf.update_voltage.count": 2,
    "newtonpf.update_voltage.total_sec": 5.369260907173157e-05,
    "pq": "",
    "profile": "pypower",
    "pv": "",
    "repeat_idx": 5,
    "runpf.build_Sbus.avg_sec": 0.00011713244020938873,
    "runpf.build_Sbus.count": 1,
    "runpf.build_Sbus.total_sec": 0.00011713244020938873,
    "runpf.build_Ybus.avg_sec": 0.0011116750538349152,
    "runpf.build_Ybus.count": 1,
    "runpf.build_Ybus.total_sec": 0.0011116750538349152,
    "runpf.bus_indexing.avg_sec": 0.0006860494613647461,
    "runpf.bus_indexing.count": 1,
    "runpf.bus_indexing.total_sec": 0.0006860494613647461,
    "runpf.load_case_data.avg_sec": 0.0011125635355710983,
    "runpf.load_case_data.count": 1,
    "runpf.load_case_data.total_sec": 0.0011125635355710983,
    "runpf.newtonpf.avg_sec": 0.005672262981534004,
    "runpf.newtonpf.count": 1,
    "runpf.newtonpf.total_sec": 0.005672262981534004,
    "solve_sec": 0.005672262981534004,
    "source_profile": "pypower",
    "success": true
  },
  "timing_entries": [
    {
      "elapsed_sec": 0.0011125635355710983,
      "iter_idx": 0,
      "op_name": "load_case_data",
      "tag": "runpf"
    },
    {
      "elapsed_sec": 0.0006860494613647461,
      "iter_idx": 0,
      "op_name": "bus_indexing",
      "tag": "runpf"
    },
    {
      "elapsed_sec": 0.0011116750538349152,
      "iter_idx": 0,
      "op_name": "build_Ybus",
      "tag": "runpf"
    },
    {
      "elapsed_sec": 0.00011713244020938873,
      "iter_idx": 0,
      "op_name": "build_Sbus",
      "tag": "runpf"
    },
    {
      "elapsed_sec": 1.1231750249862671e-05,
      "iter_idx": 0,
      "op_name": "init_index",
      "tag": "newtonpf"
    },
    {
      "elapsed_sec": 3.1892210245132446e-05,
      "iter_idx": 0,
      "op_name": "mismatch",
      "tag": "newtonpf"
    },
    {
      "elapsed_sec": 0.002105236053466797,
      "iter_idx": 1,
      "op_name": "jacobian",
      "tag": "newtonpf"
    },
    {
      "elapsed_sec": 0.0006195120513439178,
      "iter_idx": 1,
      "op_name": "solve",
      "tag": "newtonpf"
    },
    {
      "elapsed_sec": 2.7220696210861206e-05,
      "iter_idx": 1,
      "op_name": "update_voltage",
      "tag": "newtonpf"
    },
    {
      "elapsed_sec": 4.3720006942749023e-05,
      "iter_idx": 1,
      "op_name": "mismatch",
      "tag": "newtonpf"
    },
    {
      "elapsed_sec": 0.002125503495335579,
      "iter_idx": 2,
      "op_name": "jacobian",
      "tag": "newtonpf"
    },
    {
      "elapsed_sec": 0.0005943793803453445,
      "iter_idx": 2,
      "op_name": "solve",
      "tag": "newtonpf"
    },
    {
      "elapsed_sec": 2.647191286087036e-05,
      "iter_idx": 2,
      "op_name": "update_voltage",
      "tag": "newtonpf"
    },
    {
      "elapsed_sec": 4.176050424575806e-05,
      "iter_idx": 2,
      "op_name": "mismatch",
      "tag": "newtonpf"
    },
    {
      "elapsed_sec": 0.005672262981534004,
      "iter_idx": 0,
      "op_name": "newtonpf",
      "tag": "runpf"
    }
  ]
}
