{
  "summary": {
    "analyze_sec": "",
    "backend": "python",
    "buses": "",
    "case_name": "case_ACTIVSg200",
    "case_stem": "pglib_opf_case_ACTIVSg200",
    "compute": "fp64",
    "dump_case_name": "",
    "elapsed_sec": 0.007968425750732422,
    "final_mismatch": 2.52435225500669e-13,
    "implementation": "pypower",
    "iterations": 2,
    "jacobian": "pypower",
    "max_abs_v_delta_from_v0": "",
    "measurement_mode": "operators",
    "newtonpf.init_index.avg_sec": 1.1412426829338074e-05,
    "newtonpf.init_index.count": 1,
    "newtonpf.init_index.total_sec": 1.1412426829338074e-05,
    "newtonpf.jacobian.avg_sec": 0.0021292883902788162,
    "newtonpf.jacobian.count": 2,
    "newtonpf.jacobian.total_sec": 0.0042585767805576324,
    "newtonpf.mismatch.avg_sec": 3.910002609093984e-05,
    "newtonpf.mismatch.count": 3,
    "newtonpf.mismatch.total_sec": 0.00011730007827281952,
    "newtonpf.solve.avg_sec": 0.0005948645994067192,
    "newtonpf.solve.count": 2,
    "newtonpf.solve.total_sec": 0.0011897291988134384,
    "newtonpf.update_voltage.avg_sec": 2.650544047355652e-05,
    "newtonpf.update_voltage.count": 2,
    "newtonpf.update_voltage.total_sec": 5.301088094711304e-05,
    "pq": "",
    "profile": "pypower",
    "pv": "",
    "repeat_idx": 4,
    "runpf.build_Sbus.avg_sec": 0.00011682882905006409,
    "runpf.build_Sbus.count": 1,
    "runpf.build_Sbus.total_sec": 0.00011682882905006409,
    "runpf.build_Ybus.avg_sec": 0.001156974583864212,
    "runpf.build_Ybus.count": 1,
    "runpf.build_Ybus.total_sec": 0.001156974583864212,
    "runpf.bus_indexing.avg_sec": 0.0006779413670301437,
    "runpf.bus_indexing.count": 1,
    "runpf.bus_indexing.total_sec": 0.0006779413670301437,
    "runpf.load_case_data.avg_sec": 0.0011273808777332306,
    "runpf.load_case_data.count": 1,
    "runpf.load_case_data.total_sec": 0.0011273808777332306,
    "runpf.newtonpf.avg_sec": 0.0056757815182209015,
    "runpf.newtonpf.count": 1,
    "runpf.newtonpf.total_sec": 0.0056757815182209015,
    "solve_sec": 0.0056757815182209015,
    "source_profile": "pypower",
    "success": true
  },
  "timing_entries": [
    {
      "elapsed_sec": 0.0011273808777332306,
      "iter_idx": 0,
      "op_name": "load_case_data",
      "tag": "runpf"
    },
    {
      "elapsed_sec": 0.0006779413670301437,
      "iter_idx": 0,
      "op_name": "bus_indexing",
      "tag": "runpf"
    },
    {
      "elapsed_sec": 0.001156974583864212,
      "iter_idx": 0,
      "op_name": "build_Ybus",
      "tag": "runpf"
    },
    {
      "elapsed_sec": 0.00011682882905006409,
      "iter_idx": 0,
      "op_name": "build_Sbus",
      "tag": "runpf"
    },
    {
      "elapsed_sec": 1.1412426829338074e-05,
      "iter_idx": 0,
      "op_name": "init_index",
      "tag": "newtonpf"
    },
    {
      "elapsed_sec": 3.134086728096008e-05,
      "iter_idx": 0,
      "op_name": "mismatch",
      "tag": "newtonpf"
    },
    {
      "elapsed_sec": 0.002094252035021782,
      "iter_idx": 1,
      "op_name": "jacobian",
      "tag": "newtonpf"
    },
    {
      "elapsed_sec": 0.0006012693047523499,
      "iter_idx": 1,
      "op_name": "solve",
      "tag": "newtonpf"
    },
    {
      "elapsed_sec": 2.7010217308998108e-05,
      "iter_idx": 1,
      "op_name": "update_voltage",
      "tag": "newtonpf"
    },
    {
      "elapsed_sec": 4.404038190841675e-05,
      "iter_idx": 1,
      "op_name": "mismatch",
      "tag": "newtonpf"
    },
    {
      "elapsed_sec": 0.0021643247455358505,
      "iter_idx": 2,
      "op_name": "jacobian",
      "tag": "newtonpf"
    },
    {
      "elapsed_sec": 0.0005884598940610886,
      "iter_idx": 2,
      "op_name": "solve",
      "tag": "newtonpf"
    },
    {
      "elapsed_sec": 2.600066363811493e-05,
      "iter_idx": 2,
      "op_name": "update_voltage",
      "tag": "newtonpf"
    },
    {
      "elapsed_sec": 4.191882908344269e-05,
      "iter_idx": 2,
      "op_name": "mismatch",
      "tag": "newtonpf"
    },
    {
      "elapsed_sec": 0.0056757815182209015,
      "iter_idx": 0,
      "op_name": "newtonpf",
      "tag": "runpf"
    }
  ]
}
