{
  "matrices": [
    "case118",
    "case1197",
    "case30",
    "case3012wp",
    "case6468rte",
    "case8387pegase",
    "case_ACTIVSg2000",
    "memplus",
    "onetone2",
    "rajat15",
    "rajat27",
    "wang3"
  ],
  "solvers": [
    "cudss-gpu",
    "klu",
    "mysolver",
    "umfpack"
  ],
  "target": "mysolver",
  "target_metrics": {
    "case118": {
      "analysis_ms": 0.387025,
      "factor_ms": 0.040566,
      "solve_ms": 0.003346,
      "berr": 1.9561094058084915e-16,
      "absolute_error": 0.0,
      "success": true
    },
    "case1197": {
      "analysis_ms": 3.329936,
      "factor_ms": 0.201487,
      "solve_ms": 0.019597,
      "berr": 4.074788227651292e-15,
      "absolute_error": 0.0,
      "success": true
    },
    "case30": {
      "analysis_ms": 0.167083,
      "factor_ms": 0.014918,
      "solve_ms": 0.001142,
      "berr": 1.1076501024501186e-16,
      "absolute_error": 0.0,
      "success": true
    },
    "case3012wp": {
      "analysis_ms": 13.874971,
      "factor_ms": 1.322837,
      "solve_ms": 0.08046,
      "berr": 3.8907915664930666e-16,
      "absolute_error": 0.0,
      "success": true
    },
    "case6468rte": {
      "analysis_ms": 36.159871,
      "factor_ms": 3.202898,
      "solve_ms": 0.165129,
      "berr": 7.101744460007268e-16,
      "absolute_error": 0.0,
      "success": true
    },
    "case8387pegase": {
      "analysis_ms": 49.946046,
      "factor_ms": 4.411912,
      "solve_ms": 0.227095,
      "berr": 3.632235253153846e-15,
      "absolute_error": 0.0,
      "success": true
    },
    "case_ACTIVSg2000": {
      "analysis_ms": 10.296861,
      "factor_ms": 1.718508,
      "solve_ms": 0.071925,
      "berr": 5.450188777583841e-16,
      "absolute_error": 0.0,
      "success": true
    },
    "memplus": {
      "analysis_ms": 67.260709,
      "factor_ms": 2.291391,
      "solve_ms": 0.142927,
      "berr": 8.000168920027045e-16,
      "absolute_error": 1.1262297604937952e-11,
      "success": true
    },
    "onetone2": {
      "analysis_ms": 553.831913,
      "factor_ms": 615.649669,
      "solve_ms": 2.92657,
      "berr": 1.312296634512367e-07,
      "absolute_error": 0.00016741794295869547,
      "success": true
    },
    "rajat15": {
      "analysis_ms": 291.020176,
      "factor_ms": 94.427529,
      "solve_ms": 2.027657,
      "berr": 2.1774873053625814e-09,
      "absolute_error": 9.314441909241452e-07,
      "success": true
    },
    "rajat27": {
      "analysis_ms": 73.708603,
      "factor_ms": 3.025315,
      "solve_ms": 0.248014,
      "berr": 1.5324443627516013e-05,
      "absolute_error": 3.0255200560694352e-05,
      "success": true
    },
    "wang3": {
      "analysis_ms": 260.464341,
      "factor_ms": 4823.603997,
      "solve_ms": 7.740084,
      "berr": 4.180745407035869e-15,
      "absolute_error": 4.799049947747172e-13,
      "success": true
    }
  },
  "violations": [],
  "regressions": [
    {
      "matrix": "onetone2",
      "metric": "factor_ms",
      "best": 424.060712,
      "now": 615.649669,
      "delta_pct": 45.2
    },
    {
      "matrix": "rajat15",
      "metric": "factor_ms",
      "best": 84.983539,
      "now": 94.427529,
      "delta_pct": 11.1
    },
    {
      "matrix": "wang3",
      "metric": "factor_ms",
      "best": 1467.979812,
      "now": 4823.603997,
      "delta_pct": 228.6
    }
  ],
  "comparisons": [
    {
      "matrix": "case118",
      "cudss-gpu": {
        "factor_ms": 0.098795,
        "solve_ms": 0.08012
      },
      "klu": {
        "factor_ms": 0.039244,
        "solve_ms": 0.002906
      }
    },
    {
      "matrix": "case1197",
      "cudss-gpu": {
        "factor_ms": 0.222347,
        "solve_ms": 0.109154
      },
      "klu": {
        "factor_ms": 0.203261,
        "solve_ms": 0.018534
      }
    },
    {
      "matrix": "case30",
      "cudss-gpu": {
        "factor_ms": 0.083166,
        "solve_ms": 0.059271
      },
      "klu": {
        "factor_ms": 0.016932,
        "solve_ms": 0.001152
      }
    },
    {
      "matrix": "case3012wp",
      "cudss-gpu": {
        "factor_ms": 0.474779,
        "solve_ms": 0.223008
      },
      "klu": {
        "factor_ms": 1.312318,
        "solve_ms": 0.07487
      }
    },
    {
      "matrix": "case6468rte",
      "cudss-gpu": {
        "factor_ms": 0.613318,
        "solve_ms": 0.286196
      },
      "klu": {
        "factor_ms": 3.170236,
        "solve_ms": 0.161643
      }
    },
    {
      "matrix": "case8387pegase",
      "cudss-gpu": {
        "factor_ms": 1.102694,
        "solve_ms": 0.360114
      },
      "klu": {
        "factor_ms": 4.479809,
        "solve_ms": 0.223248
      }
    },
    {
      "matrix": "case_ACTIVSg2000",
      "cudss-gpu": {
        "factor_ms": 0.639718,
        "solve_ms": 0.273292
      },
      "klu": {
        "factor_ms": 1.727825,
        "solve_ms": 0.070502
      }
    },
    {
      "matrix": "memplus",
      "cudss-gpu": {
        "factor_ms": 1.140135,
        "solve_ms": 0.420979
      },
      "klu": {
        "factor_ms": 2.857681,
        "solve_ms": 0.141135
      }
    },
    {
      "matrix": "onetone2",
      "cudss-gpu": {
        "factor_ms": 8.150062,
        "solve_ms": 1.531608
      },
      "klu": {
        "factor_ms": 182.966111,
        "solve_ms": 2.141671
      }
    },
    {
      "matrix": "rajat15",
      "cudss-gpu": {
        "factor_ms": 3.438709,
        "solve_ms": 0.872354
      },
      "klu": {
        "factor_ms": 93.020986,
        "solve_ms": 2.131882
      }
    },
    {
      "matrix": "rajat27",
      "cudss-gpu": {
        "factor_ms": 1.001866,
        "solve_ms": 0.38961
      },
      "klu": {
        "factor_ms": 3.029223,
        "solve_ms": 0.240009
      }
    },
    {
      "matrix": "wang3",
      "cudss-gpu": {
        "factor_ms": 30.584892,
        "solve_ms": 1.750608
      },
      "klu": {
        "factor_ms": 3415.330075,
        "solve_ms": 9.807946
      }
    }
  ],
  "accuracy_ok": true
}