{
  "matrices": [
    "case118",
    "case1197",
    "case30",
    "case3012wp",
    "case6468rte",
    "case8387pegase",
    "case_ACTIVSg2000",
    "memplus",
    "onetone2",
    "rajat15",
    "rajat27",
    "wang3"
  ],
  "solvers": [
    "cudss-gpu",
    "klu",
    "mysolver",
    "umfpack"
  ],
  "target": "mysolver",
  "target_metrics": {
    "case118": {
      "analysis_ms": 0.177592,
      "factor_ms": 0.059441,
      "solve_ms": 0.008285,
      "berr": 2.1389045280545777e-16,
      "absolute_error": 1.8617032685594078e-17,
      "success": true
    },
    "case1197": {
      "analysis_ms": 1.269537,
      "factor_ms": 0.326652,
      "solve_ms": 0.155351,
      "berr": 1.8857115094331508e-16,
      "absolute_error": 1.6069380552852153e-14,
      "success": true
    },
    "case30": {
      "analysis_ms": 0.065302,
      "factor_ms": 0.027612,
      "solve_ms": 0.003266,
      "berr": 1.6219446269178065e-16,
      "absolute_error": 1.9306143047018789e-16,
      "success": true
    },
    "case3012wp": {
      "analysis_ms": 4.605572,
      "factor_ms": 1.797676,
      "solve_ms": 0.692937,
      "berr": 2.1840704504125304e-16,
      "absolute_error": 5.188249446915434e-16,
      "success": true
    },
    "case6468rte": {
      "analysis_ms": 11.392688,
      "factor_ms": 4.265817,
      "solve_ms": 0.475209,
      "berr": 5.084835014296005e-16,
      "absolute_error": 2.1286092801947075e-16,
      "success": true
    },
    "case8387pegase": {
      "analysis_ms": 15.006684,
      "factor_ms": 5.81125,
      "solve_ms": 1.224793,
      "berr": 3.148082212583182e-16,
      "absolute_error": 4.1180252924112783e-16,
      "success": true
    },
    "case_ACTIVSg2000": {
      "analysis_ms": 3.524629,
      "factor_ms": 2.599366,
      "solve_ms": 0.183253,
      "berr": 5.287230073680796e-16,
      "absolute_error": 1.303222624368838e-13,
      "success": true
    },
    "memplus": {
      "analysis_ms": 15.074952,
      "factor_ms": 4.247692,
      "solve_ms": 0.395801,
      "berr": 9.278289220933173e-16,
      "absolute_error": 1.3499882230835626e-11,
      "success": true
    },
    "onetone2": {
      "analysis_ms": 552.068089,
      "factor_ms": 603.78036,
      "solve_ms": 2.909367,
      "berr": 1.312296634512367e-07,
      "absolute_error": 0.00016741794295869547,
      "success": true
    },
    "rajat15": {
      "analysis_ms": 289.777479,
      "factor_ms": 88.440942,
      "solve_ms": 2.295628,
      "berr": 2.1774873053625814e-09,
      "absolute_error": 9.314441909241452e-07,
      "success": true
    },
    "rajat27": {
      "analysis_ms": 74.087001,
      "factor_ms": 2.99677,
      "solve_ms": 0.247664,
      "berr": 1.5324443627516013e-05,
      "absolute_error": 3.0255200560694352e-05,
      "success": true
    },
    "wang3": {
      "analysis_ms": 74.633894,
      "factor_ms": 5438.417902,
      "solve_ms": 19.294521,
      "berr": 5.1726602232810215e-15,
      "absolute_error": 4.2107079017439053e-13,
      "success": true
    }
  },
  "violations": [],
  "regressions": [
    {
      "matrix": "case30",
      "metric": "factor_ms",
      "best": 0.019737,
      "now": 0.027612,
      "delta_pct": 39.9
    },
    {
      "matrix": "rajat15",
      "metric": "solve_ms",
      "best": 2.053206,
      "now": 2.295628,
      "delta_pct": 11.8
    }
  ],
  "comparisons": [
    {
      "matrix": "case118",
      "cudss-gpu": {
        "factor_ms": 0.099306,
        "solve_ms": 0.071274
      },
      "klu": {
        "factor_ms": 0.039494,
        "solve_ms": 0.002926
      }
    },
    {
      "matrix": "case1197",
      "cudss-gpu": {
        "factor_ms": 0.223358,
        "solve_ms": 0.110377
      },
      "klu": {
        "factor_ms": 0.206837,
        "solve_ms": 0.018644
      }
    },
    {
      "matrix": "case30",
      "cudss-gpu": {
        "factor_ms": 0.083025,
        "solve_ms": 0.059953
      },
      "klu": {
        "factor_ms": 0.01621,
        "solve_ms": 0.001322
      }
    },
    {
      "matrix": "case3012wp",
      "cudss-gpu": {
        "factor_ms": 0.446215,
        "solve_ms": 0.212658
      },
      "klu": {
        "factor_ms": 1.830396,
        "solve_ms": 0.101881
      }
    },
    {
      "matrix": "case6468rte",
      "cudss-gpu": {
        "factor_ms": 0.581539,
        "solve_ms": 0.267721
      },
      "klu": {
        "factor_ms": 3.201794,
        "solve_ms": 0.161512
      }
    },
    {
      "matrix": "case8387pegase",
      "cudss-gpu": {
        "factor_ms": 1.030459,
        "solve_ms": 0.337893
      },
      "klu": {
        "factor_ms": 4.420616,
        "solve_ms": 0.221896
      }
    },
    {
      "matrix": "case_ACTIVSg2000",
      "cudss-gpu": {
        "factor_ms": 0.653573,
        "solve_ms": 0.275356
      },
      "klu": {
        "factor_ms": 1.712155,
        "solve_ms": 0.070542
      }
    },
    {
      "matrix": "memplus",
      "cudss-gpu": {
        "factor_ms": 1.140355,
        "solve_ms": 0.420547
      },
      "klu": {
        "factor_ms": 2.822595,
        "solve_ms": 0.141435
      }
    },
    {
      "matrix": "onetone2",
      "cudss-gpu": {
        "factor_ms": 7.88378,
        "solve_ms": 1.528131
      },
      "klu": {
        "factor_ms": 183.188361,
        "solve_ms": 2.332487
      }
    },
    {
      "matrix": "rajat15",
      "cudss-gpu": {
        "factor_ms": 3.481799,
        "solve_ms": 0.871051
      },
      "klu": {
        "factor_ms": 93.902236,
        "solve_ms": 2.06724
      }
    },
    {
      "matrix": "rajat27",
      "cudss-gpu": {
        "factor_ms": 1.012535,
        "solve_ms": 0.391724
      },
      "klu": {
        "factor_ms": 3.013341,
        "solve_ms": 0.244057
      }
    },
    {
      "matrix": "wang3",
      "cudss-gpu": {
        "factor_ms": 34.450446,
        "solve_ms": 2.010965
      },
      "klu": {
        "factor_ms": 3382.850108,
        "solve_ms": 9.830103
      }
    }
  ],
  "accuracy_ok": true
}