{
  "summary": {
    "analyze_sec": "",
    "backend": "python",
    "buses": "",
    "case_name": "case30_ieee",
    "case_stem": "pglib_opf_case30_ieee",
    "compute": "fp64",
    "dump_case_name": "",
    "elapsed_sec": 0.009748298674821854,
    "final_mismatch": 2.0731932157010958e-14,
    "implementation": "pypower",
    "iterations": 4,
    "jacobian": "pypower",
    "max_abs_v_delta_from_v0": "",
    "measurement_mode": "operators",
    "newtonpf.init_index.avg_sec": 1.0779127478599548e-05,
    "newtonpf.init_index.count": 1,
    "newtonpf.init_index.total_sec": 1.0779127478599548e-05,
    "newtonpf.jacobian.avg_sec": 0.0017705028876662254,
    "newtonpf.jacobian.count": 4,
    "newtonpf.jacobian.total_sec": 0.007082011550664902,
    "newtonpf.mismatch.avg_sec": 3.18136066198349e-05,
    "newtonpf.mismatch.count": 5,
    "newtonpf.mismatch.total_sec": 0.0001590680330991745,
    "newtonpf.solve.avg_sec": 0.00010756682604551315,
    "newtonpf.solve.count": 4,
    "newtonpf.solve.total_sec": 0.0004302673041820526,
    "newtonpf.update_voltage.avg_sec": 1.5443656593561172e-05,
    "newtonpf.update_voltage.count": 4,
    "newtonpf.update_voltage.total_sec": 6.177462637424469e-05,
    "pq": "",
    "profile": "pypower",
    "pv": "",
    "repeat_idx": 9,
    "runpf.build_Sbus.avg_sec": 0.00010928139090538025,
    "runpf.build_Sbus.count": 1,
    "runpf.build_Sbus.total_sec": 0.00010928139090538025,
    "runpf.build_Ybus.avg_sec": 0.0009238328784704208,
    "runpf.build_Ybus.count": 1,
    "runpf.build_Ybus.total_sec": 0.0009238328784704208,
    "runpf.bus_indexing.avg_sec": 0.0004152599722146988,
    "runpf.bus_indexing.count": 1,
    "runpf.bus_indexing.total_sec": 0.0004152599722146988,
    "runpf.load_case_data.avg_sec": 0.00023869983851909637,
    "runpf.load_case_data.count": 1,
    "runpf.load_case_data.total_sec": 0.00023869983851909637,
    "runpf.newtonpf.avg_sec": 0.0078000035136938095,
    "runpf.newtonpf.count": 1,
    "runpf.newtonpf.total_sec": 0.0078000035136938095,
    "solve_sec": 0.0078000035136938095,
    "source_profile": "pypower",
    "success": true
  },
  "timing_entries": [
    {
      "elapsed_sec": 0.00023869983851909637,
      "iter_idx": 0,
      "op_name": "load_case_data",
      "tag": "runpf"
    },
    {
      "elapsed_sec": 0.0004152599722146988,
      "iter_idx": 0,
      "op_name": "bus_indexing",
      "tag": "runpf"
    },
    {
      "elapsed_sec": 0.0009238328784704208,
      "iter_idx": 0,
      "op_name": "build_Ybus",
      "tag": "runpf"
    },
    {
      "elapsed_sec": 0.00010928139090538025,
      "iter_idx": 0,
      "op_name": "build_Sbus",
      "tag": "runpf"
    },
    {
      "elapsed_sec": 1.0779127478599548e-05,
      "iter_idx": 0,
      "op_name": "init_index",
      "tag": "newtonpf"
    },
    {
      "elapsed_sec": 2.650730311870575e-05,
      "iter_idx": 0,
      "op_name": "mismatch",
      "tag": "newtonpf"
    },
    {
      "elapsed_sec": 0.0017940439283847809,
      "iter_idx": 1,
      "op_name": "jacobian",
      "tag": "newtonpf"
    },
    {
      "elapsed_sec": 0.00011262111365795135,
      "iter_idx": 1,
      "op_name": "solve",
      "tag": "newtonpf"
    },
    {
      "elapsed_sec": 1.659989356994629e-05,
      "iter_idx": 1,
      "op_name": "update_voltage",
      "tag": "newtonpf"
    },
    {
      "elapsed_sec": 3.3428892493247986e-05,
      "iter_idx": 1,
      "op_name": "mismatch",
      "tag": "newtonpf"
    },
    {
      "elapsed_sec": 0.0017714612185955048,
      "iter_idx": 2,
      "op_name": "jacobian",
      "tag": "newtonpf"
    },
    {
      "elapsed_sec": 0.00010704994201660156,
      "iter_idx": 2,
      "op_name": "solve",
      "tag": "newtonpf"
    },
    {
      "elapsed_sec": 1.5189871191978455e-05,
      "iter_idx": 2,
      "op_name": "update_voltage",
      "tag": "newtonpf"
    },
    {
      "elapsed_sec": 3.3410266041755676e-05,
      "iter_idx": 2,
      "op_name": "mismatch",
      "tag": "newtonpf"
    },
    {
      "elapsed_sec": 0.001773664727807045,
      "iter_idx": 3,
      "op_name": "jacobian",
      "tag": "newtonpf"
    },
    {
      "elapsed_sec": 0.00010520778596401215,
      "iter_idx": 3,
      "op_name": "solve",
      "tag": "newtonpf"
    },
    {
      "elapsed_sec": 1.5072524547576904e-05,
      "iter_idx": 3,
      "op_name": "update_voltage",
      "tag": "newtonpf"
    },
    {
      "elapsed_sec": 3.290921449661255e-05,
      "iter_idx": 3,
      "op_name": "mismatch",
      "tag": "newtonpf"
    },
    {
      "elapsed_sec": 0.001742841675877571,
      "iter_idx": 4,
      "op_name": "jacobian",
      "tag": "newtonpf"
    },
    {
      "elapsed_sec": 0.00010538846254348755,
      "iter_idx": 4,
      "op_name": "solve",
      "tag": "newtonpf"
    },
    {
      "elapsed_sec": 1.4912337064743042e-05,
      "iter_idx": 4,
      "op_name": "update_voltage",
      "tag": "newtonpf"
    },
    {
      "elapsed_sec": 3.281235694885254e-05,
      "iter_idx": 4,
      "op_name": "mismatch",
      "tag": "newtonpf"
    },
    {
      "elapsed_sec": 0.0078000035136938095,
      "iter_idx": 0,
      "op_name": "newtonpf",
      "tag": "runpf"
    }
  ]
}
