{
  "summary": {
    "analyze_sec": "",
    "backend": "python",
    "buses": "",
    "case_name": "case30_ieee",
    "case_stem": "pglib_opf_case30_ieee",
    "compute": "fp64",
    "dump_case_name": "",
    "elapsed_sec": 0.010017268359661102,
    "final_mismatch": 2.0731932157010958e-14,
    "implementation": "pypower",
    "iterations": 4,
    "jacobian": "pypower",
    "max_abs_v_delta_from_v0": "",
    "measurement_mode": "operators",
    "newtonpf.init_index.avg_sec": 1.090019941329956e-05,
    "newtonpf.init_index.count": 1,
    "newtonpf.init_index.total_sec": 1.090019941329956e-05,
    "newtonpf.jacobian.avg_sec": 0.0018275114707648754,
    "newtonpf.jacobian.count": 4,
    "newtonpf.jacobian.total_sec": 0.007310045883059502,
    "newtonpf.mismatch.avg_sec": 3.2203271985054016e-05,
    "newtonpf.mismatch.count": 5,
    "newtonpf.mismatch.total_sec": 0.00016101635992527008,
    "newtonpf.solve.avg_sec": 0.00011157896369695663,
    "newtonpf.solve.count": 4,
    "newtonpf.solve.total_sec": 0.00044631585478782654,
    "newtonpf.update_voltage.avg_sec": 1.5264842659235e-05,
    "newtonpf.update_voltage.count": 4,
    "newtonpf.update_voltage.total_sec": 6.105937063694e-05,
    "pq": "",
    "profile": "pypower",
    "pv": "",
    "repeat_idx": 8,
    "runpf.build_Sbus.avg_sec": 0.00011050887405872345,
    "runpf.build_Sbus.count": 1,
    "runpf.build_Sbus.total_sec": 0.00011050887405872345,
    "runpf.build_Ybus.avg_sec": 0.0009246114641427994,
    "runpf.build_Ybus.count": 1,
    "runpf.build_Ybus.total_sec": 0.0009246114641427994,
    "runpf.bus_indexing.avg_sec": 0.000416632741689682,
    "runpf.bus_indexing.count": 1,
    "runpf.bus_indexing.total_sec": 0.000416632741689682,
    "runpf.load_case_data.avg_sec": 0.00023945048451423645,
    "runpf.load_case_data.count": 1,
    "runpf.load_case_data.total_sec": 0.00023945048451423645,
    "runpf.newtonpf.avg_sec": 0.008044363930821419,
    "runpf.newtonpf.count": 1,
    "runpf.newtonpf.total_sec": 0.008044363930821419,
    "solve_sec": 0.008044363930821419,
    "source_profile": "pypower",
    "success": true
  },
  "timing_entries": [
    {
      "elapsed_sec": 0.00023945048451423645,
      "iter_idx": 0,
      "op_name": "load_case_data",
      "tag": "runpf"
    },
    {
      "elapsed_sec": 0.000416632741689682,
      "iter_idx": 0,
      "op_name": "bus_indexing",
      "tag": "runpf"
    },
    {
      "elapsed_sec": 0.0009246114641427994,
      "iter_idx": 0,
      "op_name": "build_Ybus",
      "tag": "runpf"
    },
    {
      "elapsed_sec": 0.00011050887405872345,
      "iter_idx": 0,
      "op_name": "build_Sbus",
      "tag": "runpf"
    },
    {
      "elapsed_sec": 1.090019941329956e-05,
      "iter_idx": 0,
      "op_name": "init_index",
      "tag": "newtonpf"
    },
    {
      "elapsed_sec": 2.683885395526886e-05,
      "iter_idx": 0,
      "op_name": "mismatch",
      "tag": "newtonpf"
    },
    {
      "elapsed_sec": 0.0017951559275388718,
      "iter_idx": 1,
      "op_name": "jacobian",
      "tag": "newtonpf"
    },
    {
      "elapsed_sec": 0.00011769868433475494,
      "iter_idx": 1,
      "op_name": "solve",
      "tag": "newtonpf"
    },
    {
      "elapsed_sec": 1.5579164028167725e-05,
      "iter_idx": 1,
      "op_name": "update_voltage",
      "tag": "newtonpf"
    },
    {
      "elapsed_sec": 3.4147873520851135e-05,
      "iter_idx": 1,
      "op_name": "mismatch",
      "tag": "newtonpf"
    },
    {
      "elapsed_sec": 0.0019080322235822678,
      "iter_idx": 2,
      "op_name": "jacobian",
      "tag": "newtonpf"
    },
    {
      "elapsed_sec": 0.00011536106467247009,
      "iter_idx": 2,
      "op_name": "solve",
      "tag": "newtonpf"
    },
    {
      "elapsed_sec": 1.5439465641975403e-05,
      "iter_idx": 2,
      "op_name": "update_voltage",
      "tag": "newtonpf"
    },
    {
      "elapsed_sec": 3.360956907272339e-05,
      "iter_idx": 2,
      "op_name": "mismatch",
      "tag": "newtonpf"
    },
    {
      "elapsed_sec": 0.001838473603129387,
      "iter_idx": 3,
      "op_name": "jacobian",
      "tag": "newtonpf"
    },
    {
      "elapsed_sec": 0.00010740943253040314,
      "iter_idx": 3,
      "op_name": "solve",
      "tag": "newtonpf"
    },
    {
      "elapsed_sec": 1.5089288353919983e-05,
      "iter_idx": 3,
      "op_name": "update_voltage",
      "tag": "newtonpf"
    },
    {
      "elapsed_sec": 3.33394855260849e-05,
      "iter_idx": 3,
      "op_name": "mismatch",
      "tag": "newtonpf"
    },
    {
      "elapsed_sec": 0.0017683841288089752,
      "iter_idx": 4,
      "op_name": "jacobian",
      "tag": "newtonpf"
    },
    {
      "elapsed_sec": 0.00010584667325019836,
      "iter_idx": 4,
      "op_name": "solve",
      "tag": "newtonpf"
    },
    {
      "elapsed_sec": 1.4951452612876892e-05,
      "iter_idx": 4,
      "op_name": "update_voltage",
      "tag": "newtonpf"
    },
    {
      "elapsed_sec": 3.30805778503418e-05,
      "iter_idx": 4,
      "op_name": "mismatch",
      "tag": "newtonpf"
    },
    {
      "elapsed_sec": 0.008044363930821419,
      "iter_idx": 0,
      "op_name": "newtonpf",
      "tag": "runpf"
    }
  ]
}
