{
  "summary": {
    "analyze_sec": "",
    "backend": "python",
    "buses": "",
    "case_name": "case30_ieee",
    "case_stem": "pglib_opf_case30_ieee",
    "compute": "fp64",
    "dump_case_name": "",
    "elapsed_sec": 0.009985188022255898,
    "final_mismatch": 2.0731932157010958e-14,
    "implementation": "pypower",
    "iterations": 4,
    "jacobian": "pypower",
    "max_abs_v_delta_from_v0": "",
    "measurement_mode": "operators",
    "newtonpf.init_index.avg_sec": 1.1391937732696533e-05,
    "newtonpf.init_index.count": 1,
    "newtonpf.init_index.total_sec": 1.1391937732696533e-05,
    "newtonpf.jacobian.avg_sec": 0.0018120636232197285,
    "newtonpf.jacobian.count": 4,
    "newtonpf.jacobian.total_sec": 0.007248254492878914,
    "newtonpf.mismatch.avg_sec": 3.212690353393555e-05,
    "newtonpf.mismatch.count": 5,
    "newtonpf.mismatch.total_sec": 0.00016063451766967773,
    "newtonpf.solve.avg_sec": 0.00011372193694114685,
    "newtonpf.solve.count": 4,
    "newtonpf.solve.total_sec": 0.0004548877477645874,
    "newtonpf.update_voltage.avg_sec": 1.5188474208116531e-05,
    "newtonpf.update_voltage.count": 4,
    "newtonpf.update_voltage.total_sec": 6.0753896832466125e-05,
    "pq": "",
    "profile": "pypower",
    "pv": "",
    "repeat_idx": 2,
    "runpf.build_Sbus.avg_sec": 0.0001119319349527359,
    "runpf.build_Sbus.count": 1,
    "runpf.build_Sbus.total_sec": 0.0001119319349527359,
    "runpf.build_Ybus.avg_sec": 0.0009442530572414398,
    "runpf.build_Ybus.count": 1,
    "runpf.build_Ybus.total_sec": 0.0009442530572414398,
    "runpf.bus_indexing.avg_sec": 0.00043398141860961914,
    "runpf.bus_indexing.count": 1,
    "runpf.bus_indexing.total_sec": 0.00043398141860961914,
    "runpf.load_case_data.avg_sec": 0.0002463497221469879,
    "runpf.load_case_data.count": 1,
    "runpf.load_case_data.total_sec": 0.0002463497221469879,
    "runpf.newtonpf.avg_sec": 0.007992463186383247,
    "runpf.newtonpf.count": 1,
    "runpf.newtonpf.total_sec": 0.007992463186383247,
    "solve_sec": 0.007992463186383247,
    "source_profile": "pypower",
    "success": true
  },
  "timing_entries": [
    {
      "elapsed_sec": 0.0002463497221469879,
      "iter_idx": 0,
      "op_name": "load_case_data",
      "tag": "runpf"
    },
    {
      "elapsed_sec": 0.00043398141860961914,
      "iter_idx": 0,
      "op_name": "bus_indexing",
      "tag": "runpf"
    },
    {
      "elapsed_sec": 0.0009442530572414398,
      "iter_idx": 0,
      "op_name": "build_Ybus",
      "tag": "runpf"
    },
    {
      "elapsed_sec": 0.0001119319349527359,
      "iter_idx": 0,
      "op_name": "build_Sbus",
      "tag": "runpf"
    },
    {
      "elapsed_sec": 1.1391937732696533e-05,
      "iter_idx": 0,
      "op_name": "init_index",
      "tag": "newtonpf"
    },
    {
      "elapsed_sec": 2.6941299438476562e-05,
      "iter_idx": 0,
      "op_name": "mismatch",
      "tag": "newtonpf"
    },
    {
      "elapsed_sec": 0.0018264241516590118,
      "iter_idx": 1,
      "op_name": "jacobian",
      "tag": "newtonpf"
    },
    {
      "elapsed_sec": 0.0001148805022239685,
      "iter_idx": 1,
      "op_name": "solve",
      "tag": "newtonpf"
    },
    {
      "elapsed_sec": 1.5109777450561523e-05,
      "iter_idx": 1,
      "op_name": "update_voltage",
      "tag": "newtonpf"
    },
    {
      "elapsed_sec": 3.344006836414337e-05,
      "iter_idx": 1,
      "op_name": "mismatch",
      "tag": "newtonpf"
    },
    {
      "elapsed_sec": 0.0018143821507692337,
      "iter_idx": 2,
      "op_name": "jacobian",
      "tag": "newtonpf"
    },
    {
      "elapsed_sec": 0.00012299977242946625,
      "iter_idx": 2,
      "op_name": "solve",
      "tag": "newtonpf"
    },
    {
      "elapsed_sec": 1.5290454030036926e-05,
      "iter_idx": 2,
      "op_name": "update_voltage",
      "tag": "newtonpf"
    },
    {
      "elapsed_sec": 3.341957926750183e-05,
      "iter_idx": 2,
      "op_name": "mismatch",
      "tag": "newtonpf"
    },
    {
      "elapsed_sec": 0.001800931990146637,
      "iter_idx": 3,
      "op_name": "jacobian",
      "tag": "newtonpf"
    },
    {
      "elapsed_sec": 0.0001089591532945633,
      "iter_idx": 3,
      "op_name": "solve",
      "tag": "newtonpf"
    },
    {
      "elapsed_sec": 1.5212222933769226e-05,
      "iter_idx": 3,
      "op_name": "update_voltage",
      "tag": "newtonpf"
    },
    {
      "elapsed_sec": 3.340095281600952e-05,
      "iter_idx": 3,
      "op_name": "mismatch",
      "tag": "newtonpf"
    },
    {
      "elapsed_sec": 0.0018065162003040314,
      "iter_idx": 4,
      "op_name": "jacobian",
      "tag": "newtonpf"
    },
    {
      "elapsed_sec": 0.00010804831981658936,
      "iter_idx": 4,
      "op_name": "solve",
      "tag": "newtonpf"
    },
    {
      "elapsed_sec": 1.514144241809845e-05,
      "iter_idx": 4,
      "op_name": "update_voltage",
      "tag": "newtonpf"
    },
    {
      "elapsed_sec": 3.343261778354645e-05,
      "iter_idx": 4,
      "op_name": "mismatch",
      "tag": "newtonpf"
    },
    {
      "elapsed_sec": 0.007992463186383247,
      "iter_idx": 0,
      "op_name": "newtonpf",
      "tag": "runpf"
    }
  ]
}
