{
  "summary": {
    "analyze_sec": "",
    "backend": "python",
    "buses": "",
    "case_name": "case30_ieee",
    "case_stem": "pglib_opf_case30_ieee",
    "compute": "fp64",
    "dump_case_name": "",
    "elapsed_sec": 0.009844567626714706,
    "final_mismatch": 2.0731932157010958e-14,
    "implementation": "pypower",
    "iterations": 4,
    "jacobian": "pypower",
    "max_abs_v_delta_from_v0": "",
    "measurement_mode": "operators",
    "newtonpf.init_index.avg_sec": 1.1360272765159607e-05,
    "newtonpf.init_index.count": 1,
    "newtonpf.init_index.total_sec": 1.1360272765159607e-05,
    "newtonpf.jacobian.avg_sec": 0.0017841742374002934,
    "newtonpf.jacobian.count": 4,
    "newtonpf.jacobian.total_sec": 0.007136696949601173,
    "newtonpf.mismatch.avg_sec": 3.232769668102264e-05,
    "newtonpf.mismatch.count": 5,
    "newtonpf.mismatch.total_sec": 0.00016163848340511322,
    "newtonpf.solve.avg_sec": 0.00011121761053800583,
    "newtonpf.solve.count": 4,
    "newtonpf.solve.total_sec": 0.0004448704421520233,
    "newtonpf.update_voltage.avg_sec": 1.5315134078264236e-05,
    "newtonpf.update_voltage.count": 4,
    "newtonpf.update_voltage.total_sec": 6.126053631305695e-05,
    "pq": "",
    "profile": "pypower",
    "pv": "",
    "repeat_idx": 6,
    "runpf.build_Sbus.avg_sec": 0.00011088885366916656,
    "runpf.build_Sbus.count": 1,
    "runpf.build_Sbus.total_sec": 0.00011088885366916656,
    "runpf.build_Ybus.avg_sec": 0.0009322520345449448,
    "runpf.build_Ybus.count": 1,
    "runpf.build_Ybus.total_sec": 0.0009322520345449448,
    "runpf.bus_indexing.avg_sec": 0.00042862072587013245,
    "runpf.bus_indexing.count": 1,
    "runpf.bus_indexing.total_sec": 0.00042862072587013245,
    "runpf.load_case_data.avg_sec": 0.00024581141769886017,
    "runpf.load_case_data.count": 1,
    "runpf.load_case_data.total_sec": 0.00024581141769886017,
    "runpf.newtonpf.avg_sec": 0.007872253656387329,
    "runpf.newtonpf.count": 1,
    "runpf.newtonpf.total_sec": 0.007872253656387329,
    "solve_sec": 0.007872253656387329,
    "source_profile": "pypower",
    "success": true
  },
  "timing_entries": [
    {
      "elapsed_sec": 0.00024581141769886017,
      "iter_idx": 0,
      "op_name": "load_case_data",
      "tag": "runpf"
    },
    {
      "elapsed_sec": 0.00042862072587013245,
      "iter_idx": 0,
      "op_name": "bus_indexing",
      "tag": "runpf"
    },
    {
      "elapsed_sec": 0.0009322520345449448,
      "iter_idx": 0,
      "op_name": "build_Ybus",
      "tag": "runpf"
    },
    {
      "elapsed_sec": 0.00011088885366916656,
      "iter_idx": 0,
      "op_name": "build_Sbus",
      "tag": "runpf"
    },
    {
      "elapsed_sec": 1.1360272765159607e-05,
      "iter_idx": 0,
      "op_name": "init_index",
      "tag": "newtonpf"
    },
    {
      "elapsed_sec": 2.7351081371307373e-05,
      "iter_idx": 0,
      "op_name": "mismatch",
      "tag": "newtonpf"
    },
    {
      "elapsed_sec": 0.0017850454896688461,
      "iter_idx": 1,
      "op_name": "jacobian",
      "tag": "newtonpf"
    },
    {
      "elapsed_sec": 0.000113731250166893,
      "iter_idx": 1,
      "op_name": "solve",
      "tag": "newtonpf"
    },
    {
      "elapsed_sec": 1.555308699607849e-05,
      "iter_idx": 1,
      "op_name": "update_voltage",
      "tag": "newtonpf"
    },
    {
      "elapsed_sec": 3.390759229660034e-05,
      "iter_idx": 1,
      "op_name": "mismatch",
      "tag": "newtonpf"
    },
    {
      "elapsed_sec": 0.0017942041158676147,
      "iter_idx": 2,
      "op_name": "jacobian",
      "tag": "newtonpf"
    },
    {
      "elapsed_sec": 0.00011340714991092682,
      "iter_idx": 2,
      "op_name": "solve",
      "tag": "newtonpf"
    },
    {
      "elapsed_sec": 1.5327706933021545e-05,
      "iter_idx": 2,
      "op_name": "update_voltage",
      "tag": "newtonpf"
    },
    {
      "elapsed_sec": 3.461912274360657e-05,
      "iter_idx": 2,
      "op_name": "mismatch",
      "tag": "newtonpf"
    },
    {
      "elapsed_sec": 0.0017729327082633972,
      "iter_idx": 3,
      "op_name": "jacobian",
      "tag": "newtonpf"
    },
    {
      "elapsed_sec": 0.00011144019663333893,
      "iter_idx": 3,
      "op_name": "solve",
      "tag": "newtonpf"
    },
    {
      "elapsed_sec": 1.527927815914154e-05,
      "iter_idx": 3,
      "op_name": "update_voltage",
      "tag": "newtonpf"
    },
    {
      "elapsed_sec": 3.2860785722732544e-05,
      "iter_idx": 3,
      "op_name": "mismatch",
      "tag": "newtonpf"
    },
    {
      "elapsed_sec": 0.0017845146358013153,
      "iter_idx": 4,
      "op_name": "jacobian",
      "tag": "newtonpf"
    },
    {
      "elapsed_sec": 0.00010629184544086456,
      "iter_idx": 4,
      "op_name": "solve",
      "tag": "newtonpf"
    },
    {
      "elapsed_sec": 1.5100464224815369e-05,
      "iter_idx": 4,
      "op_name": "update_voltage",
      "tag": "newtonpf"
    },
    {
      "elapsed_sec": 3.2899901270866394e-05,
      "iter_idx": 4,
      "op_name": "mismatch",
      "tag": "newtonpf"
    },
    {
      "elapsed_sec": 0.007872253656387329,
      "iter_idx": 0,
      "op_name": "newtonpf",
      "tag": "runpf"
    }
  ]
}
