{
  "summary": {
    "analyze_sec": "",
    "backend": "python",
    "buses": "",
    "case_name": "case30_ieee",
    "case_stem": "pglib_opf_case30_ieee",
    "compute": "fp64",
    "dump_case_name": "",
    "elapsed_sec": 0.0098560880869627,
    "final_mismatch": 2.0731932157010958e-14,
    "implementation": "pypower",
    "iterations": 4,
    "jacobian": "pypower",
    "max_abs_v_delta_from_v0": "",
    "measurement_mode": "operators",
    "newtonpf.init_index.avg_sec": 1.0959804058074951e-05,
    "newtonpf.init_index.count": 1,
    "newtonpf.init_index.total_sec": 1.0959804058074951e-05,
    "newtonpf.jacobian.avg_sec": 0.0017839227803051472,
    "newtonpf.jacobian.count": 4,
    "newtonpf.jacobian.total_sec": 0.007135691121220589,
    "newtonpf.mismatch.avg_sec": 3.173835575580597e-05,
    "newtonpf.mismatch.count": 5,
    "newtonpf.mismatch.total_sec": 0.00015869177877902985,
    "newtonpf.solve.avg_sec": 0.00011554127559065819,
    "newtonpf.solve.count": 4,
    "newtonpf.solve.total_sec": 0.00046216510236263275,
    "newtonpf.update_voltage.avg_sec": 1.5180092304944992e-05,
    "newtonpf.update_voltage.count": 4,
    "newtonpf.update_voltage.total_sec": 6.072036921977997e-05,
    "pq": "",
    "profile": "pypower",
    "pv": "",
    "repeat_idx": 4,
    "runpf.build_Sbus.avg_sec": 0.00010917894542217255,
    "runpf.build_Sbus.count": 1,
    "runpf.build_Sbus.total_sec": 0.00010917894542217255,
    "runpf.build_Ybus.avg_sec": 0.0009187515825033188,
    "runpf.build_Ybus.count": 1,
    "runpf.build_Ybus.total_sec": 0.0009187515825033188,
    "runpf.bus_indexing.avg_sec": 0.000416681170463562,
    "runpf.bus_indexing.count": 1,
    "runpf.bus_indexing.total_sec": 0.000416681170463562,
    "runpf.load_case_data.avg_sec": 0.0002471674233675003,
    "runpf.load_case_data.count": 1,
    "runpf.load_case_data.total_sec": 0.0002471674233675003,
    "runpf.newtonpf.avg_sec": 0.007884982973337173,
    "runpf.newtonpf.count": 1,
    "runpf.newtonpf.total_sec": 0.007884982973337173,
    "solve_sec": 0.007884982973337173,
    "source_profile": "pypower",
    "success": true
  },
  "timing_entries": [
    {
      "elapsed_sec": 0.0002471674233675003,
      "iter_idx": 0,
      "op_name": "load_case_data",
      "tag": "runpf"
    },
    {
      "elapsed_sec": 0.000416681170463562,
      "iter_idx": 0,
      "op_name": "bus_indexing",
      "tag": "runpf"
    },
    {
      "elapsed_sec": 0.0009187515825033188,
      "iter_idx": 0,
      "op_name": "build_Ybus",
      "tag": "runpf"
    },
    {
      "elapsed_sec": 0.00010917894542217255,
      "iter_idx": 0,
      "op_name": "build_Sbus",
      "tag": "runpf"
    },
    {
      "elapsed_sec": 1.0959804058074951e-05,
      "iter_idx": 0,
      "op_name": "init_index",
      "tag": "newtonpf"
    },
    {
      "elapsed_sec": 2.61012464761734e-05,
      "iter_idx": 0,
      "op_name": "mismatch",
      "tag": "newtonpf"
    },
    {
      "elapsed_sec": 0.001778963953256607,
      "iter_idx": 1,
      "op_name": "jacobian",
      "tag": "newtonpf"
    },
    {
      "elapsed_sec": 0.00012113898992538452,
      "iter_idx": 1,
      "op_name": "solve",
      "tag": "newtonpf"
    },
    {
      "elapsed_sec": 1.5379860997200012e-05,
      "iter_idx": 1,
      "op_name": "update_voltage",
      "tag": "newtonpf"
    },
    {
      "elapsed_sec": 3.395974636077881e-05,
      "iter_idx": 1,
      "op_name": "mismatch",
      "tag": "newtonpf"
    },
    {
      "elapsed_sec": 0.0017776936292648315,
      "iter_idx": 2,
      "op_name": "jacobian",
      "tag": "newtonpf"
    },
    {
      "elapsed_sec": 0.00011837296187877655,
      "iter_idx": 2,
      "op_name": "solve",
      "tag": "newtonpf"
    },
    {
      "elapsed_sec": 1.526065170764923e-05,
      "iter_idx": 2,
      "op_name": "update_voltage",
      "tag": "newtonpf"
    },
    {
      "elapsed_sec": 3.276020288467407e-05,
      "iter_idx": 2,
      "op_name": "mismatch",
      "tag": "newtonpf"
    },
    {
      "elapsed_sec": 0.0018020719289779663,
      "iter_idx": 3,
      "op_name": "jacobian",
      "tag": "newtonpf"
    },
    {
      "elapsed_sec": 0.00011677294969558716,
      "iter_idx": 3,
      "op_name": "solve",
      "tag": "newtonpf"
    },
    {
      "elapsed_sec": 1.5439465641975403e-05,
      "iter_idx": 3,
      "op_name": "update_voltage",
      "tag": "newtonpf"
    },
    {
      "elapsed_sec": 3.35201621055603e-05,
      "iter_idx": 3,
      "op_name": "mismatch",
      "tag": "newtonpf"
    },
    {
      "elapsed_sec": 0.0017769616097211838,
      "iter_idx": 4,
      "op_name": "jacobian",
      "tag": "newtonpf"
    },
    {
      "elapsed_sec": 0.00010588020086288452,
      "iter_idx": 4,
      "op_name": "solve",
      "tag": "newtonpf"
    },
    {
      "elapsed_sec": 1.4640390872955322e-05,
      "iter_idx": 4,
      "op_name": "update_voltage",
      "tag": "newtonpf"
    },
    {
      "elapsed_sec": 3.235042095184326e-05,
      "iter_idx": 4,
      "op_name": "mismatch",
      "tag": "newtonpf"
    },
    {
      "elapsed_sec": 0.007884982973337173,
      "iter_idx": 0,
      "op_name": "newtonpf",
      "tag": "runpf"
    }
  ]
}
