{
  "summary": {
    "analyze_sec": "",
    "backend": "python",
    "buses": "",
    "case_name": "case30_ieee",
    "case_stem": "pglib_opf_case30_ieee",
    "compute": "fp64",
    "dump_case_name": "",
    "elapsed_sec": 0.009947087615728378,
    "final_mismatch": 2.0731932157010958e-14,
    "implementation": "pypower",
    "iterations": 4,
    "jacobian": "pypower",
    "max_abs_v_delta_from_v0": "",
    "measurement_mode": "operators",
    "newtonpf.init_index.avg_sec": 1.1119991540908813e-05,
    "newtonpf.init_index.count": 1,
    "newtonpf.init_index.total_sec": 1.1119991540908813e-05,
    "newtonpf.jacobian.avg_sec": 0.0017965487204492092,
    "newtonpf.jacobian.count": 4,
    "newtonpf.jacobian.total_sec": 0.007186194881796837,
    "newtonpf.mismatch.avg_sec": 3.242082893848419e-05,
    "newtonpf.mismatch.count": 5,
    "newtonpf.mismatch.total_sec": 0.00016210414469242096,
    "newtonpf.solve.avg_sec": 0.00012018997222185135,
    "newtonpf.solve.count": 4,
    "newtonpf.solve.total_sec": 0.0004807598888874054,
    "newtonpf.update_voltage.avg_sec": 1.543201506137848e-05,
    "newtonpf.update_voltage.count": 4,
    "newtonpf.update_voltage.total_sec": 6.172806024551392e-05,
    "pq": "",
    "profile": "pypower",
    "pv": "",
    "repeat_idx": 1,
    "runpf.build_Sbus.avg_sec": 0.00011109001934528351,
    "runpf.build_Sbus.count": 1,
    "runpf.build_Sbus.total_sec": 0.00011109001934528351,
    "runpf.build_Ybus.avg_sec": 0.0009428896009922028,
    "runpf.build_Ybus.count": 1,
    "runpf.build_Ybus.total_sec": 0.0009428896009922028,
    "runpf.bus_indexing.avg_sec": 0.00041699036955833435,
    "runpf.bus_indexing.count": 1,
    "runpf.bus_indexing.total_sec": 0.00041699036955833435,
    "runpf.load_case_data.avg_sec": 0.00024222210049629211,
    "runpf.load_case_data.count": 1,
    "runpf.load_case_data.total_sec": 0.00024222210049629211,
    "runpf.newtonpf.avg_sec": 0.007958844304084778,
    "runpf.newtonpf.count": 1,
    "runpf.newtonpf.total_sec": 0.007958844304084778,
    "solve_sec": 0.007958844304084778,
    "source_profile": "pypower",
    "success": true
  },
  "timing_entries": [
    {
      "elapsed_sec": 0.00024222210049629211,
      "iter_idx": 0,
      "op_name": "load_case_data",
      "tag": "runpf"
    },
    {
      "elapsed_sec": 0.00041699036955833435,
      "iter_idx": 0,
      "op_name": "bus_indexing",
      "tag": "runpf"
    },
    {
      "elapsed_sec": 0.0009428896009922028,
      "iter_idx": 0,
      "op_name": "build_Ybus",
      "tag": "runpf"
    },
    {
      "elapsed_sec": 0.00011109001934528351,
      "iter_idx": 0,
      "op_name": "build_Sbus",
      "tag": "runpf"
    },
    {
      "elapsed_sec": 1.1119991540908813e-05,
      "iter_idx": 0,
      "op_name": "init_index",
      "tag": "newtonpf"
    },
    {
      "elapsed_sec": 2.70698219537735e-05,
      "iter_idx": 0,
      "op_name": "mismatch",
      "tag": "newtonpf"
    },
    {
      "elapsed_sec": 0.0017926041036844254,
      "iter_idx": 1,
      "op_name": "jacobian",
      "tag": "newtonpf"
    },
    {
      "elapsed_sec": 0.00012935884296894073,
      "iter_idx": 1,
      "op_name": "solve",
      "tag": "newtonpf"
    },
    {
      "elapsed_sec": 1.554936170578003e-05,
      "iter_idx": 1,
      "op_name": "update_voltage",
      "tag": "newtonpf"
    },
    {
      "elapsed_sec": 3.4419819712638855e-05,
      "iter_idx": 1,
      "op_name": "mismatch",
      "tag": "newtonpf"
    },
    {
      "elapsed_sec": 0.0018080249428749084,
      "iter_idx": 2,
      "op_name": "jacobian",
      "tag": "newtonpf"
    },
    {
      "elapsed_sec": 0.00012816116213798523,
      "iter_idx": 2,
      "op_name": "solve",
      "tag": "newtonpf"
    },
    {
      "elapsed_sec": 1.5599653124809265e-05,
      "iter_idx": 2,
      "op_name": "update_voltage",
      "tag": "newtonpf"
    },
    {
      "elapsed_sec": 3.409944474697113e-05,
      "iter_idx": 2,
      "op_name": "mismatch",
      "tag": "newtonpf"
    },
    {
      "elapsed_sec": 0.00179339200258255,
      "iter_idx": 3,
      "op_name": "jacobian",
      "tag": "newtonpf"
    },
    {
      "elapsed_sec": 0.00011165253818035126,
      "iter_idx": 3,
      "op_name": "solve",
      "tag": "newtonpf"
    },
    {
      "elapsed_sec": 1.543201506137848e-05,
      "iter_idx": 3,
      "op_name": "update_voltage",
      "tag": "newtonpf"
    },
    {
      "elapsed_sec": 3.324262797832489e-05,
      "iter_idx": 3,
      "op_name": "mismatch",
      "tag": "newtonpf"
    },
    {
      "elapsed_sec": 0.001792173832654953,
      "iter_idx": 4,
      "op_name": "jacobian",
      "tag": "newtonpf"
    },
    {
      "elapsed_sec": 0.00011158734560012817,
      "iter_idx": 4,
      "op_name": "solve",
      "tag": "newtonpf"
    },
    {
      "elapsed_sec": 1.5147030353546143e-05,
      "iter_idx": 4,
      "op_name": "update_voltage",
      "tag": "newtonpf"
    },
    {
      "elapsed_sec": 3.3272430300712585e-05,
      "iter_idx": 4,
      "op_name": "mismatch",
      "tag": "newtonpf"
    },
    {
      "elapsed_sec": 0.007958844304084778,
      "iter_idx": 0,
      "op_name": "newtonpf",
      "tag": "runpf"
    }
  ]
}
