{
  "summary": {
    "analyze_sec": "",
    "backend": "python",
    "buses": "",
    "case_name": "case30_ieee",
    "case_stem": "pglib_opf_case30_ieee",
    "compute": "fp64",
    "dump_case_name": "",
    "elapsed_sec": 0.009803667664527893,
    "final_mismatch": 2.0731932157010958e-14,
    "implementation": "pypower",
    "iterations": 4,
    "jacobian": "pypower",
    "max_abs_v_delta_from_v0": "",
    "measurement_mode": "operators",
    "newtonpf.init_index.avg_sec": 1.0721385478973389e-05,
    "newtonpf.init_index.count": 1,
    "newtonpf.init_index.total_sec": 1.0721385478973389e-05,
    "newtonpf.jacobian.avg_sec": 0.0017772377468645573,
    "newtonpf.jacobian.count": 4,
    "newtonpf.jacobian.total_sec": 0.007108950987458229,
    "newtonpf.mismatch.avg_sec": 3.1995773315429685e-05,
    "newtonpf.mismatch.count": 5,
    "newtonpf.mismatch.total_sec": 0.00015997886657714844,
    "newtonpf.solve.avg_sec": 0.00011057173833251,
    "newtonpf.solve.count": 4,
    "newtonpf.solve.total_sec": 0.00044228695333004,
    "newtonpf.update_voltage.avg_sec": 1.5250872820615768e-05,
    "newtonpf.update_voltage.count": 4,
    "newtonpf.update_voltage.total_sec": 6.1003491282463074e-05,
    "pq": "",
    "profile": "pypower",
    "pv": "",
    "repeat_idx": 5,
    "runpf.build_Sbus.avg_sec": 0.000108400359749794,
    "runpf.build_Sbus.count": 1,
    "runpf.build_Sbus.total_sec": 0.000108400359749794,
    "runpf.build_Ybus.avg_sec": 0.0009273607283830643,
    "runpf.build_Ybus.count": 1,
    "runpf.build_Ybus.total_sec": 0.0009273607283830643,
    "runpf.bus_indexing.avg_sec": 0.0004150606691837311,
    "runpf.bus_indexing.count": 1,
    "runpf.bus_indexing.total_sec": 0.0004150606691837311,
    "runpf.load_case_data.avg_sec": 0.0002414323389530182,
    "runpf.load_case_data.count": 1,
    "runpf.load_case_data.total_sec": 0.0002414323389530182,
    "runpf.newtonpf.avg_sec": 0.007838744670152664,
    "runpf.newtonpf.count": 1,
    "runpf.newtonpf.total_sec": 0.007838744670152664,
    "solve_sec": 0.007838744670152664,
    "source_profile": "pypower",
    "success": true
  },
  "timing_entries": [
    {
      "elapsed_sec": 0.0002414323389530182,
      "iter_idx": 0,
      "op_name": "load_case_data",
      "tag": "runpf"
    },
    {
      "elapsed_sec": 0.0004150606691837311,
      "iter_idx": 0,
      "op_name": "bus_indexing",
      "tag": "runpf"
    },
    {
      "elapsed_sec": 0.0009273607283830643,
      "iter_idx": 0,
      "op_name": "build_Ybus",
      "tag": "runpf"
    },
    {
      "elapsed_sec": 0.000108400359749794,
      "iter_idx": 0,
      "op_name": "build_Sbus",
      "tag": "runpf"
    },
    {
      "elapsed_sec": 1.0721385478973389e-05,
      "iter_idx": 0,
      "op_name": "init_index",
      "tag": "newtonpf"
    },
    {
      "elapsed_sec": 2.636946737766266e-05,
      "iter_idx": 0,
      "op_name": "mismatch",
      "tag": "newtonpf"
    },
    {
      "elapsed_sec": 0.001774633303284645,
      "iter_idx": 1,
      "op_name": "jacobian",
      "tag": "newtonpf"
    },
    {
      "elapsed_sec": 0.00011228024959564209,
      "iter_idx": 1,
      "op_name": "solve",
      "tag": "newtonpf"
    },
    {
      "elapsed_sec": 1.541152596473694e-05,
      "iter_idx": 1,
      "op_name": "update_voltage",
      "tag": "newtonpf"
    },
    {
      "elapsed_sec": 3.382936120033264e-05,
      "iter_idx": 1,
      "op_name": "mismatch",
      "tag": "newtonpf"
    },
    {
      "elapsed_sec": 0.001775221899151802,
      "iter_idx": 2,
      "op_name": "jacobian",
      "tag": "newtonpf"
    },
    {
      "elapsed_sec": 0.00010892748832702637,
      "iter_idx": 2,
      "op_name": "solve",
      "tag": "newtonpf"
    },
    {
      "elapsed_sec": 1.4921650290489197e-05,
      "iter_idx": 2,
      "op_name": "update_voltage",
      "tag": "newtonpf"
    },
    {
      "elapsed_sec": 3.296695649623871e-05,
      "iter_idx": 2,
      "op_name": "mismatch",
      "tag": "newtonpf"
    },
    {
      "elapsed_sec": 0.001779383048415184,
      "iter_idx": 3,
      "op_name": "jacobian",
      "tag": "newtonpf"
    },
    {
      "elapsed_sec": 0.0001160893589258194,
      "iter_idx": 3,
      "op_name": "solve",
      "tag": "newtonpf"
    },
    {
      "elapsed_sec": 1.555122435092926e-05,
      "iter_idx": 3,
      "op_name": "update_voltage",
      "tag": "newtonpf"
    },
    {
      "elapsed_sec": 3.361329436302185e-05,
      "iter_idx": 3,
      "op_name": "mismatch",
      "tag": "newtonpf"
    },
    {
      "elapsed_sec": 0.001779712736606598,
      "iter_idx": 4,
      "op_name": "jacobian",
      "tag": "newtonpf"
    },
    {
      "elapsed_sec": 0.00010498985648155212,
      "iter_idx": 4,
      "op_name": "solve",
      "tag": "newtonpf"
    },
    {
      "elapsed_sec": 1.5119090676307678e-05,
      "iter_idx": 4,
      "op_name": "update_voltage",
      "tag": "newtonpf"
    },
    {
      "elapsed_sec": 3.319978713989258e-05,
      "iter_idx": 4,
      "op_name": "mismatch",
      "tag": "newtonpf"
    },
    {
      "elapsed_sec": 0.007838744670152664,
      "iter_idx": 0,
      "op_name": "newtonpf",
      "tag": "runpf"
    }
  ]
}
