{
  "summary": {
    "analyze_sec": "",
    "backend": "python",
    "buses": "",
    "case_name": "case30_ieee",
    "case_stem": "pglib_opf_case30_ieee",
    "compute": "fp64",
    "dump_case_name": "",
    "elapsed_sec": 0.010006686672568321,
    "final_mismatch": 2.0731932157010958e-14,
    "implementation": "pypower",
    "iterations": 4,
    "jacobian": "pypower",
    "max_abs_v_delta_from_v0": "",
    "measurement_mode": "operators",
    "newtonpf.init_index.avg_sec": 1.1218711733818054e-05,
    "newtonpf.init_index.count": 1,
    "newtonpf.init_index.total_sec": 1.1218711733818054e-05,
    "newtonpf.jacobian.avg_sec": 0.0018089041113853455,
    "newtonpf.jacobian.count": 4,
    "newtonpf.jacobian.total_sec": 0.007235616445541382,
    "newtonpf.mismatch.avg_sec": 3.228485584259033e-05,
    "newtonpf.mismatch.count": 5,
    "newtonpf.mismatch.total_sec": 0.00016142427921295166,
    "newtonpf.solve.avg_sec": 0.00011700810864567757,
    "newtonpf.solve.count": 4,
    "newtonpf.solve.total_sec": 0.00046803243458271027,
    "newtonpf.update_voltage.avg_sec": 1.5537254512310028e-05,
    "newtonpf.update_voltage.count": 4,
    "newtonpf.update_voltage.total_sec": 6.214901804924011e-05,
    "pq": "",
    "profile": "pypower",
    "pv": "",
    "repeat_idx": 0,
    "runpf.build_Sbus.avg_sec": 0.00011251121759414673,
    "runpf.build_Sbus.count": 1,
    "runpf.build_Sbus.total_sec": 0.00011251121759414673,
    "runpf.build_Ybus.avg_sec": 0.000957222655415535,
    "runpf.build_Ybus.count": 1,
    "runpf.build_Ybus.total_sec": 0.000957222655415535,
    "runpf.bus_indexing.avg_sec": 0.00042679160833358765,
    "runpf.bus_indexing.count": 1,
    "runpf.bus_indexing.total_sec": 0.00042679160833358765,
    "runpf.load_case_data.avg_sec": 0.0002564098685979843,
    "runpf.load_case_data.count": 1,
    "runpf.load_case_data.total_sec": 0.0002564098685979843,
    "runpf.newtonpf.avg_sec": 0.007995331659913063,
    "runpf.newtonpf.count": 1,
    "runpf.newtonpf.total_sec": 0.007995331659913063,
    "solve_sec": 0.007995331659913063,
    "source_profile": "pypower",
    "success": true
  },
  "timing_entries": [
    {
      "elapsed_sec": 0.0002564098685979843,
      "iter_idx": 0,
      "op_name": "load_case_data",
      "tag": "runpf"
    },
    {
      "elapsed_sec": 0.00042679160833358765,
      "iter_idx": 0,
      "op_name": "bus_indexing",
      "tag": "runpf"
    },
    {
      "elapsed_sec": 0.000957222655415535,
      "iter_idx": 0,
      "op_name": "build_Ybus",
      "tag": "runpf"
    },
    {
      "elapsed_sec": 0.00011251121759414673,
      "iter_idx": 0,
      "op_name": "build_Sbus",
      "tag": "runpf"
    },
    {
      "elapsed_sec": 1.1218711733818054e-05,
      "iter_idx": 0,
      "op_name": "init_index",
      "tag": "newtonpf"
    },
    {
      "elapsed_sec": 2.687983214855194e-05,
      "iter_idx": 0,
      "op_name": "mismatch",
      "tag": "newtonpf"
    },
    {
      "elapsed_sec": 0.0018337424844503403,
      "iter_idx": 1,
      "op_name": "jacobian",
      "tag": "newtonpf"
    },
    {
      "elapsed_sec": 0.00011740066111087799,
      "iter_idx": 1,
      "op_name": "solve",
      "tag": "newtonpf"
    },
    {
      "elapsed_sec": 1.590140163898468e-05,
      "iter_idx": 1,
      "op_name": "update_voltage",
      "tag": "newtonpf"
    },
    {
      "elapsed_sec": 3.420189023017883e-05,
      "iter_idx": 1,
      "op_name": "mismatch",
      "tag": "newtonpf"
    },
    {
      "elapsed_sec": 0.0018086042255163193,
      "iter_idx": 2,
      "op_name": "jacobian",
      "tag": "newtonpf"
    },
    {
      "elapsed_sec": 0.0001255907118320465,
      "iter_idx": 2,
      "op_name": "solve",
      "tag": "newtonpf"
    },
    {
      "elapsed_sec": 1.558847725391388e-05,
      "iter_idx": 2,
      "op_name": "update_voltage",
      "tag": "newtonpf"
    },
    {
      "elapsed_sec": 3.381073474884033e-05,
      "iter_idx": 2,
      "op_name": "mismatch",
      "tag": "newtonpf"
    },
    {
      "elapsed_sec": 0.001803334802389145,
      "iter_idx": 3,
      "op_name": "jacobian",
      "tag": "newtonpf"
    },
    {
      "elapsed_sec": 0.00011658109724521637,
      "iter_idx": 3,
      "op_name": "solve",
      "tag": "newtonpf"
    },
    {
      "elapsed_sec": 1.529976725578308e-05,
      "iter_idx": 3,
      "op_name": "update_voltage",
      "tag": "newtonpf"
    },
    {
      "elapsed_sec": 3.344006836414337e-05,
      "iter_idx": 3,
      "op_name": "mismatch",
      "tag": "newtonpf"
    },
    {
      "elapsed_sec": 0.0017899349331855774,
      "iter_idx": 4,
      "op_name": "jacobian",
      "tag": "newtonpf"
    },
    {
      "elapsed_sec": 0.0001084599643945694,
      "iter_idx": 4,
      "op_name": "solve",
      "tag": "newtonpf"
    },
    {
      "elapsed_sec": 1.535937190055847e-05,
      "iter_idx": 4,
      "op_name": "update_voltage",
      "tag": "newtonpf"
    },
    {
      "elapsed_sec": 3.309175372123718e-05,
      "iter_idx": 4,
      "op_name": "mismatch",
      "tag": "newtonpf"
    },
    {
      "elapsed_sec": 0.007995331659913063,
      "iter_idx": 0,
      "op_name": "newtonpf",
      "tag": "runpf"
    }
  ]
}
