{
  "summary": {
    "analyze_sec": "",
    "backend": "python",
    "buses": "",
    "case_name": "case30_ieee",
    "case_stem": "pglib_opf_case30_ieee",
    "compute": "fp64",
    "dump_case_name": "",
    "elapsed_sec": 0.009813807904720306,
    "final_mismatch": 2.0731932157010958e-14,
    "implementation": "pypower",
    "iterations": 4,
    "jacobian": "pypower",
    "max_abs_v_delta_from_v0": "",
    "measurement_mode": "operators",
    "newtonpf.init_index.avg_sec": 1.125037670135498e-05,
    "newtonpf.init_index.count": 1,
    "newtonpf.init_index.total_sec": 1.125037670135498e-05,
    "newtonpf.jacobian.avg_sec": 0.0017758719623088837,
    "newtonpf.jacobian.count": 4,
    "newtonpf.jacobian.total_sec": 0.007103487849235535,
    "newtonpf.mismatch.avg_sec": 3.181099891662598e-05,
    "newtonpf.mismatch.count": 5,
    "newtonpf.mismatch.total_sec": 0.00015905499458312988,
    "newtonpf.solve.avg_sec": 0.00011198548600077629,
    "newtonpf.solve.count": 4,
    "newtonpf.solve.total_sec": 0.00044794194400310516,
    "newtonpf.update_voltage.avg_sec": 1.5259720385074615e-05,
    "newtonpf.update_voltage.count": 4,
    "newtonpf.update_voltage.total_sec": 6.103888154029846e-05,
    "pq": "",
    "profile": "pypower",
    "pv": "",
    "repeat_idx": 3,
    "runpf.build_Sbus.avg_sec": 0.00011041946709156036,
    "runpf.build_Sbus.count": 1,
    "runpf.build_Sbus.total_sec": 0.00011041946709156036,
    "runpf.build_Ybus.avg_sec": 0.0009409524500370026,
    "runpf.build_Ybus.count": 1,
    "runpf.build_Ybus.total_sec": 0.0009409524500370026,
    "runpf.bus_indexing.avg_sec": 0.0004166793078184128,
    "runpf.bus_indexing.count": 1,
    "runpf.bus_indexing.total_sec": 0.0004166793078184128,
    "runpf.load_case_data.avg_sec": 0.0002460014075040817,
    "runpf.load_case_data.count": 1,
    "runpf.load_case_data.total_sec": 0.0002460014075040817,
    "runpf.newtonpf.avg_sec": 0.007838575169444084,
    "runpf.newtonpf.count": 1,
    "runpf.newtonpf.total_sec": 0.007838575169444084,
    "solve_sec": 0.007838575169444084,
    "source_profile": "pypower",
    "success": true
  },
  "timing_entries": [
    {
      "elapsed_sec": 0.0002460014075040817,
      "iter_idx": 0,
      "op_name": "load_case_data",
      "tag": "runpf"
    },
    {
      "elapsed_sec": 0.0004166793078184128,
      "iter_idx": 0,
      "op_name": "bus_indexing",
      "tag": "runpf"
    },
    {
      "elapsed_sec": 0.0009409524500370026,
      "iter_idx": 0,
      "op_name": "build_Ybus",
      "tag": "runpf"
    },
    {
      "elapsed_sec": 0.00011041946709156036,
      "iter_idx": 0,
      "op_name": "build_Sbus",
      "tag": "runpf"
    },
    {
      "elapsed_sec": 1.125037670135498e-05,
      "iter_idx": 0,
      "op_name": "init_index",
      "tag": "newtonpf"
    },
    {
      "elapsed_sec": 2.631358802318573e-05,
      "iter_idx": 0,
      "op_name": "mismatch",
      "tag": "newtonpf"
    },
    {
      "elapsed_sec": 0.0017584003508090973,
      "iter_idx": 1,
      "op_name": "jacobian",
      "tag": "newtonpf"
    },
    {
      "elapsed_sec": 0.00011453963816165924,
      "iter_idx": 1,
      "op_name": "solve",
      "tag": "newtonpf"
    },
    {
      "elapsed_sec": 1.5620142221450806e-05,
      "iter_idx": 1,
      "op_name": "update_voltage",
      "tag": "newtonpf"
    },
    {
      "elapsed_sec": 3.3389776945114136e-05,
      "iter_idx": 1,
      "op_name": "mismatch",
      "tag": "newtonpf"
    },
    {
      "elapsed_sec": 0.0017847828567028046,
      "iter_idx": 2,
      "op_name": "jacobian",
      "tag": "newtonpf"
    },
    {
      "elapsed_sec": 0.00012077018618583679,
      "iter_idx": 2,
      "op_name": "solve",
      "tag": "newtonpf"
    },
    {
      "elapsed_sec": 1.5370547771453857e-05,
      "iter_idx": 2,
      "op_name": "update_voltage",
      "tag": "newtonpf"
    },
    {
      "elapsed_sec": 3.4399330615997314e-05,
      "iter_idx": 2,
      "op_name": "mismatch",
      "tag": "newtonpf"
    },
    {
      "elapsed_sec": 0.0017802827060222626,
      "iter_idx": 3,
      "op_name": "jacobian",
      "tag": "newtonpf"
    },
    {
      "elapsed_sec": 0.00010686926543712616,
      "iter_idx": 3,
      "op_name": "solve",
      "tag": "newtonpf"
    },
    {
      "elapsed_sec": 1.524016261100769e-05,
      "iter_idx": 3,
      "op_name": "update_voltage",
      "tag": "newtonpf"
    },
    {
      "elapsed_sec": 3.2491981983184814e-05,
      "iter_idx": 3,
      "op_name": "mismatch",
      "tag": "newtonpf"
    },
    {
      "elapsed_sec": 0.0017800219357013702,
      "iter_idx": 4,
      "op_name": "jacobian",
      "tag": "newtonpf"
    },
    {
      "elapsed_sec": 0.00010576285421848297,
      "iter_idx": 4,
      "op_name": "solve",
      "tag": "newtonpf"
    },
    {
      "elapsed_sec": 1.4808028936386108e-05,
      "iter_idx": 4,
      "op_name": "update_voltage",
      "tag": "newtonpf"
    },
    {
      "elapsed_sec": 3.246031701564789e-05,
      "iter_idx": 4,
      "op_name": "mismatch",
      "tag": "newtonpf"
    },
    {
      "elapsed_sec": 0.007838575169444084,
      "iter_idx": 0,
      "op_name": "newtonpf",
      "tag": "runpf"
    }
  ]
}
