{
  "summary": {
    "analyze_sec": "",
    "backend": "python",
    "buses": "",
    "case_name": "MemphisCase2026_Mar7",
    "case_stem": "pglib_opf_caseMemphisCase2026_Mar7",
    "compute": "fp64",
    "dump_case_name": "",
    "elapsed_sec": 0.015382368117570877,
    "final_mismatch": 5.963778581004823e-12,
    "implementation": "pypower",
    "iterations": 2,
    "jacobian": "pypower",
    "max_abs_v_delta_from_v0": "",
    "measurement_mode": "operators",
    "newtonpf.init_index.avg_sec": 1.2049451470375061e-05,
    "newtonpf.init_index.count": 1,
    "newtonpf.init_index.total_sec": 1.2049451470375061e-05,
    "newtonpf.jacobian.avg_sec": 0.0030801715329289436,
    "newtonpf.jacobian.count": 2,
    "newtonpf.jacobian.total_sec": 0.006160343065857887,
    "newtonpf.mismatch.avg_sec": 4.968357582887014e-05,
    "newtonpf.mismatch.count": 3,
    "newtonpf.mismatch.total_sec": 0.0001490507274866104,
    "newtonpf.solve.avg_sec": 0.002828591503202915,
    "newtonpf.solve.count": 2,
    "newtonpf.solve.total_sec": 0.00565718300640583,
    "newtonpf.update_voltage.avg_sec": 6.135459989309311e-05,
    "newtonpf.update_voltage.count": 2,
    "newtonpf.update_voltage.total_sec": 0.00012270919978618622,
    "pq": "",
    "profile": "pypower",
    "pv": "",
    "repeat_idx": 8,
    "runpf.build_Sbus.avg_sec": 0.00013278983533382416,
    "runpf.build_Sbus.count": 1,
    "runpf.build_Sbus.total_sec": 0.00013278983533382416,
    "runpf.build_Ybus.avg_sec": 0.0018606036901474,
    "runpf.build_Ybus.count": 1,
    "runpf.build_Ybus.total_sec": 0.0018606036901474,
    "runpf.bus_indexing.avg_sec": 0.0015781614929437637,
    "runpf.bus_indexing.count": 1,
    "runpf.bus_indexing.total_sec": 0.0015781614929437637,
    "runpf.load_case_data.avg_sec": 0.004454357549548149,
    "runpf.load_case_data.count": 1,
    "runpf.load_case_data.total_sec": 0.004454357549548149,
    "runpf.newtonpf.avg_sec": 0.012162862345576286,
    "runpf.newtonpf.count": 1,
    "runpf.newtonpf.total_sec": 0.012162862345576286,
    "solve_sec": 0.012162862345576286,
    "source_profile": "pypower",
    "success": true
  },
  "timing_entries": [
    {
      "elapsed_sec": 0.004454357549548149,
      "iter_idx": 0,
      "op_name": "load_case_data",
      "tag": "runpf"
    },
    {
      "elapsed_sec": 0.0015781614929437637,
      "iter_idx": 0,
      "op_name": "bus_indexing",
      "tag": "runpf"
    },
    {
      "elapsed_sec": 0.0018606036901474,
      "iter_idx": 0,
      "op_name": "build_Ybus",
      "tag": "runpf"
    },
    {
      "elapsed_sec": 0.00013278983533382416,
      "iter_idx": 0,
      "op_name": "build_Sbus",
      "tag": "runpf"
    },
    {
      "elapsed_sec": 1.2049451470375061e-05,
      "iter_idx": 0,
      "op_name": "init_index",
      "tag": "newtonpf"
    },
    {
      "elapsed_sec": 4.238821566104889e-05,
      "iter_idx": 0,
      "op_name": "mismatch",
      "tag": "newtonpf"
    },
    {
      "elapsed_sec": 0.0029875170439481735,
      "iter_idx": 1,
      "op_name": "jacobian",
      "tag": "newtonpf"
    },
    {
      "elapsed_sec": 0.002814376726746559,
      "iter_idx": 1,
      "op_name": "solve",
      "tag": "newtonpf"
    },
    {
      "elapsed_sec": 6.160885095596313e-05,
      "iter_idx": 1,
      "op_name": "update_voltage",
      "tag": "newtonpf"
    },
    {
      "elapsed_sec": 5.4040923714637756e-05,
      "iter_idx": 1,
      "op_name": "mismatch",
      "tag": "newtonpf"
    },
    {
      "elapsed_sec": 0.0031728260219097137,
      "iter_idx": 2,
      "op_name": "jacobian",
      "tag": "newtonpf"
    },
    {
      "elapsed_sec": 0.0028428062796592712,
      "iter_idx": 2,
      "op_name": "solve",
      "tag": "newtonpf"
    },
    {
      "elapsed_sec": 6.110034883022308e-05,
      "iter_idx": 2,
      "op_name": "update_voltage",
      "tag": "newtonpf"
    },
    {
      "elapsed_sec": 5.262158811092377e-05,
      "iter_idx": 2,
      "op_name": "mismatch",
      "tag": "newtonpf"
    },
    {
      "elapsed_sec": 0.012162862345576286,
      "iter_idx": 0,
      "op_name": "newtonpf",
      "tag": "runpf"
    }
  ]
}
