{
  "summary": {
    "analyze_sec": "",
    "backend": "python",
    "buses": "",
    "case_name": "MemphisCase2026_Mar7",
    "case_stem": "pglib_opf_caseMemphisCase2026_Mar7",
    "compute": "fp64",
    "dump_case_name": "",
    "elapsed_sec": 0.015286827459931374,
    "final_mismatch": 5.963778581004823e-12,
    "implementation": "pypower",
    "iterations": 2,
    "jacobian": "pypower",
    "max_abs_v_delta_from_v0": "",
    "measurement_mode": "operators",
    "newtonpf.init_index.avg_sec": 1.1831521987915039e-05,
    "newtonpf.init_index.count": 1,
    "newtonpf.init_index.total_sec": 1.1831521987915039e-05,
    "newtonpf.jacobian.avg_sec": 0.003043173812329769,
    "newtonpf.jacobian.count": 2,
    "newtonpf.jacobian.total_sec": 0.006086347624659538,
    "newtonpf.mismatch.avg_sec": 4.947930574417114e-05,
    "newtonpf.mismatch.count": 3,
    "newtonpf.mismatch.total_sec": 0.00014843791723251343,
    "newtonpf.solve.avg_sec": 0.0028296951204538345,
    "newtonpf.solve.count": 2,
    "newtonpf.solve.total_sec": 0.005659390240907669,
    "newtonpf.update_voltage.avg_sec": 6.17150217294693e-05,
    "newtonpf.update_voltage.count": 2,
    "newtonpf.update_voltage.total_sec": 0.0001234300434589386,
    "pq": "",
    "profile": "pypower",
    "pv": "",
    "repeat_idx": 4,
    "runpf.build_Sbus.avg_sec": 0.0001325998455286026,
    "runpf.build_Sbus.count": 1,
    "runpf.build_Sbus.total_sec": 0.0001325998455286026,
    "runpf.build_Ybus.avg_sec": 0.0018439330160617828,
    "runpf.build_Ybus.count": 1,
    "runpf.build_Ybus.total_sec": 0.0018439330160617828,
    "runpf.bus_indexing.avg_sec": 0.0015824232250452042,
    "runpf.bus_indexing.count": 1,
    "runpf.bus_indexing.total_sec": 0.0015824232250452042,
    "runpf.load_case_data.avg_sec": 0.004492880776524544,
    "runpf.load_case_data.count": 1,
    "runpf.load_case_data.total_sec": 0.004492880776524544,
    "runpf.newtonpf.avg_sec": 0.012090133503079414,
    "runpf.newtonpf.count": 1,
    "runpf.newtonpf.total_sec": 0.012090133503079414,
    "solve_sec": 0.012090133503079414,
    "source_profile": "pypower",
    "success": true
  },
  "timing_entries": [
    {
      "elapsed_sec": 0.004492880776524544,
      "iter_idx": 0,
      "op_name": "load_case_data",
      "tag": "runpf"
    },
    {
      "elapsed_sec": 0.0015824232250452042,
      "iter_idx": 0,
      "op_name": "bus_indexing",
      "tag": "runpf"
    },
    {
      "elapsed_sec": 0.0018439330160617828,
      "iter_idx": 0,
      "op_name": "build_Ybus",
      "tag": "runpf"
    },
    {
      "elapsed_sec": 0.0001325998455286026,
      "iter_idx": 0,
      "op_name": "build_Sbus",
      "tag": "runpf"
    },
    {
      "elapsed_sec": 1.1831521987915039e-05,
      "iter_idx": 0,
      "op_name": "init_index",
      "tag": "newtonpf"
    },
    {
      "elapsed_sec": 4.2207539081573486e-05,
      "iter_idx": 0,
      "op_name": "mismatch",
      "tag": "newtonpf"
    },
    {
      "elapsed_sec": 0.0030074026435613632,
      "iter_idx": 1,
      "op_name": "jacobian",
      "tag": "newtonpf"
    },
    {
      "elapsed_sec": 0.00281679630279541,
      "iter_idx": 1,
      "op_name": "solve",
      "tag": "newtonpf"
    },
    {
      "elapsed_sec": 6.19497150182724e-05,
      "iter_idx": 1,
      "op_name": "update_voltage",
      "tag": "newtonpf"
    },
    {
      "elapsed_sec": 5.350075662136078e-05,
      "iter_idx": 1,
      "op_name": "mismatch",
      "tag": "newtonpf"
    },
    {
      "elapsed_sec": 0.003078944981098175,
      "iter_idx": 2,
      "op_name": "jacobian",
      "tag": "newtonpf"
    },
    {
      "elapsed_sec": 0.002842593938112259,
      "iter_idx": 2,
      "op_name": "solve",
      "tag": "newtonpf"
    },
    {
      "elapsed_sec": 6.14803284406662e-05,
      "iter_idx": 2,
      "op_name": "update_voltage",
      "tag": "newtonpf"
    },
    {
      "elapsed_sec": 5.272962152957916e-05,
      "iter_idx": 2,
      "op_name": "mismatch",
      "tag": "newtonpf"
    },
    {
      "elapsed_sec": 0.012090133503079414,
      "iter_idx": 0,
      "op_name": "newtonpf",
      "tag": "runpf"
    }
  ]
}
