{
  "summary": {
    "analyze_sec": "",
    "backend": "python",
    "buses": "",
    "case_name": "MemphisCase2026_Mar7",
    "case_stem": "pglib_opf_caseMemphisCase2026_Mar7",
    "compute": "fp64",
    "dump_case_name": "",
    "elapsed_sec": 0.015344347804784775,
    "final_mismatch": 5.963778581004823e-12,
    "implementation": "pypower",
    "iterations": 2,
    "jacobian": "pypower",
    "max_abs_v_delta_from_v0": "",
    "measurement_mode": "operators",
    "newtonpf.init_index.avg_sec": 1.1749565601348877e-05,
    "newtonpf.init_index.count": 1,
    "newtonpf.init_index.total_sec": 1.1749565601348877e-05,
    "newtonpf.jacobian.avg_sec": 0.0030602561309933662,
    "newtonpf.jacobian.count": 2,
    "newtonpf.jacobian.total_sec": 0.0061205122619867325,
    "newtonpf.mismatch.avg_sec": 4.982389509677887e-05,
    "newtonpf.mismatch.count": 3,
    "newtonpf.mismatch.total_sec": 0.0001494716852903366,
    "newtonpf.solve.avg_sec": 0.0028377147391438484,
    "newtonpf.solve.count": 2,
    "newtonpf.solve.total_sec": 0.005675429478287697,
    "newtonpf.update_voltage.avg_sec": 6.316322833299637e-05,
    "newtonpf.update_voltage.count": 2,
    "newtonpf.update_voltage.total_sec": 0.00012632645666599274,
    "pq": "",
    "profile": "pypower",
    "pv": "",
    "repeat_idx": 1,
    "runpf.build_Sbus.avg_sec": 0.00013120844960212708,
    "runpf.build_Sbus.count": 1,
    "runpf.build_Sbus.total_sec": 0.00013120844960212708,
    "runpf.build_Ybus.avg_sec": 0.0018549449741840363,
    "runpf.build_Ybus.count": 1,
    "runpf.build_Ybus.total_sec": 0.0018549449741840363,
    "runpf.bus_indexing.avg_sec": 0.0015774108469486237,
    "runpf.bus_indexing.count": 1,
    "runpf.bus_indexing.total_sec": 0.0015774108469486237,
    "runpf.load_case_data.avg_sec": 0.0045163072645664215,
    "runpf.load_case_data.count": 1,
    "runpf.load_case_data.total_sec": 0.0045163072645664215,
    "runpf.newtonpf.avg_sec": 0.01214500330388546,
    "runpf.newtonpf.count": 1,
    "runpf.newtonpf.total_sec": 0.01214500330388546,
    "solve_sec": 0.01214500330388546,
    "source_profile": "pypower",
    "success": true
  },
  "timing_entries": [
    {
      "elapsed_sec": 0.0045163072645664215,
      "iter_idx": 0,
      "op_name": "load_case_data",
      "tag": "runpf"
    },
    {
      "elapsed_sec": 0.0015774108469486237,
      "iter_idx": 0,
      "op_name": "bus_indexing",
      "tag": "runpf"
    },
    {
      "elapsed_sec": 0.0018549449741840363,
      "iter_idx": 0,
      "op_name": "build_Ybus",
      "tag": "runpf"
    },
    {
      "elapsed_sec": 0.00013120844960212708,
      "iter_idx": 0,
      "op_name": "build_Sbus",
      "tag": "runpf"
    },
    {
      "elapsed_sec": 1.1749565601348877e-05,
      "iter_idx": 0,
      "op_name": "init_index",
      "tag": "newtonpf"
    },
    {
      "elapsed_sec": 4.153139889240265e-05,
      "iter_idx": 0,
      "op_name": "mismatch",
      "tag": "newtonpf"
    },
    {
      "elapsed_sec": 0.0030091367661952972,
      "iter_idx": 1,
      "op_name": "jacobian",
      "tag": "newtonpf"
    },
    {
      "elapsed_sec": 0.0028277337551116943,
      "iter_idx": 1,
      "op_name": "solve",
      "tag": "newtonpf"
    },
    {
      "elapsed_sec": 6.165914237499237e-05,
      "iter_idx": 1,
      "op_name": "update_voltage",
      "tag": "newtonpf"
    },
    {
      "elapsed_sec": 5.408748984336853e-05,
      "iter_idx": 1,
      "op_name": "mismatch",
      "tag": "newtonpf"
    },
    {
      "elapsed_sec": 0.0031113754957914352,
      "iter_idx": 2,
      "op_name": "jacobian",
      "tag": "newtonpf"
    },
    {
      "elapsed_sec": 0.0028476957231760025,
      "iter_idx": 2,
      "op_name": "solve",
      "tag": "newtonpf"
    },
    {
      "elapsed_sec": 6.466731429100037e-05,
      "iter_idx": 2,
      "op_name": "update_voltage",
      "tag": "newtonpf"
    },
    {
      "elapsed_sec": 5.385279655456543e-05,
      "iter_idx": 2,
      "op_name": "mismatch",
      "tag": "newtonpf"
    },
    {
      "elapsed_sec": 0.01214500330388546,
      "iter_idx": 0,
      "op_name": "newtonpf",
      "tag": "runpf"
    }
  ]
}
