{
  "summary": {
    "analyze_sec": "",
    "backend": "python",
    "buses": "",
    "case_name": "MemphisCase2026_Mar7",
    "case_stem": "pglib_opf_caseMemphisCase2026_Mar7",
    "compute": "fp64",
    "dump_case_name": "",
    "elapsed_sec": 0.015334779396653175,
    "final_mismatch": 5.963778581004823e-12,
    "implementation": "pypower",
    "iterations": 2,
    "jacobian": "pypower",
    "max_abs_v_delta_from_v0": "",
    "measurement_mode": "operators",
    "newtonpf.init_index.avg_sec": 1.2069940567016602e-05,
    "newtonpf.init_index.count": 1,
    "newtonpf.init_index.total_sec": 1.2069940567016602e-05,
    "newtonpf.jacobian.avg_sec": 0.0030589094385504723,
    "newtonpf.jacobian.count": 2,
    "newtonpf.jacobian.total_sec": 0.0061178188771009445,
    "newtonpf.mismatch.avg_sec": 4.96388723452886e-05,
    "newtonpf.mismatch.count": 3,
    "newtonpf.mismatch.total_sec": 0.00014891661703586578,
    "newtonpf.solve.avg_sec": 0.0028252964839339256,
    "newtonpf.solve.count": 2,
    "newtonpf.solve.total_sec": 0.005650592967867851,
    "newtonpf.update_voltage.avg_sec": 6.154552102088928e-05,
    "newtonpf.update_voltage.count": 2,
    "newtonpf.update_voltage.total_sec": 0.00012309104204177856,
    "pq": "",
    "profile": "pypower",
    "pv": "",
    "repeat_idx": 2,
    "runpf.build_Sbus.avg_sec": 0.00013474002480506897,
    "runpf.build_Sbus.count": 1,
    "runpf.build_Sbus.total_sec": 0.00013474002480506897,
    "runpf.build_Ybus.avg_sec": 0.0018698442727327347,
    "runpf.build_Ybus.count": 1,
    "runpf.build_Ybus.total_sec": 0.0018698442727327347,
    "runpf.bus_indexing.avg_sec": 0.0015590526163578033,
    "runpf.bus_indexing.count": 1,
    "runpf.bus_indexing.total_sec": 0.0015590526163578033,
    "runpf.load_case_data.avg_sec": 0.004460908472537994,
    "runpf.load_case_data.count": 1,
    "runpf.load_case_data.total_sec": 0.004460908472537994,
    "runpf.newtonpf.avg_sec": 0.012113900855183601,
    "runpf.newtonpf.count": 1,
    "runpf.newtonpf.total_sec": 0.012113900855183601,
    "solve_sec": 0.012113900855183601,
    "source_profile": "pypower",
    "success": true
  },
  "timing_entries": [
    {
      "elapsed_sec": 0.004460908472537994,
      "iter_idx": 0,
      "op_name": "load_case_data",
      "tag": "runpf"
    },
    {
      "elapsed_sec": 0.0015590526163578033,
      "iter_idx": 0,
      "op_name": "bus_indexing",
      "tag": "runpf"
    },
    {
      "elapsed_sec": 0.0018698442727327347,
      "iter_idx": 0,
      "op_name": "build_Ybus",
      "tag": "runpf"
    },
    {
      "elapsed_sec": 0.00013474002480506897,
      "iter_idx": 0,
      "op_name": "build_Sbus",
      "tag": "runpf"
    },
    {
      "elapsed_sec": 1.2069940567016602e-05,
      "iter_idx": 0,
      "op_name": "init_index",
      "tag": "newtonpf"
    },
    {
      "elapsed_sec": 4.223920404911041e-05,
      "iter_idx": 0,
      "op_name": "mismatch",
      "tag": "newtonpf"
    },
    {
      "elapsed_sec": 0.0030052755028009415,
      "iter_idx": 1,
      "op_name": "jacobian",
      "tag": "newtonpf"
    },
    {
      "elapsed_sec": 0.002804623916745186,
      "iter_idx": 1,
      "op_name": "solve",
      "tag": "newtonpf"
    },
    {
      "elapsed_sec": 6.143935024738312e-05,
      "iter_idx": 1,
      "op_name": "update_voltage",
      "tag": "newtonpf"
    },
    {
      "elapsed_sec": 5.338899791240692e-05,
      "iter_idx": 1,
      "op_name": "mismatch",
      "tag": "newtonpf"
    },
    {
      "elapsed_sec": 0.003112543374300003,
      "iter_idx": 2,
      "op_name": "jacobian",
      "tag": "newtonpf"
    },
    {
      "elapsed_sec": 0.0028459690511226654,
      "iter_idx": 2,
      "op_name": "solve",
      "tag": "newtonpf"
    },
    {
      "elapsed_sec": 6.165169179439545e-05,
      "iter_idx": 2,
      "op_name": "update_voltage",
      "tag": "newtonpf"
    },
    {
      "elapsed_sec": 5.328841507434845e-05,
      "iter_idx": 2,
      "op_name": "mismatch",
      "tag": "newtonpf"
    },
    {
      "elapsed_sec": 0.012113900855183601,
      "iter_idx": 0,
      "op_name": "newtonpf",
      "tag": "runpf"
    }
  ]
}
