{
  "summary": {
    "analyze_sec": "",
    "backend": "python",
    "buses": "",
    "case_name": "MemphisCase2026_Mar7",
    "case_stem": "pglib_opf_caseMemphisCase2026_Mar7",
    "compute": "fp64",
    "dump_case_name": "",
    "elapsed_sec": 0.015385279431939125,
    "final_mismatch": 5.963778581004823e-12,
    "implementation": "pypower",
    "iterations": 2,
    "jacobian": "pypower",
    "max_abs_v_delta_from_v0": "",
    "measurement_mode": "operators",
    "newtonpf.init_index.avg_sec": 1.2079253792762756e-05,
    "newtonpf.init_index.count": 1,
    "newtonpf.init_index.total_sec": 1.2079253792762756e-05,
    "newtonpf.jacobian.avg_sec": 0.003036101348698139,
    "newtonpf.jacobian.count": 2,
    "newtonpf.jacobian.total_sec": 0.006072202697396278,
    "newtonpf.mismatch.avg_sec": 5.0102670987447105e-05,
    "newtonpf.mismatch.count": 3,
    "newtonpf.mismatch.total_sec": 0.0001503080129623413,
    "newtonpf.solve.avg_sec": 0.0028545763343572617,
    "newtonpf.solve.count": 2,
    "newtonpf.solve.total_sec": 0.005709152668714523,
    "newtonpf.update_voltage.avg_sec": 6.168987601995468e-05,
    "newtonpf.update_voltage.count": 2,
    "newtonpf.update_voltage.total_sec": 0.00012337975203990936,
    "pq": "",
    "profile": "pypower",
    "pv": "",
    "repeat_idx": 7,
    "runpf.build_Sbus.avg_sec": 0.00013357959687709808,
    "runpf.build_Sbus.count": 1,
    "runpf.build_Sbus.total_sec": 0.00013357959687709808,
    "runpf.build_Ybus.avg_sec": 0.0018765311688184738,
    "runpf.build_Ybus.count": 1,
    "runpf.build_Ybus.total_sec": 0.0018765311688184738,
    "runpf.bus_indexing.avg_sec": 0.0015735235065221786,
    "runpf.bus_indexing.count": 1,
    "runpf.bus_indexing.total_sec": 0.0015735235065221786,
    "runpf.load_case_data.avg_sec": 0.0044841468334198,
    "runpf.load_case_data.count": 1,
    "runpf.load_case_data.total_sec": 0.0044841468334198,
    "runpf.newtonpf.avg_sec": 0.012129275128245354,
    "runpf.newtonpf.count": 1,
    "runpf.newtonpf.total_sec": 0.012129275128245354,
    "solve_sec": 0.012129275128245354,
    "source_profile": "pypower",
    "success": true
  },
  "timing_entries": [
    {
      "elapsed_sec": 0.0044841468334198,
      "iter_idx": 0,
      "op_name": "load_case_data",
      "tag": "runpf"
    },
    {
      "elapsed_sec": 0.0015735235065221786,
      "iter_idx": 0,
      "op_name": "bus_indexing",
      "tag": "runpf"
    },
    {
      "elapsed_sec": 0.0018765311688184738,
      "iter_idx": 0,
      "op_name": "build_Ybus",
      "tag": "runpf"
    },
    {
      "elapsed_sec": 0.00013357959687709808,
      "iter_idx": 0,
      "op_name": "build_Sbus",
      "tag": "runpf"
    },
    {
      "elapsed_sec": 1.2079253792762756e-05,
      "iter_idx": 0,
      "op_name": "init_index",
      "tag": "newtonpf"
    },
    {
      "elapsed_sec": 4.244968295097351e-05,
      "iter_idx": 0,
      "op_name": "mismatch",
      "tag": "newtonpf"
    },
    {
      "elapsed_sec": 0.002963988110423088,
      "iter_idx": 1,
      "op_name": "jacobian",
      "tag": "newtonpf"
    },
    {
      "elapsed_sec": 0.002817796543240547,
      "iter_idx": 1,
      "op_name": "solve",
      "tag": "newtonpf"
    },
    {
      "elapsed_sec": 6.139092147350311e-05,
      "iter_idx": 1,
      "op_name": "update_voltage",
      "tag": "newtonpf"
    },
    {
      "elapsed_sec": 5.341880023479462e-05,
      "iter_idx": 1,
      "op_name": "mismatch",
      "tag": "newtonpf"
    },
    {
      "elapsed_sec": 0.0031082145869731903,
      "iter_idx": 2,
      "op_name": "jacobian",
      "tag": "newtonpf"
    },
    {
      "elapsed_sec": 0.002891356125473976,
      "iter_idx": 2,
      "op_name": "solve",
      "tag": "newtonpf"
    },
    {
      "elapsed_sec": 6.198883056640625e-05,
      "iter_idx": 2,
      "op_name": "update_voltage",
      "tag": "newtonpf"
    },
    {
      "elapsed_sec": 5.443952977657318e-05,
      "iter_idx": 2,
      "op_name": "mismatch",
      "tag": "newtonpf"
    },
    {
      "elapsed_sec": 0.012129275128245354,
      "iter_idx": 0,
      "op_name": "newtonpf",
      "tag": "runpf"
    }
  ]
}
