{
  "summary": {
    "analyze_sec": "",
    "backend": "python",
    "buses": "",
    "case_name": "MemphisCase2026_Mar7",
    "case_stem": "pglib_opf_caseMemphisCase2026_Mar7",
    "compute": "fp64",
    "dump_case_name": "",
    "elapsed_sec": 0.015349499881267548,
    "final_mismatch": 5.963778581004823e-12,
    "implementation": "pypower",
    "iterations": 2,
    "jacobian": "pypower",
    "max_abs_v_delta_from_v0": "",
    "measurement_mode": "operators",
    "newtonpf.init_index.avg_sec": 1.1900439858436584e-05,
    "newtonpf.init_index.count": 1,
    "newtonpf.init_index.total_sec": 1.1900439858436584e-05,
    "newtonpf.jacobian.avg_sec": 0.0030429353937506676,
    "newtonpf.jacobian.count": 2,
    "newtonpf.jacobian.total_sec": 0.006085870787501335,
    "newtonpf.mismatch.avg_sec": 4.978602131207784e-05,
    "newtonpf.mismatch.count": 3,
    "newtonpf.mismatch.total_sec": 0.00014935806393623352,
    "newtonpf.solve.avg_sec": 0.0028442153707146645,
    "newtonpf.solve.count": 2,
    "newtonpf.solve.total_sec": 0.005688430741429329,
    "newtonpf.update_voltage.avg_sec": 6.165355443954468e-05,
    "newtonpf.update_voltage.count": 2,
    "newtonpf.update_voltage.total_sec": 0.00012330710887908936,
    "pq": "",
    "profile": "pypower",
    "pv": "",
    "repeat_idx": 0,
    "runpf.build_Sbus.avg_sec": 0.0001350492238998413,
    "runpf.build_Sbus.count": 1,
    "runpf.build_Sbus.total_sec": 0.0001350492238998413,
    "runpf.build_Ybus.avg_sec": 0.0018622633069753647,
    "runpf.build_Ybus.count": 1,
    "runpf.build_Ybus.total_sec": 0.0018622633069753647,
    "runpf.bus_indexing.avg_sec": 0.0015570428222417831,
    "runpf.bus_indexing.count": 1,
    "runpf.bus_indexing.total_sec": 0.0015570428222417831,
    "runpf.load_case_data.avg_sec": 0.00450475886464119,
    "runpf.load_case_data.count": 1,
    "runpf.load_case_data.total_sec": 0.00450475886464119,
    "runpf.newtonpf.avg_sec": 0.012119371443986893,
    "runpf.newtonpf.count": 1,
    "runpf.newtonpf.total_sec": 0.012119371443986893,
    "solve_sec": 0.012119371443986893,
    "source_profile": "pypower",
    "success": true
  },
  "timing_entries": [
    {
      "elapsed_sec": 0.00450475886464119,
      "iter_idx": 0,
      "op_name": "load_case_data",
      "tag": "runpf"
    },
    {
      "elapsed_sec": 0.0015570428222417831,
      "iter_idx": 0,
      "op_name": "bus_indexing",
      "tag": "runpf"
    },
    {
      "elapsed_sec": 0.0018622633069753647,
      "iter_idx": 0,
      "op_name": "build_Ybus",
      "tag": "runpf"
    },
    {
      "elapsed_sec": 0.0001350492238998413,
      "iter_idx": 0,
      "op_name": "build_Sbus",
      "tag": "runpf"
    },
    {
      "elapsed_sec": 1.1900439858436584e-05,
      "iter_idx": 0,
      "op_name": "init_index",
      "tag": "newtonpf"
    },
    {
      "elapsed_sec": 4.2650848627090454e-05,
      "iter_idx": 0,
      "op_name": "mismatch",
      "tag": "newtonpf"
    },
    {
      "elapsed_sec": 0.002993706613779068,
      "iter_idx": 1,
      "op_name": "jacobian",
      "tag": "newtonpf"
    },
    {
      "elapsed_sec": 0.0028372537344694138,
      "iter_idx": 1,
      "op_name": "solve",
      "tag": "newtonpf"
    },
    {
      "elapsed_sec": 6.156787276268005e-05,
      "iter_idx": 1,
      "op_name": "update_voltage",
      "tag": "newtonpf"
    },
    {
      "elapsed_sec": 5.36404550075531e-05,
      "iter_idx": 1,
      "op_name": "mismatch",
      "tag": "newtonpf"
    },
    {
      "elapsed_sec": 0.003092164173722267,
      "iter_idx": 2,
      "op_name": "jacobian",
      "tag": "newtonpf"
    },
    {
      "elapsed_sec": 0.002851177006959915,
      "iter_idx": 2,
      "op_name": "solve",
      "tag": "newtonpf"
    },
    {
      "elapsed_sec": 6.17392361164093e-05,
      "iter_idx": 2,
      "op_name": "update_voltage",
      "tag": "newtonpf"
    },
    {
      "elapsed_sec": 5.3066760301589966e-05,
      "iter_idx": 2,
      "op_name": "mismatch",
      "tag": "newtonpf"
    },
    {
      "elapsed_sec": 0.012119371443986893,
      "iter_idx": 0,
      "op_name": "newtonpf",
      "tag": "runpf"
    }
  ]
}
