{
  "summary": {
    "analyze_sec": "",
    "backend": "python",
    "buses": "",
    "case_name": "MemphisCase2026_Mar7",
    "case_stem": "pglib_opf_caseMemphisCase2026_Mar7",
    "compute": "fp64",
    "dump_case_name": "",
    "elapsed_sec": 0.015397898852825165,
    "final_mismatch": 5.963778581004823e-12,
    "implementation": "pypower",
    "iterations": 2,
    "jacobian": "pypower",
    "max_abs_v_delta_from_v0": "",
    "measurement_mode": "operators",
    "newtonpf.init_index.avg_sec": 1.2079253792762756e-05,
    "newtonpf.init_index.count": 1,
    "newtonpf.init_index.total_sec": 1.2079253792762756e-05,
    "newtonpf.jacobian.avg_sec": 0.0030814018100500107,
    "newtonpf.jacobian.count": 2,
    "newtonpf.jacobian.total_sec": 0.006162803620100021,
    "newtonpf.mismatch.avg_sec": 5.190695325533549e-05,
    "newtonpf.mismatch.count": 3,
    "newtonpf.mismatch.total_sec": 0.00015572085976600647,
    "newtonpf.solve.avg_sec": 0.002835899591445923,
    "newtonpf.solve.count": 2,
    "newtonpf.solve.total_sec": 0.005671799182891846,
    "newtonpf.update_voltage.avg_sec": 6.160605698823929e-05,
    "newtonpf.update_voltage.count": 2,
    "newtonpf.update_voltage.total_sec": 0.00012321211397647858,
    "pq": "",
    "profile": "pypower",
    "pv": "",
    "repeat_idx": 5,
    "runpf.build_Sbus.avg_sec": 0.00013239122927188873,
    "runpf.build_Sbus.count": 1,
    "runpf.build_Sbus.total_sec": 0.00013239122927188873,
    "runpf.build_Ybus.avg_sec": 0.0018649641424417496,
    "runpf.build_Ybus.count": 1,
    "runpf.build_Ybus.total_sec": 0.0018649641424417496,
    "runpf.bus_indexing.avg_sec": 0.0015830453485250473,
    "runpf.bus_indexing.count": 1,
    "runpf.bus_indexing.total_sec": 0.0015830453485250473,
    "runpf.load_case_data.avg_sec": 0.004460236057639122,
    "runpf.load_case_data.count": 1,
    "runpf.load_case_data.total_sec": 0.004460236057639122,
    "runpf.newtonpf.avg_sec": 0.012186873704195023,
    "runpf.newtonpf.count": 1,
    "runpf.newtonpf.total_sec": 0.012186873704195023,
    "solve_sec": 0.012186873704195023,
    "source_profile": "pypower",
    "success": true
  },
  "timing_entries": [
    {
      "elapsed_sec": 0.004460236057639122,
      "iter_idx": 0,
      "op_name": "load_case_data",
      "tag": "runpf"
    },
    {
      "elapsed_sec": 0.0015830453485250473,
      "iter_idx": 0,
      "op_name": "bus_indexing",
      "tag": "runpf"
    },
    {
      "elapsed_sec": 0.0018649641424417496,
      "iter_idx": 0,
      "op_name": "build_Ybus",
      "tag": "runpf"
    },
    {
      "elapsed_sec": 0.00013239122927188873,
      "iter_idx": 0,
      "op_name": "build_Sbus",
      "tag": "runpf"
    },
    {
      "elapsed_sec": 1.2079253792762756e-05,
      "iter_idx": 0,
      "op_name": "init_index",
      "tag": "newtonpf"
    },
    {
      "elapsed_sec": 4.233047366142273e-05,
      "iter_idx": 0,
      "op_name": "mismatch",
      "tag": "newtonpf"
    },
    {
      "elapsed_sec": 0.0029866471886634827,
      "iter_idx": 1,
      "op_name": "jacobian",
      "tag": "newtonpf"
    },
    {
      "elapsed_sec": 0.002814745530486107,
      "iter_idx": 1,
      "op_name": "solve",
      "tag": "newtonpf"
    },
    {
      "elapsed_sec": 6.143935024738312e-05,
      "iter_idx": 1,
      "op_name": "update_voltage",
      "tag": "newtonpf"
    },
    {
      "elapsed_sec": 5.9450045228004456e-05,
      "iter_idx": 1,
      "op_name": "mismatch",
      "tag": "newtonpf"
    },
    {
      "elapsed_sec": 0.0031761564314365387,
      "iter_idx": 2,
      "op_name": "jacobian",
      "tag": "newtonpf"
    },
    {
      "elapsed_sec": 0.002857053652405739,
      "iter_idx": 2,
      "op_name": "solve",
      "tag": "newtonpf"
    },
    {
      "elapsed_sec": 6.177276372909546e-05,
      "iter_idx": 2,
      "op_name": "update_voltage",
      "tag": "newtonpf"
    },
    {
      "elapsed_sec": 5.3940340876579285e-05,
      "iter_idx": 2,
      "op_name": "mismatch",
      "tag": "newtonpf"
    },
    {
      "elapsed_sec": 0.012186873704195023,
      "iter_idx": 0,
      "op_name": "newtonpf",
      "tag": "runpf"
    }
  ]
}
