{
  "summary": {
    "analyze_sec": "",
    "backend": "python",
    "buses": "",
    "case_name": "case1354_pegase",
    "case_stem": "pglib_opf_case1354_pegase",
    "compute": "fp64",
    "dump_case_name": "",
    "elapsed_sec": 0.03828895837068558,
    "final_mismatch": 4.120073105607632e-12,
    "implementation": "pypower",
    "iterations": 5,
    "jacobian": "pypower",
    "max_abs_v_delta_from_v0": "",
    "measurement_mode": "operators",
    "newtonpf.init_index.avg_sec": 1.23586505651474e-05,
    "newtonpf.init_index.count": 1,
    "newtonpf.init_index.total_sec": 1.23586505651474e-05,
    "newtonpf.jacobian.avg_sec": 0.003474567085504532,
    "newtonpf.jacobian.count": 5,
    "newtonpf.jacobian.total_sec": 0.01737283542752266,
    "newtonpf.mismatch.avg_sec": 5.85503876209259e-05,
    "newtonpf.mismatch.count": 6,
    "newtonpf.mismatch.total_sec": 0.0003513023257255554,
    "newtonpf.solve.avg_sec": 0.0032380644232034685,
    "newtonpf.solve.count": 5,
    "newtonpf.solve.total_sec": 0.01619032211601734,
    "newtonpf.update_voltage.avg_sec": 7.793307304382324e-05,
    "newtonpf.update_voltage.count": 5,
    "newtonpf.update_voltage.total_sec": 0.0003896653652191162,
    "pq": "",
    "profile": "pypower",
    "pv": "",
    "repeat_idx": 5,
    "runpf.build_Sbus.avg_sec": 0.00014748238027095795,
    "runpf.build_Sbus.count": 1,
    "runpf.build_Sbus.total_sec": 0.00014748238027095795,
    "runpf.build_Ybus.avg_sec": 0.002402583137154579,
    "runpf.build_Ybus.count": 1,
    "runpf.build_Ybus.total_sec": 0.002402583137154579,
    "runpf.bus_indexing.avg_sec": 0.0010964330285787582,
    "runpf.bus_indexing.count": 1,
    "runpf.bus_indexing.total_sec": 0.0010964330285787582,
    "runpf.load_case_data.avg_sec": 0.0012135393917560577,
    "runpf.load_case_data.count": 1,
    "runpf.load_case_data.total_sec": 0.0012135393917560577,
    "runpf.newtonpf.avg_sec": 0.03440760262310505,
    "runpf.newtonpf.count": 1,
    "runpf.newtonpf.total_sec": 0.03440760262310505,
    "solve_sec": 0.03440760262310505,
    "source_profile": "pypower",
    "success": true
  },
  "timing_entries": [
    {
      "elapsed_sec": 0.0012135393917560577,
      "iter_idx": 0,
      "op_name": "load_case_data",
      "tag": "runpf"
    },
    {
      "elapsed_sec": 0.0010964330285787582,
      "iter_idx": 0,
      "op_name": "bus_indexing",
      "tag": "runpf"
    },
    {
      "elapsed_sec": 0.002402583137154579,
      "iter_idx": 0,
      "op_name": "build_Ybus",
      "tag": "runpf"
    },
    {
      "elapsed_sec": 0.00014748238027095795,
      "iter_idx": 0,
      "op_name": "build_Sbus",
      "tag": "runpf"
    },
    {
      "elapsed_sec": 1.23586505651474e-05,
      "iter_idx": 0,
      "op_name": "init_index",
      "tag": "newtonpf"
    },
    {
      "elapsed_sec": 5.0108879804611206e-05,
      "iter_idx": 0,
      "op_name": "mismatch",
      "tag": "newtonpf"
    },
    {
      "elapsed_sec": 0.003451406955718994,
      "iter_idx": 1,
      "op_name": "jacobian",
      "tag": "newtonpf"
    },
    {
      "elapsed_sec": 0.0033346060663461685,
      "iter_idx": 1,
      "op_name": "solve",
      "tag": "newtonpf"
    },
    {
      "elapsed_sec": 8.078105747699738e-05,
      "iter_idx": 1,
      "op_name": "update_voltage",
      "tag": "newtonpf"
    },
    {
      "elapsed_sec": 6.103888154029846e-05,
      "iter_idx": 1,
      "op_name": "mismatch",
      "tag": "newtonpf"
    },
    {
      "elapsed_sec": 0.00357084721326828,
      "iter_idx": 2,
      "op_name": "jacobian",
      "tag": "newtonpf"
    },
    {
      "elapsed_sec": 0.0032258685678243637,
      "iter_idx": 2,
      "op_name": "solve",
      "tag": "newtonpf"
    },
    {
      "elapsed_sec": 7.699057459831238e-05,
      "iter_idx": 2,
      "op_name": "update_voltage",
      "tag": "newtonpf"
    },
    {
      "elapsed_sec": 6.0360878705978394e-05,
      "iter_idx": 2,
      "op_name": "mismatch",
      "tag": "newtonpf"
    },
    {
      "elapsed_sec": 0.003466987982392311,
      "iter_idx": 3,
      "op_name": "jacobian",
      "tag": "newtonpf"
    },
    {
      "elapsed_sec": 0.0032387245446443558,
      "iter_idx": 3,
      "op_name": "solve",
      "tag": "newtonpf"
    },
    {
      "elapsed_sec": 7.74729996919632e-05,
      "iter_idx": 3,
      "op_name": "update_voltage",
      "tag": "newtonpf"
    },
    {
      "elapsed_sec": 6.021186709403992e-05,
      "iter_idx": 3,
      "op_name": "mismatch",
      "tag": "newtonpf"
    },
    {
      "elapsed_sec": 0.0034470148384571075,
      "iter_idx": 4,
      "op_name": "jacobian",
      "tag": "newtonpf"
    },
    {
      "elapsed_sec": 0.003228716552257538,
      "iter_idx": 4,
      "op_name": "solve",
      "tag": "newtonpf"
    },
    {
      "elapsed_sec": 7.721967995166779e-05,
      "iter_idx": 4,
      "op_name": "update_voltage",
      "tag": "newtonpf"
    },
    {
      "elapsed_sec": 5.977228283882141e-05,
      "iter_idx": 4,
      "op_name": "mismatch",
      "tag": "newtonpf"
    },
    {
      "elapsed_sec": 0.0034365784376859665,
      "iter_idx": 5,
      "op_name": "jacobian",
      "tag": "newtonpf"
    },
    {
      "elapsed_sec": 0.0031624063849449158,
      "iter_idx": 5,
      "op_name": "solve",
      "tag": "newtonpf"
    },
    {
      "elapsed_sec": 7.720105350017548e-05,
      "iter_idx": 5,
      "op_name": "update_voltage",
      "tag": "newtonpf"
    },
    {
      "elapsed_sec": 5.980953574180603e-05,
      "iter_idx": 5,
      "op_name": "mismatch",
      "tag": "newtonpf"
    },
    {
      "elapsed_sec": 0.03440760262310505,
      "iter_idx": 0,
      "op_name": "newtonpf",
      "tag": "runpf"
    }
  ]
}
