{
  "summary": {
    "analyze_sec": "",
    "backend": "python",
    "buses": "",
    "case_name": "case1354_pegase",
    "case_stem": "pglib_opf_case1354_pegase",
    "compute": "fp64",
    "dump_case_name": "",
    "elapsed_sec": 0.03801614046096802,
    "final_mismatch": 4.120073105607632e-12,
    "implementation": "pypower",
    "iterations": 5,
    "jacobian": "pypower",
    "max_abs_v_delta_from_v0": "",
    "measurement_mode": "operators",
    "newtonpf.init_index.avg_sec": 1.225993037223816e-05,
    "newtonpf.init_index.count": 1,
    "newtonpf.init_index.total_sec": 1.225993037223816e-05,
    "newtonpf.jacobian.avg_sec": 0.00348597913980484,
    "newtonpf.jacobian.count": 5,
    "newtonpf.jacobian.total_sec": 0.0174298956990242,
    "newtonpf.mismatch.avg_sec": 5.8945268392562866e-05,
    "newtonpf.mismatch.count": 6,
    "newtonpf.mismatch.total_sec": 0.0003536716103553772,
    "newtonpf.solve.avg_sec": 0.0031949304044246673,
    "newtonpf.solve.count": 5,
    "newtonpf.solve.total_sec": 0.015974652022123337,
    "newtonpf.update_voltage.avg_sec": 7.808692753314972e-05,
    "newtonpf.update_voltage.count": 5,
    "newtonpf.update_voltage.total_sec": 0.0003904346376657486,
    "pq": "",
    "profile": "pypower",
    "pv": "",
    "repeat_idx": 8,
    "runpf.build_Sbus.avg_sec": 0.00013984926044940948,
    "runpf.build_Sbus.count": 1,
    "runpf.build_Sbus.total_sec": 0.00013984926044940948,
    "runpf.build_Ybus.avg_sec": 0.0023139864206314087,
    "runpf.build_Ybus.count": 1,
    "runpf.build_Ybus.total_sec": 0.0023139864206314087,
    "runpf.bus_indexing.avg_sec": 0.000882202759385109,
    "runpf.bus_indexing.count": 1,
    "runpf.bus_indexing.total_sec": 0.000882202759385109,
    "runpf.load_case_data.avg_sec": 0.0006245318800210953,
    "runpf.load_case_data.count": 1,
    "runpf.load_case_data.total_sec": 0.0006245318800210953,
    "runpf.newtonpf.avg_sec": 0.034249139949679375,
    "runpf.newtonpf.count": 1,
    "runpf.newtonpf.total_sec": 0.034249139949679375,
    "solve_sec": 0.034249139949679375,
    "source_profile": "pypower",
    "success": true
  },
  "timing_entries": [
    {
      "elapsed_sec": 0.0006245318800210953,
      "iter_idx": 0,
      "op_name": "load_case_data",
      "tag": "runpf"
    },
    {
      "elapsed_sec": 0.000882202759385109,
      "iter_idx": 0,
      "op_name": "bus_indexing",
      "tag": "runpf"
    },
    {
      "elapsed_sec": 0.0023139864206314087,
      "iter_idx": 0,
      "op_name": "build_Ybus",
      "tag": "runpf"
    },
    {
      "elapsed_sec": 0.00013984926044940948,
      "iter_idx": 0,
      "op_name": "build_Sbus",
      "tag": "runpf"
    },
    {
      "elapsed_sec": 1.225993037223816e-05,
      "iter_idx": 0,
      "op_name": "init_index",
      "tag": "newtonpf"
    },
    {
      "elapsed_sec": 4.9909576773643494e-05,
      "iter_idx": 0,
      "op_name": "mismatch",
      "tag": "newtonpf"
    },
    {
      "elapsed_sec": 0.003458445891737938,
      "iter_idx": 1,
      "op_name": "jacobian",
      "tag": "newtonpf"
    },
    {
      "elapsed_sec": 0.00318288616836071,
      "iter_idx": 1,
      "op_name": "solve",
      "tag": "newtonpf"
    },
    {
      "elapsed_sec": 7.997080683708191e-05,
      "iter_idx": 1,
      "op_name": "update_voltage",
      "tag": "newtonpf"
    },
    {
      "elapsed_sec": 6.0049816966056824e-05,
      "iter_idx": 1,
      "op_name": "mismatch",
      "tag": "newtonpf"
    },
    {
      "elapsed_sec": 0.003562275320291519,
      "iter_idx": 2,
      "op_name": "jacobian",
      "tag": "newtonpf"
    },
    {
      "elapsed_sec": 0.003223266452550888,
      "iter_idx": 2,
      "op_name": "solve",
      "tag": "newtonpf"
    },
    {
      "elapsed_sec": 7.860176265239716e-05,
      "iter_idx": 2,
      "op_name": "update_voltage",
      "tag": "newtonpf"
    },
    {
      "elapsed_sec": 6.126053631305695e-05,
      "iter_idx": 2,
      "op_name": "mismatch",
      "tag": "newtonpf"
    },
    {
      "elapsed_sec": 0.0035071037709712982,
      "iter_idx": 3,
      "op_name": "jacobian",
      "tag": "newtonpf"
    },
    {
      "elapsed_sec": 0.0032226555049419403,
      "iter_idx": 3,
      "op_name": "solve",
      "tag": "newtonpf"
    },
    {
      "elapsed_sec": 7.738173007965088e-05,
      "iter_idx": 3,
      "op_name": "update_voltage",
      "tag": "newtonpf"
    },
    {
      "elapsed_sec": 6.0092657804489136e-05,
      "iter_idx": 3,
      "op_name": "mismatch",
      "tag": "newtonpf"
    },
    {
      "elapsed_sec": 0.0034483149647712708,
      "iter_idx": 4,
      "op_name": "jacobian",
      "tag": "newtonpf"
    },
    {
      "elapsed_sec": 0.003173036500811577,
      "iter_idx": 4,
      "op_name": "solve",
      "tag": "newtonpf"
    },
    {
      "elapsed_sec": 7.737241685390472e-05,
      "iter_idx": 4,
      "op_name": "update_voltage",
      "tag": "newtonpf"
    },
    {
      "elapsed_sec": 6.111897528171539e-05,
      "iter_idx": 4,
      "op_name": "mismatch",
      "tag": "newtonpf"
    },
    {
      "elapsed_sec": 0.0034537557512521744,
      "iter_idx": 5,
      "op_name": "jacobian",
      "tag": "newtonpf"
    },
    {
      "elapsed_sec": 0.0031728073954582214,
      "iter_idx": 5,
      "op_name": "solve",
      "tag": "newtonpf"
    },
    {
      "elapsed_sec": 7.710792124271393e-05,
      "iter_idx": 5,
      "op_name": "update_voltage",
      "tag": "newtonpf"
    },
    {
      "elapsed_sec": 6.12400472164154e-05,
      "iter_idx": 5,
      "op_name": "mismatch",
      "tag": "newtonpf"
    },
    {
      "elapsed_sec": 0.034249139949679375,
      "iter_idx": 0,
      "op_name": "newtonpf",
      "tag": "runpf"
    }
  ]
}
