{
  "summary": {
    "analyze_sec": "",
    "backend": "python",
    "buses": "",
    "case_name": "case1354_pegase",
    "case_stem": "pglib_opf_case1354_pegase",
    "compute": "fp64",
    "dump_case_name": "",
    "elapsed_sec": 0.04939076863229275,
    "final_mismatch": 4.120073105607632e-12,
    "implementation": "pypower",
    "iterations": 5,
    "jacobian": "pypower",
    "max_abs_v_delta_from_v0": "",
    "measurement_mode": "operators",
    "newtonpf.init_index.avg_sec": 1.2328848242759705e-05,
    "newtonpf.init_index.count": 1,
    "newtonpf.init_index.total_sec": 1.2328848242759705e-05,
    "newtonpf.jacobian.avg_sec": 0.0041665308177471164,
    "newtonpf.jacobian.count": 5,
    "newtonpf.jacobian.total_sec": 0.02083265408873558,
    "newtonpf.mismatch.avg_sec": 0.00017754981915156046,
    "newtonpf.mismatch.count": 6,
    "newtonpf.mismatch.total_sec": 0.0010652989149093628,
    "newtonpf.solve.avg_sec": 0.004273688048124313,
    "newtonpf.solve.count": 5,
    "newtonpf.solve.total_sec": 0.021368440240621567,
    "newtonpf.update_voltage.avg_sec": 0.0001573365181684494,
    "newtonpf.update_voltage.count": 5,
    "newtonpf.update_voltage.total_sec": 0.000786682590842247,
    "pq": "",
    "profile": "pypower",
    "pv": "",
    "repeat_idx": 4,
    "runpf.build_Sbus.avg_sec": 0.0001399405300617218,
    "runpf.build_Sbus.count": 1,
    "runpf.build_Sbus.total_sec": 0.0001399405300617218,
    "runpf.build_Ybus.avg_sec": 0.0022841114550828934,
    "runpf.build_Ybus.count": 1,
    "runpf.build_Ybus.total_sec": 0.0022841114550828934,
    "runpf.bus_indexing.avg_sec": 0.0008845198899507523,
    "runpf.bus_indexing.count": 1,
    "runpf.bus_indexing.total_sec": 0.0008845198899507523,
    "runpf.load_case_data.avg_sec": 0.00037495046854019165,
    "runpf.load_case_data.count": 1,
    "runpf.load_case_data.total_sec": 0.00037495046854019165,
    "runpf.newtonpf.avg_sec": 0.04431995935738087,
    "runpf.newtonpf.count": 1,
    "runpf.newtonpf.total_sec": 0.04431995935738087,
    "solve_sec": 0.04431995935738087,
    "source_profile": "pypower",
    "success": true
  },
  "timing_entries": [
    {
      "elapsed_sec": 0.00037495046854019165,
      "iter_idx": 0,
      "op_name": "load_case_data",
      "tag": "runpf"
    },
    {
      "elapsed_sec": 0.0008845198899507523,
      "iter_idx": 0,
      "op_name": "bus_indexing",
      "tag": "runpf"
    },
    {
      "elapsed_sec": 0.0022841114550828934,
      "iter_idx": 0,
      "op_name": "build_Ybus",
      "tag": "runpf"
    },
    {
      "elapsed_sec": 0.0001399405300617218,
      "iter_idx": 0,
      "op_name": "build_Sbus",
      "tag": "runpf"
    },
    {
      "elapsed_sec": 1.2328848242759705e-05,
      "iter_idx": 0,
      "op_name": "init_index",
      "tag": "newtonpf"
    },
    {
      "elapsed_sec": 5.0339847803115845e-05,
      "iter_idx": 0,
      "op_name": "mismatch",
      "tag": "newtonpf"
    },
    {
      "elapsed_sec": 0.0034275762736797333,
      "iter_idx": 1,
      "op_name": "jacobian",
      "tag": "newtonpf"
    },
    {
      "elapsed_sec": 0.003199707716703415,
      "iter_idx": 1,
      "op_name": "solve",
      "tag": "newtonpf"
    },
    {
      "elapsed_sec": 8.025020360946655e-05,
      "iter_idx": 1,
      "op_name": "update_voltage",
      "tag": "newtonpf"
    },
    {
      "elapsed_sec": 6.072968244552612e-05,
      "iter_idx": 1,
      "op_name": "mismatch",
      "tag": "newtonpf"
    },
    {
      "elapsed_sec": 0.0035724379122257233,
      "iter_idx": 2,
      "op_name": "jacobian",
      "tag": "newtonpf"
    },
    {
      "elapsed_sec": 0.0032466165721416473,
      "iter_idx": 2,
      "op_name": "solve",
      "tag": "newtonpf"
    },
    {
      "elapsed_sec": 7.78399407863617e-05,
      "iter_idx": 2,
      "op_name": "update_voltage",
      "tag": "newtonpf"
    },
    {
      "elapsed_sec": 6.123259663581848e-05,
      "iter_idx": 2,
      "op_name": "mismatch",
      "tag": "newtonpf"
    },
    {
      "elapsed_sec": 0.0035228244960308075,
      "iter_idx": 3,
      "op_name": "jacobian",
      "tag": "newtonpf"
    },
    {
      "elapsed_sec": 0.0031485557556152344,
      "iter_idx": 3,
      "op_name": "solve",
      "tag": "newtonpf"
    },
    {
      "elapsed_sec": 7.737986743450165e-05,
      "iter_idx": 3,
      "op_name": "update_voltage",
      "tag": "newtonpf"
    },
    {
      "elapsed_sec": 5.987286567687988e-05,
      "iter_idx": 3,
      "op_name": "mismatch",
      "tag": "newtonpf"
    },
    {
      "elapsed_sec": 0.00355367548763752,
      "iter_idx": 4,
      "op_name": "jacobian",
      "tag": "newtonpf"
    },
    {
      "elapsed_sec": 0.008347025141119957,
      "iter_idx": 4,
      "op_name": "solve",
      "tag": "newtonpf"
    },
    {
      "elapsed_sec": 0.0004553329199552536,
      "iter_idx": 4,
      "op_name": "update_voltage",
      "tag": "newtonpf"
    },
    {
      "elapsed_sec": 0.0007592830806970596,
      "iter_idx": 4,
      "op_name": "mismatch",
      "tag": "newtonpf"
    },
    {
      "elapsed_sec": 0.006756139919161797,
      "iter_idx": 5,
      "op_name": "jacobian",
      "tag": "newtonpf"
    },
    {
      "elapsed_sec": 0.003426535055041313,
      "iter_idx": 5,
      "op_name": "solve",
      "tag": "newtonpf"
    },
    {
      "elapsed_sec": 9.587965905666351e-05,
      "iter_idx": 5,
      "op_name": "update_voltage",
      "tag": "newtonpf"
    },
    {
      "elapsed_sec": 7.384084165096283e-05,
      "iter_idx": 5,
      "op_name": "mismatch",
      "tag": "newtonpf"
    },
    {
      "elapsed_sec": 0.04431995935738087,
      "iter_idx": 0,
      "op_name": "newtonpf",
      "tag": "runpf"
    }
  ]
}
