{
  "summary": {
    "analyze_sec": "",
    "backend": "python",
    "buses": "",
    "case_name": "case1354_pegase",
    "case_stem": "pglib_opf_case1354_pegase",
    "compute": "fp64",
    "dump_case_name": "",
    "elapsed_sec": 0.038123687729239464,
    "final_mismatch": 4.120073105607632e-12,
    "implementation": "pypower",
    "iterations": 5,
    "jacobian": "pypower",
    "max_abs_v_delta_from_v0": "",
    "measurement_mode": "operators",
    "newtonpf.init_index.avg_sec": 1.2312084436416626e-05,
    "newtonpf.init_index.count": 1,
    "newtonpf.init_index.total_sec": 1.2312084436416626e-05,
    "newtonpf.jacobian.avg_sec": 0.003497298061847687,
    "newtonpf.jacobian.count": 5,
    "newtonpf.jacobian.total_sec": 0.017486490309238434,
    "newtonpf.mismatch.avg_sec": 5.882512778043747e-05,
    "newtonpf.mismatch.count": 6,
    "newtonpf.mismatch.total_sec": 0.0003529507666826248,
    "newtonpf.solve.avg_sec": 0.0032108355313539504,
    "newtonpf.solve.count": 5,
    "newtonpf.solve.total_sec": 0.016054177656769753,
    "newtonpf.update_voltage.avg_sec": 7.81431794166565e-05,
    "newtonpf.update_voltage.count": 5,
    "newtonpf.update_voltage.total_sec": 0.00039071589708328247,
    "pq": "",
    "profile": "pypower",
    "pv": "",
    "repeat_idx": 6,
    "runpf.build_Sbus.avg_sec": 0.0001399591565132141,
    "runpf.build_Sbus.count": 1,
    "runpf.build_Sbus.total_sec": 0.0001399591565132141,
    "runpf.build_Ybus.avg_sec": 0.0022865738719701767,
    "runpf.build_Ybus.count": 1,
    "runpf.build_Ybus.total_sec": 0.0022865738719701767,
    "runpf.bus_indexing.avg_sec": 0.0008726213127374649,
    "runpf.bus_indexing.count": 1,
    "runpf.bus_indexing.total_sec": 0.0008726213127374649,
    "runpf.load_case_data.avg_sec": 0.0006805825978517532,
    "runpf.load_case_data.count": 1,
    "runpf.load_case_data.total_sec": 0.0006805825978517532,
    "runpf.newtonpf.avg_sec": 0.03438507206737995,
    "runpf.newtonpf.count": 1,
    "runpf.newtonpf.total_sec": 0.03438507206737995,
    "solve_sec": 0.03438507206737995,
    "source_profile": "pypower",
    "success": true
  },
  "timing_entries": [
    {
      "elapsed_sec": 0.0006805825978517532,
      "iter_idx": 0,
      "op_name": "load_case_data",
      "tag": "runpf"
    },
    {
      "elapsed_sec": 0.0008726213127374649,
      "iter_idx": 0,
      "op_name": "bus_indexing",
      "tag": "runpf"
    },
    {
      "elapsed_sec": 0.0022865738719701767,
      "iter_idx": 0,
      "op_name": "build_Ybus",
      "tag": "runpf"
    },
    {
      "elapsed_sec": 0.0001399591565132141,
      "iter_idx": 0,
      "op_name": "build_Sbus",
      "tag": "runpf"
    },
    {
      "elapsed_sec": 1.2312084436416626e-05,
      "iter_idx": 0,
      "op_name": "init_index",
      "tag": "newtonpf"
    },
    {
      "elapsed_sec": 5.1099807024002075e-05,
      "iter_idx": 0,
      "op_name": "mismatch",
      "tag": "newtonpf"
    },
    {
      "elapsed_sec": 0.0034594088792800903,
      "iter_idx": 1,
      "op_name": "jacobian",
      "tag": "newtonpf"
    },
    {
      "elapsed_sec": 0.003218144178390503,
      "iter_idx": 1,
      "op_name": "solve",
      "tag": "newtonpf"
    },
    {
      "elapsed_sec": 7.975287735462189e-05,
      "iter_idx": 1,
      "op_name": "update_voltage",
      "tag": "newtonpf"
    },
    {
      "elapsed_sec": 6.037205457687378e-05,
      "iter_idx": 1,
      "op_name": "mismatch",
      "tag": "newtonpf"
    },
    {
      "elapsed_sec": 0.0035658832639455795,
      "iter_idx": 2,
      "op_name": "jacobian",
      "tag": "newtonpf"
    },
    {
      "elapsed_sec": 0.0031883250921964645,
      "iter_idx": 2,
      "op_name": "solve",
      "tag": "newtonpf"
    },
    {
      "elapsed_sec": 7.744133472442627e-05,
      "iter_idx": 2,
      "op_name": "update_voltage",
      "tag": "newtonpf"
    },
    {
      "elapsed_sec": 6.006099283695221e-05,
      "iter_idx": 2,
      "op_name": "mismatch",
      "tag": "newtonpf"
    },
    {
      "elapsed_sec": 0.0034666769206523895,
      "iter_idx": 3,
      "op_name": "jacobian",
      "tag": "newtonpf"
    },
    {
      "elapsed_sec": 0.003217756748199463,
      "iter_idx": 3,
      "op_name": "solve",
      "tag": "newtonpf"
    },
    {
      "elapsed_sec": 7.765181362628937e-05,
      "iter_idx": 3,
      "op_name": "update_voltage",
      "tag": "newtonpf"
    },
    {
      "elapsed_sec": 6.046891212463379e-05,
      "iter_idx": 3,
      "op_name": "mismatch",
      "tag": "newtonpf"
    },
    {
      "elapsed_sec": 0.0035293549299240112,
      "iter_idx": 4,
      "op_name": "jacobian",
      "tag": "newtonpf"
    },
    {
      "elapsed_sec": 0.0032182466238737106,
      "iter_idx": 4,
      "op_name": "solve",
      "tag": "newtonpf"
    },
    {
      "elapsed_sec": 7.827021181583405e-05,
      "iter_idx": 4,
      "op_name": "update_voltage",
      "tag": "newtonpf"
    },
    {
      "elapsed_sec": 6.0619786381721497e-05,
      "iter_idx": 4,
      "op_name": "mismatch",
      "tag": "newtonpf"
    },
    {
      "elapsed_sec": 0.0034651663154363632,
      "iter_idx": 5,
      "op_name": "jacobian",
      "tag": "newtonpf"
    },
    {
      "elapsed_sec": 0.0032117050141096115,
      "iter_idx": 5,
      "op_name": "solve",
      "tag": "newtonpf"
    },
    {
      "elapsed_sec": 7.75996595621109e-05,
      "iter_idx": 5,
      "op_name": "update_voltage",
      "tag": "newtonpf"
    },
    {
      "elapsed_sec": 6.032921373844147e-05,
      "iter_idx": 5,
      "op_name": "mismatch",
      "tag": "newtonpf"
    },
    {
      "elapsed_sec": 0.03438507206737995,
      "iter_idx": 0,
      "op_name": "newtonpf",
      "tag": "runpf"
    }
  ]
}
