{
  "summary": {
    "analyze_sec": "",
    "backend": "python",
    "buses": "",
    "case_name": "case1354_pegase",
    "case_stem": "pglib_opf_case1354_pegase",
    "compute": "fp64",
    "dump_case_name": "",
    "elapsed_sec": 0.038198068737983704,
    "final_mismatch": 4.120073105607632e-12,
    "implementation": "pypower",
    "iterations": 5,
    "jacobian": "pypower",
    "max_abs_v_delta_from_v0": "",
    "measurement_mode": "operators",
    "newtonpf.init_index.avg_sec": 1.2539327144622803e-05,
    "newtonpf.init_index.count": 1,
    "newtonpf.init_index.total_sec": 1.2539327144622803e-05,
    "newtonpf.jacobian.avg_sec": 0.003517337143421173,
    "newtonpf.jacobian.count": 5,
    "newtonpf.jacobian.total_sec": 0.017586685717105865,
    "newtonpf.mismatch.avg_sec": 5.880463868379593e-05,
    "newtonpf.mismatch.count": 6,
    "newtonpf.mismatch.total_sec": 0.0003528278321027756,
    "newtonpf.solve.avg_sec": 0.0032027814537286758,
    "newtonpf.solve.count": 5,
    "newtonpf.solve.total_sec": 0.01601390726864338,
    "newtonpf.update_voltage.avg_sec": 7.79375433921814e-05,
    "newtonpf.update_voltage.count": 5,
    "newtonpf.update_voltage.total_sec": 0.000389687716960907,
    "pq": "",
    "profile": "pypower",
    "pv": "",
    "repeat_idx": 0,
    "runpf.build_Sbus.avg_sec": 0.0001403018832206726,
    "runpf.build_Sbus.count": 1,
    "runpf.build_Sbus.total_sec": 0.0001403018832206726,
    "runpf.build_Ybus.avg_sec": 0.0023035146296024323,
    "runpf.build_Ybus.count": 1,
    "runpf.build_Ybus.total_sec": 0.0023035146296024323,
    "runpf.bus_indexing.avg_sec": 0.0008767023682594299,
    "runpf.bus_indexing.count": 1,
    "runpf.bus_indexing.total_sec": 0.0008767023682594299,
    "runpf.load_case_data.avg_sec": 0.00038008205592632294,
    "runpf.load_case_data.count": 1,
    "runpf.load_case_data.total_sec": 0.00038008205592632294,
    "runpf.newtonpf.avg_sec": 0.03444254212081432,
    "runpf.newtonpf.count": 1,
    "runpf.newtonpf.total_sec": 0.03444254212081432,
    "solve_sec": 0.03444254212081432,
    "source_profile": "pypower",
    "success": true
  },
  "timing_entries": [
    {
      "elapsed_sec": 0.00038008205592632294,
      "iter_idx": 0,
      "op_name": "load_case_data",
      "tag": "runpf"
    },
    {
      "elapsed_sec": 0.0008767023682594299,
      "iter_idx": 0,
      "op_name": "bus_indexing",
      "tag": "runpf"
    },
    {
      "elapsed_sec": 0.0023035146296024323,
      "iter_idx": 0,
      "op_name": "build_Ybus",
      "tag": "runpf"
    },
    {
      "elapsed_sec": 0.0001403018832206726,
      "iter_idx": 0,
      "op_name": "build_Sbus",
      "tag": "runpf"
    },
    {
      "elapsed_sec": 1.2539327144622803e-05,
      "iter_idx": 0,
      "op_name": "init_index",
      "tag": "newtonpf"
    },
    {
      "elapsed_sec": 5.0339847803115845e-05,
      "iter_idx": 0,
      "op_name": "mismatch",
      "tag": "newtonpf"
    },
    {
      "elapsed_sec": 0.0034363772720098495,
      "iter_idx": 1,
      "op_name": "jacobian",
      "tag": "newtonpf"
    },
    {
      "elapsed_sec": 0.0032181479036808014,
      "iter_idx": 1,
      "op_name": "solve",
      "tag": "newtonpf"
    },
    {
      "elapsed_sec": 8.046813309192657e-05,
      "iter_idx": 1,
      "op_name": "update_voltage",
      "tag": "newtonpf"
    },
    {
      "elapsed_sec": 6.0500577092170715e-05,
      "iter_idx": 1,
      "op_name": "mismatch",
      "tag": "newtonpf"
    },
    {
      "elapsed_sec": 0.003614099696278572,
      "iter_idx": 2,
      "op_name": "jacobian",
      "tag": "newtonpf"
    },
    {
      "elapsed_sec": 0.0032264329493045807,
      "iter_idx": 2,
      "op_name": "solve",
      "tag": "newtonpf"
    },
    {
      "elapsed_sec": 7.750838994979858e-05,
      "iter_idx": 2,
      "op_name": "update_voltage",
      "tag": "newtonpf"
    },
    {
      "elapsed_sec": 6.0619786381721497e-05,
      "iter_idx": 2,
      "op_name": "mismatch",
      "tag": "newtonpf"
    },
    {
      "elapsed_sec": 0.003486456349492073,
      "iter_idx": 3,
      "op_name": "jacobian",
      "tag": "newtonpf"
    },
    {
      "elapsed_sec": 0.003166966140270233,
      "iter_idx": 3,
      "op_name": "solve",
      "tag": "newtonpf"
    },
    {
      "elapsed_sec": 7.720105350017548e-05,
      "iter_idx": 3,
      "op_name": "update_voltage",
      "tag": "newtonpf"
    },
    {
      "elapsed_sec": 5.9839338064193726e-05,
      "iter_idx": 3,
      "op_name": "mismatch",
      "tag": "newtonpf"
    },
    {
      "elapsed_sec": 0.00356159545481205,
      "iter_idx": 4,
      "op_name": "jacobian",
      "tag": "newtonpf"
    },
    {
      "elapsed_sec": 0.0032045766711235046,
      "iter_idx": 4,
      "op_name": "solve",
      "tag": "newtonpf"
    },
    {
      "elapsed_sec": 7.724016904830933e-05,
      "iter_idx": 4,
      "op_name": "update_voltage",
      "tag": "newtonpf"
    },
    {
      "elapsed_sec": 6.060861051082611e-05,
      "iter_idx": 4,
      "op_name": "mismatch",
      "tag": "newtonpf"
    },
    {
      "elapsed_sec": 0.003488156944513321,
      "iter_idx": 5,
      "op_name": "jacobian",
      "tag": "newtonpf"
    },
    {
      "elapsed_sec": 0.0031977836042642593,
      "iter_idx": 5,
      "op_name": "solve",
      "tag": "newtonpf"
    },
    {
      "elapsed_sec": 7.726997137069702e-05,
      "iter_idx": 5,
      "op_name": "update_voltage",
      "tag": "newtonpf"
    },
    {
      "elapsed_sec": 6.091967225074768e-05,
      "iter_idx": 5,
      "op_name": "mismatch",
      "tag": "newtonpf"
    },
    {
      "elapsed_sec": 0.03444254212081432,
      "iter_idx": 0,
      "op_name": "newtonpf",
      "tag": "runpf"
    }
  ]
}
