{
  "summary": {
    "analyze_sec": "",
    "backend": "python",
    "buses": "",
    "case_name": "case1354_pegase",
    "case_stem": "pglib_opf_case1354_pegase",
    "compute": "fp64",
    "dump_case_name": "",
    "elapsed_sec": 0.03832066059112549,
    "final_mismatch": 4.120073105607632e-12,
    "implementation": "pypower",
    "iterations": 5,
    "jacobian": "pypower",
    "max_abs_v_delta_from_v0": "",
    "measurement_mode": "operators",
    "newtonpf.init_index.avg_sec": 1.2326985597610474e-05,
    "newtonpf.init_index.count": 1,
    "newtonpf.init_index.total_sec": 1.2326985597610474e-05,
    "newtonpf.jacobian.avg_sec": 0.0034762028604745864,
    "newtonpf.jacobian.count": 5,
    "newtonpf.jacobian.total_sec": 0.017381014302372932,
    "newtonpf.mismatch.avg_sec": 6.063096225261688e-05,
    "newtonpf.mismatch.count": 6,
    "newtonpf.mismatch.total_sec": 0.0003637857735157013,
    "newtonpf.solve.avg_sec": 0.003229893371462822,
    "newtonpf.solve.count": 5,
    "newtonpf.solve.total_sec": 0.01614946685731411,
    "newtonpf.update_voltage.avg_sec": 7.807575166225433e-05,
    "newtonpf.update_voltage.count": 5,
    "newtonpf.update_voltage.total_sec": 0.00039037875831127167,
    "pq": "",
    "profile": "pypower",
    "pv": "",
    "repeat_idx": 1,
    "runpf.build_Sbus.avg_sec": 0.00014027953147888184,
    "runpf.build_Sbus.count": 1,
    "runpf.build_Sbus.total_sec": 0.00014027953147888184,
    "runpf.build_Ybus.avg_sec": 0.0023184921592473984,
    "runpf.build_Ybus.count": 1,
    "runpf.build_Ybus.total_sec": 0.0023184921592473984,
    "runpf.bus_indexing.avg_sec": 0.0008815713226795197,
    "runpf.bus_indexing.count": 1,
    "runpf.bus_indexing.total_sec": 0.0008815713226795197,
    "runpf.load_case_data.avg_sec": 0.00036477111279964447,
    "runpf.load_case_data.count": 1,
    "runpf.load_case_data.total_sec": 0.00036477111279964447,
    "runpf.newtonpf.avg_sec": 0.03438428044319153,
    "runpf.newtonpf.count": 1,
    "runpf.newtonpf.total_sec": 0.03438428044319153,
    "solve_sec": 0.03438428044319153,
    "source_profile": "pypower",
    "success": true
  },
  "timing_entries": [
    {
      "elapsed_sec": 0.00036477111279964447,
      "iter_idx": 0,
      "op_name": "load_case_data",
      "tag": "runpf"
    },
    {
      "elapsed_sec": 0.0008815713226795197,
      "iter_idx": 0,
      "op_name": "bus_indexing",
      "tag": "runpf"
    },
    {
      "elapsed_sec": 0.0023184921592473984,
      "iter_idx": 0,
      "op_name": "build_Ybus",
      "tag": "runpf"
    },
    {
      "elapsed_sec": 0.00014027953147888184,
      "iter_idx": 0,
      "op_name": "build_Sbus",
      "tag": "runpf"
    },
    {
      "elapsed_sec": 1.2326985597610474e-05,
      "iter_idx": 0,
      "op_name": "init_index",
      "tag": "newtonpf"
    },
    {
      "elapsed_sec": 5.015172064304352e-05,
      "iter_idx": 0,
      "op_name": "mismatch",
      "tag": "newtonpf"
    },
    {
      "elapsed_sec": 0.0034257564693689346,
      "iter_idx": 1,
      "op_name": "jacobian",
      "tag": "newtonpf"
    },
    {
      "elapsed_sec": 0.003199303522706032,
      "iter_idx": 1,
      "op_name": "solve",
      "tag": "newtonpf"
    },
    {
      "elapsed_sec": 8.079968392848969e-05,
      "iter_idx": 1,
      "op_name": "update_voltage",
      "tag": "newtonpf"
    },
    {
      "elapsed_sec": 6.0871243476867676e-05,
      "iter_idx": 1,
      "op_name": "mismatch",
      "tag": "newtonpf"
    },
    {
      "elapsed_sec": 0.003570089116692543,
      "iter_idx": 2,
      "op_name": "jacobian",
      "tag": "newtonpf"
    },
    {
      "elapsed_sec": 0.003212925046682358,
      "iter_idx": 2,
      "op_name": "solve",
      "tag": "newtonpf"
    },
    {
      "elapsed_sec": 7.729977369308472e-05,
      "iter_idx": 2,
      "op_name": "update_voltage",
      "tag": "newtonpf"
    },
    {
      "elapsed_sec": 6.84000551700592e-05,
      "iter_idx": 2,
      "op_name": "mismatch",
      "tag": "newtonpf"
    },
    {
      "elapsed_sec": 0.003458995372056961,
      "iter_idx": 3,
      "op_name": "jacobian",
      "tag": "newtonpf"
    },
    {
      "elapsed_sec": 0.0031981468200683594,
      "iter_idx": 3,
      "op_name": "solve",
      "tag": "newtonpf"
    },
    {
      "elapsed_sec": 7.745064795017242e-05,
      "iter_idx": 3,
      "op_name": "update_voltage",
      "tag": "newtonpf"
    },
    {
      "elapsed_sec": 6.099976599216461e-05,
      "iter_idx": 3,
      "op_name": "mismatch",
      "tag": "newtonpf"
    },
    {
      "elapsed_sec": 0.0034748557955026627,
      "iter_idx": 4,
      "op_name": "jacobian",
      "tag": "newtonpf"
    },
    {
      "elapsed_sec": 0.0032244957983493805,
      "iter_idx": 4,
      "op_name": "solve",
      "tag": "newtonpf"
    },
    {
      "elapsed_sec": 7.73891806602478e-05,
      "iter_idx": 4,
      "op_name": "update_voltage",
      "tag": "newtonpf"
    },
    {
      "elapsed_sec": 6.105005741119385e-05,
      "iter_idx": 4,
      "op_name": "mismatch",
      "tag": "newtonpf"
    },
    {
      "elapsed_sec": 0.003451317548751831,
      "iter_idx": 5,
      "op_name": "jacobian",
      "tag": "newtonpf"
    },
    {
      "elapsed_sec": 0.0033145956695079803,
      "iter_idx": 5,
      "op_name": "solve",
      "tag": "newtonpf"
    },
    {
      "elapsed_sec": 7.743947207927704e-05,
      "iter_idx": 5,
      "op_name": "update_voltage",
      "tag": "newtonpf"
    },
    {
      "elapsed_sec": 6.231293082237244e-05,
      "iter_idx": 5,
      "op_name": "mismatch",
      "tag": "newtonpf"
    },
    {
      "elapsed_sec": 0.03438428044319153,
      "iter_idx": 0,
      "op_name": "newtonpf",
      "tag": "runpf"
    }
  ]
}
