{
  "summary": {
    "analyze_sec": "",
    "backend": "python",
    "buses": "",
    "case_name": "Base_Florida_42GW",
    "case_stem": "pglib_opf_caseBase_Florida_42GW",
    "compute": "fp64",
    "dump_case_name": "",
    "elapsed_sec": 0.1293147560209036,
    "final_mismatch": 6.1888867518609694e-12,
    "implementation": "pypower",
    "iterations": 4,
    "jacobian": "pypower",
    "max_abs_v_delta_from_v0": "",
    "measurement_mode": "operators",
    "newtonpf.init_index.avg_sec": 1.3979151844978333e-05,
    "newtonpf.init_index.count": 1,
    "newtonpf.init_index.total_sec": 1.3979151844978333e-05,
    "newtonpf.jacobian.avg_sec": 0.008985856547951698,
    "newtonpf.jacobian.count": 4,
    "newtonpf.jacobian.total_sec": 0.03594342619180679,
    "newtonpf.mismatch.avg_sec": 0.00012364089488983154,
    "newtonpf.mismatch.count": 5,
    "newtonpf.mismatch.total_sec": 0.0006182044744491577,
    "newtonpf.solve.avg_sec": 0.020512945484369993,
    "newtonpf.solve.count": 4,
    "newtonpf.solve.total_sec": 0.08205178193747997,
    "newtonpf.update_voltage.avg_sec": 0.0002617388963699341,
    "newtonpf.update_voltage.count": 4,
    "newtonpf.update_voltage.total_sec": 0.0010469555854797363,
    "pq": "",
    "profile": "pypower",
    "pv": "",
    "repeat_idx": 9,
    "runpf.build_Sbus.avg_sec": 0.00018893182277679443,
    "runpf.build_Sbus.count": 1,
    "runpf.build_Sbus.total_sec": 0.00018893182277679443,
    "runpf.build_Ybus.avg_sec": 0.006897721439599991,
    "runpf.build_Ybus.count": 1,
    "runpf.build_Ybus.total_sec": 0.006897721439599991,
    "runpf.bus_indexing.avg_sec": 0.0072713736444711685,
    "runpf.bus_indexing.count": 1,
    "runpf.bus_indexing.total_sec": 0.0072713736444711685,
    "runpf.load_case_data.avg_sec": 0.02472669444978237,
    "runpf.load_case_data.count": 1,
    "runpf.load_case_data.total_sec": 0.02472669444978237,
    "runpf.newtonpf.avg_sec": 0.11985589750111103,
    "runpf.newtonpf.count": 1,
    "runpf.newtonpf.total_sec": 0.11985589750111103,
    "solve_sec": 0.11985589750111103,
    "source_profile": "pypower",
    "success": true
  },
  "timing_entries": [
    {
      "elapsed_sec": 0.02472669444978237,
      "iter_idx": 0,
      "op_name": "load_case_data",
      "tag": "runpf"
    },
    {
      "elapsed_sec": 0.0072713736444711685,
      "iter_idx": 0,
      "op_name": "bus_indexing",
      "tag": "runpf"
    },
    {
      "elapsed_sec": 0.006897721439599991,
      "iter_idx": 0,
      "op_name": "build_Ybus",
      "tag": "runpf"
    },
    {
      "elapsed_sec": 0.00018893182277679443,
      "iter_idx": 0,
      "op_name": "build_Sbus",
      "tag": "runpf"
    },
    {
      "elapsed_sec": 1.3979151844978333e-05,
      "iter_idx": 0,
      "op_name": "init_index",
      "tag": "newtonpf"
    },
    {
      "elapsed_sec": 0.00011398829519748688,
      "iter_idx": 0,
      "op_name": "mismatch",
      "tag": "newtonpf"
    },
    {
      "elapsed_sec": 0.008813336491584778,
      "iter_idx": 1,
      "op_name": "jacobian",
      "tag": "newtonpf"
    },
    {
      "elapsed_sec": 0.02089517191052437,
      "iter_idx": 1,
      "op_name": "solve",
      "tag": "newtonpf"
    },
    {
      "elapsed_sec": 0.00026517175137996674,
      "iter_idx": 1,
      "op_name": "update_voltage",
      "tag": "newtonpf"
    },
    {
      "elapsed_sec": 0.00013023987412452698,
      "iter_idx": 1,
      "op_name": "mismatch",
      "tag": "newtonpf"
    },
    {
      "elapsed_sec": 0.00936911627650261,
      "iter_idx": 2,
      "op_name": "jacobian",
      "tag": "newtonpf"
    },
    {
      "elapsed_sec": 0.020590391010046005,
      "iter_idx": 2,
      "op_name": "solve",
      "tag": "newtonpf"
    },
    {
      "elapsed_sec": 0.00026235170662403107,
      "iter_idx": 2,
      "op_name": "update_voltage",
      "tag": "newtonpf"
    },
    {
      "elapsed_sec": 0.00012508779764175415,
      "iter_idx": 2,
      "op_name": "mismatch",
      "tag": "newtonpf"
    },
    {
      "elapsed_sec": 0.008896825835108757,
      "iter_idx": 3,
      "op_name": "jacobian",
      "tag": "newtonpf"
    },
    {
      "elapsed_sec": 0.020468130707740784,
      "iter_idx": 3,
      "op_name": "solve",
      "tag": "newtonpf"
    },
    {
      "elapsed_sec": 0.0002589710056781769,
      "iter_idx": 3,
      "op_name": "update_voltage",
      "tag": "newtonpf"
    },
    {
      "elapsed_sec": 0.00012400932610034943,
      "iter_idx": 3,
      "op_name": "mismatch",
      "tag": "newtonpf"
    },
    {
      "elapsed_sec": 0.008864147588610649,
      "iter_idx": 4,
      "op_name": "jacobian",
      "tag": "newtonpf"
    },
    {
      "elapsed_sec": 0.020098088309168816,
      "iter_idx": 4,
      "op_name": "solve",
      "tag": "newtonpf"
    },
    {
      "elapsed_sec": 0.00026046112179756165,
      "iter_idx": 4,
      "op_name": "update_voltage",
      "tag": "newtonpf"
    },
    {
      "elapsed_sec": 0.00012487918138504028,
      "iter_idx": 4,
      "op_name": "mismatch",
      "tag": "newtonpf"
    },
    {
      "elapsed_sec": 0.11985589750111103,
      "iter_idx": 0,
      "op_name": "newtonpf",
      "tag": "runpf"
    }
  ]
}
