{
  "summary": {
    "analyze_sec": "",
    "backend": "python",
    "buses": "",
    "case_name": "case793_goc",
    "case_stem": "pglib_opf_case793_goc",
    "compute": "fp64",
    "dump_case_name": "",
    "elapsed_sec": 0.021887097507715225,
    "final_mismatch": 5.425149218751812e-10,
    "implementation": "pypower",
    "iterations": 4,
    "jacobian": "pypower",
    "max_abs_v_delta_from_v0": "",
    "measurement_mode": "operators",
    "newtonpf.init_index.avg_sec": 1.2032687664031982e-05,
    "newtonpf.init_index.count": 1,
    "newtonpf.init_index.total_sec": 1.2032687664031982e-05,
    "newtonpf.jacobian.avg_sec": 0.002751505933701992,
    "newtonpf.jacobian.count": 4,
    "newtonpf.jacobian.total_sec": 0.011006023734807968,
    "newtonpf.mismatch.avg_sec": 4.836507141590118e-05,
    "newtonpf.mismatch.count": 5,
    "newtonpf.mismatch.total_sec": 0.00024182535707950592,
    "newtonpf.solve.avg_sec": 0.0018742168322205544,
    "newtonpf.solve.count": 4,
    "newtonpf.solve.total_sec": 0.007496867328882217,
    "newtonpf.update_voltage.avg_sec": 5.1946379244327545e-05,
    "newtonpf.update_voltage.count": 4,
    "newtonpf.update_voltage.total_sec": 0.00020778551697731018,
    "pq": "",
    "profile": "pypower",
    "pv": "",
    "repeat_idx": 1,
    "runpf.build_Sbus.avg_sec": 0.00012541934847831726,
    "runpf.build_Sbus.count": 1,
    "runpf.build_Sbus.total_sec": 0.00012541934847831726,
    "runpf.build_Ybus.avg_sec": 0.0015945136547088623,
    "runpf.build_Ybus.count": 1,
    "runpf.build_Ybus.total_sec": 0.0015945136547088623,
    "runpf.bus_indexing.avg_sec": 0.0009768418967723846,
    "runpf.bus_indexing.count": 1,
    "runpf.bus_indexing.total_sec": 0.0009768418967723846,
    "runpf.load_case_data.avg_sec": 0.0003036782145500183,
    "runpf.load_case_data.count": 1,
    "runpf.load_case_data.total_sec": 0.0003036782145500183,
    "runpf.newtonpf.avg_sec": 0.01903444342315197,
    "runpf.newtonpf.count": 1,
    "runpf.newtonpf.total_sec": 0.01903444342315197,
    "solve_sec": 0.01903444342315197,
    "source_profile": "pypower",
    "success": true
  },
  "timing_entries": [
    {
      "elapsed_sec": 0.0003036782145500183,
      "iter_idx": 0,
      "op_name": "load_case_data",
      "tag": "runpf"
    },
    {
      "elapsed_sec": 0.0009768418967723846,
      "iter_idx": 0,
      "op_name": "bus_indexing",
      "tag": "runpf"
    },
    {
      "elapsed_sec": 0.0015945136547088623,
      "iter_idx": 0,
      "op_name": "build_Ybus",
      "tag": "runpf"
    },
    {
      "elapsed_sec": 0.00012541934847831726,
      "iter_idx": 0,
      "op_name": "build_Sbus",
      "tag": "runpf"
    },
    {
      "elapsed_sec": 1.2032687664031982e-05,
      "iter_idx": 0,
      "op_name": "init_index",
      "tag": "newtonpf"
    },
    {
      "elapsed_sec": 3.9907172322273254e-05,
      "iter_idx": 0,
      "op_name": "mismatch",
      "tag": "newtonpf"
    },
    {
      "elapsed_sec": 0.002717195078730583,
      "iter_idx": 1,
      "op_name": "jacobian",
      "tag": "newtonpf"
    },
    {
      "elapsed_sec": 0.0018995534628629684,
      "iter_idx": 1,
      "op_name": "solve",
      "tag": "newtonpf"
    },
    {
      "elapsed_sec": 5.2619725465774536e-05,
      "iter_idx": 1,
      "op_name": "update_voltage",
      "tag": "newtonpf"
    },
    {
      "elapsed_sec": 5.0479546189308167e-05,
      "iter_idx": 1,
      "op_name": "mismatch",
      "tag": "newtonpf"
    },
    {
      "elapsed_sec": 0.002783576026558876,
      "iter_idx": 2,
      "op_name": "jacobian",
      "tag": "newtonpf"
    },
    {
      "elapsed_sec": 0.0018851235508918762,
      "iter_idx": 2,
      "op_name": "solve",
      "tag": "newtonpf"
    },
    {
      "elapsed_sec": 5.193054676055908e-05,
      "iter_idx": 2,
      "op_name": "update_voltage",
      "tag": "newtonpf"
    },
    {
      "elapsed_sec": 5.112960934638977e-05,
      "iter_idx": 2,
      "op_name": "mismatch",
      "tag": "newtonpf"
    },
    {
      "elapsed_sec": 0.0027537867426872253,
      "iter_idx": 3,
      "op_name": "jacobian",
      "tag": "newtonpf"
    },
    {
      "elapsed_sec": 0.0018492769449949265,
      "iter_idx": 3,
      "op_name": "solve",
      "tag": "newtonpf"
    },
    {
      "elapsed_sec": 5.17871230840683e-05,
      "iter_idx": 3,
      "op_name": "update_voltage",
      "tag": "newtonpf"
    },
    {
      "elapsed_sec": 4.9987807869911194e-05,
      "iter_idx": 3,
      "op_name": "mismatch",
      "tag": "newtonpf"
    },
    {
      "elapsed_sec": 0.0027514658868312836,
      "iter_idx": 4,
      "op_name": "jacobian",
      "tag": "newtonpf"
    },
    {
      "elapsed_sec": 0.0018629133701324463,
      "iter_idx": 4,
      "op_name": "solve",
      "tag": "newtonpf"
    },
    {
      "elapsed_sec": 5.1448121666908264e-05,
      "iter_idx": 4,
      "op_name": "update_voltage",
      "tag": "newtonpf"
    },
    {
      "elapsed_sec": 5.0321221351623535e-05,
      "iter_idx": 4,
      "op_name": "mismatch",
      "tag": "newtonpf"
    },
    {
      "elapsed_sec": 0.01903444342315197,
      "iter_idx": 0,
      "op_name": "newtonpf",
      "tag": "runpf"
    }
  ]
}
