{
  "summary": {
    "analyze_sec": "",
    "backend": "python",
    "buses": "",
    "case_name": "case793_goc",
    "case_stem": "pglib_opf_case793_goc",
    "compute": "fp64",
    "dump_case_name": "",
    "elapsed_sec": 0.021880337968468666,
    "final_mismatch": 5.425149218751812e-10,
    "implementation": "pypower",
    "iterations": 4,
    "jacobian": "pypower",
    "max_abs_v_delta_from_v0": "",
    "measurement_mode": "operators",
    "newtonpf.init_index.avg_sec": 1.2239441275596619e-05,
    "newtonpf.init_index.count": 1,
    "newtonpf.init_index.total_sec": 1.2239441275596619e-05,
    "newtonpf.jacobian.avg_sec": 0.002750162500888109,
    "newtonpf.jacobian.count": 4,
    "newtonpf.jacobian.total_sec": 0.011000650003552437,
    "newtonpf.mismatch.avg_sec": 4.820860922336578e-05,
    "newtonpf.mismatch.count": 5,
    "newtonpf.mismatch.total_sec": 0.00024104304611682892,
    "newtonpf.solve.avg_sec": 0.0018698093481361866,
    "newtonpf.solve.count": 4,
    "newtonpf.solve.total_sec": 0.007479237392544746,
    "newtonpf.update_voltage.avg_sec": 5.290750414133072e-05,
    "newtonpf.update_voltage.count": 4,
    "newtonpf.update_voltage.total_sec": 0.00021163001656532288,
    "pq": "",
    "profile": "pypower",
    "pv": "",
    "repeat_idx": 5,
    "runpf.build_Sbus.avg_sec": 0.00013782083988189697,
    "runpf.build_Sbus.count": 1,
    "runpf.build_Sbus.total_sec": 0.00013782083988189697,
    "runpf.build_Ybus.avg_sec": 0.0015943124890327454,
    "runpf.build_Ybus.count": 1,
    "runpf.build_Ybus.total_sec": 0.0015943124890327454,
    "runpf.bus_indexing.avg_sec": 0.0009726919233798981,
    "runpf.bus_indexing.count": 1,
    "runpf.bus_indexing.total_sec": 0.0009726919233798981,
    "runpf.load_case_data.avg_sec": 0.0003034006804227829,
    "runpf.load_case_data.count": 1,
    "runpf.load_case_data.total_sec": 0.0003034006804227829,
    "runpf.newtonpf.avg_sec": 0.019014013931155205,
    "runpf.newtonpf.count": 1,
    "runpf.newtonpf.total_sec": 0.019014013931155205,
    "solve_sec": 0.019014013931155205,
    "source_profile": "pypower",
    "success": true
  },
  "timing_entries": [
    {
      "elapsed_sec": 0.0003034006804227829,
      "iter_idx": 0,
      "op_name": "load_case_data",
      "tag": "runpf"
    },
    {
      "elapsed_sec": 0.0009726919233798981,
      "iter_idx": 0,
      "op_name": "bus_indexing",
      "tag": "runpf"
    },
    {
      "elapsed_sec": 0.0015943124890327454,
      "iter_idx": 0,
      "op_name": "build_Ybus",
      "tag": "runpf"
    },
    {
      "elapsed_sec": 0.00013782083988189697,
      "iter_idx": 0,
      "op_name": "build_Sbus",
      "tag": "runpf"
    },
    {
      "elapsed_sec": 1.2239441275596619e-05,
      "iter_idx": 0,
      "op_name": "init_index",
      "tag": "newtonpf"
    },
    {
      "elapsed_sec": 4.029087722301483e-05,
      "iter_idx": 0,
      "op_name": "mismatch",
      "tag": "newtonpf"
    },
    {
      "elapsed_sec": 0.002726074308156967,
      "iter_idx": 1,
      "op_name": "jacobian",
      "tag": "newtonpf"
    },
    {
      "elapsed_sec": 0.001889016479253769,
      "iter_idx": 1,
      "op_name": "solve",
      "tag": "newtonpf"
    },
    {
      "elapsed_sec": 5.231983959674835e-05,
      "iter_idx": 1,
      "op_name": "update_voltage",
      "tag": "newtonpf"
    },
    {
      "elapsed_sec": 5.056895315647125e-05,
      "iter_idx": 1,
      "op_name": "mismatch",
      "tag": "newtonpf"
    },
    {
      "elapsed_sec": 0.002775494009256363,
      "iter_idx": 2,
      "op_name": "jacobian",
      "tag": "newtonpf"
    },
    {
      "elapsed_sec": 0.0018788333982229233,
      "iter_idx": 2,
      "op_name": "solve",
      "tag": "newtonpf"
    },
    {
      "elapsed_sec": 5.204044282436371e-05,
      "iter_idx": 2,
      "op_name": "update_voltage",
      "tag": "newtonpf"
    },
    {
      "elapsed_sec": 5.050189793109894e-05,
      "iter_idx": 2,
      "op_name": "mismatch",
      "tag": "newtonpf"
    },
    {
      "elapsed_sec": 0.002757525071501732,
      "iter_idx": 3,
      "op_name": "jacobian",
      "tag": "newtonpf"
    },
    {
      "elapsed_sec": 0.0018620435148477554,
      "iter_idx": 3,
      "op_name": "solve",
      "tag": "newtonpf"
    },
    {
      "elapsed_sec": 5.093030631542206e-05,
      "iter_idx": 3,
      "op_name": "update_voltage",
      "tag": "newtonpf"
    },
    {
      "elapsed_sec": 4.944019019603729e-05,
      "iter_idx": 3,
      "op_name": "mismatch",
      "tag": "newtonpf"
    },
    {
      "elapsed_sec": 0.002741556614637375,
      "iter_idx": 4,
      "op_name": "jacobian",
      "tag": "newtonpf"
    },
    {
      "elapsed_sec": 0.0018493440002202988,
      "iter_idx": 4,
      "op_name": "solve",
      "tag": "newtonpf"
    },
    {
      "elapsed_sec": 5.633942782878876e-05,
      "iter_idx": 4,
      "op_name": "update_voltage",
      "tag": "newtonpf"
    },
    {
      "elapsed_sec": 5.0241127610206604e-05,
      "iter_idx": 4,
      "op_name": "mismatch",
      "tag": "newtonpf"
    },
    {
      "elapsed_sec": 0.019014013931155205,
      "iter_idx": 0,
      "op_name": "newtonpf",
      "tag": "runpf"
    }
  ]
}
