{
  "summary": {
    "analyze_sec": "",
    "backend": "python",
    "buses": "",
    "case_name": "case793_goc",
    "case_stem": "pglib_opf_case793_goc",
    "compute": "fp64",
    "dump_case_name": "",
    "elapsed_sec": 0.021863747388124466,
    "final_mismatch": 5.425149218751812e-10,
    "implementation": "pypower",
    "iterations": 4,
    "jacobian": "pypower",
    "max_abs_v_delta_from_v0": "",
    "measurement_mode": "operators",
    "newtonpf.init_index.avg_sec": 1.2230128049850464e-05,
    "newtonpf.init_index.count": 1,
    "newtonpf.init_index.total_sec": 1.2230128049850464e-05,
    "newtonpf.jacobian.avg_sec": 0.0027538929134607315,
    "newtonpf.jacobian.count": 4,
    "newtonpf.jacobian.total_sec": 0.011015571653842926,
    "newtonpf.mismatch.avg_sec": 4.8141926527023315e-05,
    "newtonpf.mismatch.count": 5,
    "newtonpf.mismatch.total_sec": 0.00024070963263511658,
    "newtonpf.solve.avg_sec": 0.0018663625232875347,
    "newtonpf.solve.count": 4,
    "newtonpf.solve.total_sec": 0.007465450093150139,
    "newtonpf.update_voltage.avg_sec": 5.208328366279602e-05,
    "newtonpf.update_voltage.count": 4,
    "newtonpf.update_voltage.total_sec": 0.00020833313465118408,
    "pq": "",
    "profile": "pypower",
    "pv": "",
    "repeat_idx": 3,
    "runpf.build_Sbus.avg_sec": 0.00013583898544311523,
    "runpf.build_Sbus.count": 1,
    "runpf.build_Sbus.total_sec": 0.00013583898544311523,
    "runpf.build_Ybus.avg_sec": 0.0015727747231721878,
    "runpf.build_Ybus.count": 1,
    "runpf.build_Ybus.total_sec": 0.0015727747231721878,
    "runpf.bus_indexing.avg_sec": 0.0009702853858470917,
    "runpf.bus_indexing.count": 1,
    "runpf.bus_indexing.total_sec": 0.0009702853858470917,
    "runpf.load_case_data.avg_sec": 0.0003035087138414383,
    "runpf.load_case_data.count": 1,
    "runpf.load_case_data.total_sec": 0.0003035087138414383,
    "runpf.newtonpf.avg_sec": 0.01901371404528618,
    "runpf.newtonpf.count": 1,
    "runpf.newtonpf.total_sec": 0.01901371404528618,
    "solve_sec": 0.01901371404528618,
    "source_profile": "pypower",
    "success": true
  },
  "timing_entries": [
    {
      "elapsed_sec": 0.0003035087138414383,
      "iter_idx": 0,
      "op_name": "load_case_data",
      "tag": "runpf"
    },
    {
      "elapsed_sec": 0.0009702853858470917,
      "iter_idx": 0,
      "op_name": "bus_indexing",
      "tag": "runpf"
    },
    {
      "elapsed_sec": 0.0015727747231721878,
      "iter_idx": 0,
      "op_name": "build_Ybus",
      "tag": "runpf"
    },
    {
      "elapsed_sec": 0.00013583898544311523,
      "iter_idx": 0,
      "op_name": "build_Sbus",
      "tag": "runpf"
    },
    {
      "elapsed_sec": 1.2230128049850464e-05,
      "iter_idx": 0,
      "op_name": "init_index",
      "tag": "newtonpf"
    },
    {
      "elapsed_sec": 4.019215703010559e-05,
      "iter_idx": 0,
      "op_name": "mismatch",
      "tag": "newtonpf"
    },
    {
      "elapsed_sec": 0.0026861149817705154,
      "iter_idx": 1,
      "op_name": "jacobian",
      "tag": "newtonpf"
    },
    {
      "elapsed_sec": 0.001896461471915245,
      "iter_idx": 1,
      "op_name": "solve",
      "tag": "newtonpf"
    },
    {
      "elapsed_sec": 5.2521005272865295e-05,
      "iter_idx": 1,
      "op_name": "update_voltage",
      "tag": "newtonpf"
    },
    {
      "elapsed_sec": 5.032867193222046e-05,
      "iter_idx": 1,
      "op_name": "mismatch",
      "tag": "newtonpf"
    },
    {
      "elapsed_sec": 0.002808704972267151,
      "iter_idx": 2,
      "op_name": "jacobian",
      "tag": "newtonpf"
    },
    {
      "elapsed_sec": 0.0018867719918489456,
      "iter_idx": 2,
      "op_name": "solve",
      "tag": "newtonpf"
    },
    {
      "elapsed_sec": 5.2031129598617554e-05,
      "iter_idx": 2,
      "op_name": "update_voltage",
      "tag": "newtonpf"
    },
    {
      "elapsed_sec": 5.001947283744812e-05,
      "iter_idx": 2,
      "op_name": "mismatch",
      "tag": "newtonpf"
    },
    {
      "elapsed_sec": 0.0027609746903181076,
      "iter_idx": 3,
      "op_name": "jacobian",
      "tag": "newtonpf"
    },
    {
      "elapsed_sec": 0.0018532834947109222,
      "iter_idx": 3,
      "op_name": "solve",
      "tag": "newtonpf"
    },
    {
      "elapsed_sec": 5.192123353481293e-05,
      "iter_idx": 3,
      "op_name": "update_voltage",
      "tag": "newtonpf"
    },
    {
      "elapsed_sec": 4.938989877700806e-05,
      "iter_idx": 3,
      "op_name": "mismatch",
      "tag": "newtonpf"
    },
    {
      "elapsed_sec": 0.002759777009487152,
      "iter_idx": 4,
      "op_name": "jacobian",
      "tag": "newtonpf"
    },
    {
      "elapsed_sec": 0.001828933134675026,
      "iter_idx": 4,
      "op_name": "solve",
      "tag": "newtonpf"
    },
    {
      "elapsed_sec": 5.1859766244888306e-05,
      "iter_idx": 4,
      "op_name": "update_voltage",
      "tag": "newtonpf"
    },
    {
      "elapsed_sec": 5.077943205833435e-05,
      "iter_idx": 4,
      "op_name": "mismatch",
      "tag": "newtonpf"
    },
    {
      "elapsed_sec": 0.01901371404528618,
      "iter_idx": 0,
      "op_name": "newtonpf",
      "tag": "runpf"
    }
  ]
}
