{
  "summary": {
    "analyze_sec": "",
    "backend": "python",
    "buses": "",
    "case_name": "case793_goc",
    "case_stem": "pglib_opf_case793_goc",
    "compute": "fp64",
    "dump_case_name": "",
    "elapsed_sec": 0.021887440234422684,
    "final_mismatch": 5.425149218751812e-10,
    "implementation": "pypower",
    "iterations": 4,
    "jacobian": "pypower",
    "max_abs_v_delta_from_v0": "",
    "measurement_mode": "operators",
    "newtonpf.init_index.avg_sec": 1.1960044503211975e-05,
    "newtonpf.init_index.count": 1,
    "newtonpf.init_index.total_sec": 1.1960044503211975e-05,
    "newtonpf.jacobian.avg_sec": 0.0027535795234143734,
    "newtonpf.jacobian.count": 4,
    "newtonpf.jacobian.total_sec": 0.011014318093657494,
    "newtonpf.mismatch.avg_sec": 4.9052760004997253e-05,
    "newtonpf.mismatch.count": 5,
    "newtonpf.mismatch.total_sec": 0.00024526380002498627,
    "newtonpf.solve.avg_sec": 0.0018693464808166027,
    "newtonpf.solve.count": 4,
    "newtonpf.solve.total_sec": 0.007477385923266411,
    "newtonpf.update_voltage.avg_sec": 5.1948241889476776e-05,
    "newtonpf.update_voltage.count": 4,
    "newtonpf.update_voltage.total_sec": 0.0002077929675579071,
    "pq": "",
    "profile": "pypower",
    "pv": "",
    "repeat_idx": 9,
    "runpf.build_Sbus.avg_sec": 0.00012611225247383118,
    "runpf.build_Sbus.count": 1,
    "runpf.build_Sbus.total_sec": 0.00012611225247383118,
    "runpf.build_Ybus.avg_sec": 0.0015977825969457626,
    "runpf.build_Ybus.count": 1,
    "runpf.build_Ybus.total_sec": 0.0015977825969457626,
    "runpf.bus_indexing.avg_sec": 0.0009759031236171722,
    "runpf.bus_indexing.count": 1,
    "runpf.bus_indexing.total_sec": 0.0009759031236171722,
    "runpf.load_case_data.avg_sec": 0.0003031790256500244,
    "runpf.load_case_data.count": 1,
    "runpf.load_case_data.total_sec": 0.0003031790256500244,
    "runpf.newtonpf.avg_sec": 0.019027255475521088,
    "runpf.newtonpf.count": 1,
    "runpf.newtonpf.total_sec": 0.019027255475521088,
    "solve_sec": 0.019027255475521088,
    "source_profile": "pypower",
    "success": true
  },
  "timing_entries": [
    {
      "elapsed_sec": 0.0003031790256500244,
      "iter_idx": 0,
      "op_name": "load_case_data",
      "tag": "runpf"
    },
    {
      "elapsed_sec": 0.0009759031236171722,
      "iter_idx": 0,
      "op_name": "bus_indexing",
      "tag": "runpf"
    },
    {
      "elapsed_sec": 0.0015977825969457626,
      "iter_idx": 0,
      "op_name": "build_Ybus",
      "tag": "runpf"
    },
    {
      "elapsed_sec": 0.00012611225247383118,
      "iter_idx": 0,
      "op_name": "build_Sbus",
      "tag": "runpf"
    },
    {
      "elapsed_sec": 1.1960044503211975e-05,
      "iter_idx": 0,
      "op_name": "init_index",
      "tag": "newtonpf"
    },
    {
      "elapsed_sec": 4.04994934797287e-05,
      "iter_idx": 0,
      "op_name": "mismatch",
      "tag": "newtonpf"
    },
    {
      "elapsed_sec": 0.00269484706223011,
      "iter_idx": 1,
      "op_name": "jacobian",
      "tag": "newtonpf"
    },
    {
      "elapsed_sec": 0.0019033551216125488,
      "iter_idx": 1,
      "op_name": "solve",
      "tag": "newtonpf"
    },
    {
      "elapsed_sec": 5.2539631724357605e-05,
      "iter_idx": 1,
      "op_name": "update_voltage",
      "tag": "newtonpf"
    },
    {
      "elapsed_sec": 5.201064050197601e-05,
      "iter_idx": 1,
      "op_name": "mismatch",
      "tag": "newtonpf"
    },
    {
      "elapsed_sec": 0.0028038546442985535,
      "iter_idx": 2,
      "op_name": "jacobian",
      "tag": "newtonpf"
    },
    {
      "elapsed_sec": 0.0018775947391986847,
      "iter_idx": 2,
      "op_name": "solve",
      "tag": "newtonpf"
    },
    {
      "elapsed_sec": 5.195103585720062e-05,
      "iter_idx": 2,
      "op_name": "update_voltage",
      "tag": "newtonpf"
    },
    {
      "elapsed_sec": 5.097128450870514e-05,
      "iter_idx": 2,
      "op_name": "mismatch",
      "tag": "newtonpf"
    },
    {
      "elapsed_sec": 0.002757502719759941,
      "iter_idx": 3,
      "op_name": "jacobian",
      "tag": "newtonpf"
    },
    {
      "elapsed_sec": 0.0018616840243339539,
      "iter_idx": 3,
      "op_name": "solve",
      "tag": "newtonpf"
    },
    {
      "elapsed_sec": 5.162134766578674e-05,
      "iter_idx": 3,
      "op_name": "update_voltage",
      "tag": "newtonpf"
    },
    {
      "elapsed_sec": 5.04516065120697e-05,
      "iter_idx": 3,
      "op_name": "mismatch",
      "tag": "newtonpf"
    },
    {
      "elapsed_sec": 0.002758113667368889,
      "iter_idx": 4,
      "op_name": "jacobian",
      "tag": "newtonpf"
    },
    {
      "elapsed_sec": 0.0018347520381212234,
      "iter_idx": 4,
      "op_name": "solve",
      "tag": "newtonpf"
    },
    {
      "elapsed_sec": 5.1680952310562134e-05,
      "iter_idx": 4,
      "op_name": "update_voltage",
      "tag": "newtonpf"
    },
    {
      "elapsed_sec": 5.1330775022506714e-05,
      "iter_idx": 4,
      "op_name": "mismatch",
      "tag": "newtonpf"
    },
    {
      "elapsed_sec": 0.019027255475521088,
      "iter_idx": 0,
      "op_name": "newtonpf",
      "tag": "runpf"
    }
  ]
}
