{
  "summary": {
    "analyze_sec": "",
    "backend": "python",
    "buses": "",
    "case_name": "case793_goc",
    "case_stem": "pglib_opf_case793_goc",
    "compute": "fp64",
    "dump_case_name": "",
    "elapsed_sec": 0.021992599591612816,
    "final_mismatch": 5.425149218751812e-10,
    "implementation": "pypower",
    "iterations": 4,
    "jacobian": "pypower",
    "max_abs_v_delta_from_v0": "",
    "measurement_mode": "operators",
    "newtonpf.init_index.avg_sec": 1.1740252375602722e-05,
    "newtonpf.init_index.count": 1,
    "newtonpf.init_index.total_sec": 1.1740252375602722e-05,
    "newtonpf.jacobian.avg_sec": 0.0027639581821858883,
    "newtonpf.jacobian.count": 4,
    "newtonpf.jacobian.total_sec": 0.011055832728743553,
    "newtonpf.mismatch.avg_sec": 5.180984735488892e-05,
    "newtonpf.mismatch.count": 5,
    "newtonpf.mismatch.total_sec": 0.0002590492367744446,
    "newtonpf.solve.avg_sec": 0.0018776333890855312,
    "newtonpf.solve.count": 4,
    "newtonpf.solve.total_sec": 0.007510533556342125,
    "newtonpf.update_voltage.avg_sec": 5.182018503546715e-05,
    "newtonpf.update_voltage.count": 4,
    "newtonpf.update_voltage.total_sec": 0.0002072807401418686,
    "pq": "",
    "profile": "pypower",
    "pv": "",
    "repeat_idx": 6,
    "runpf.build_Sbus.avg_sec": 0.00013579986989498138,
    "runpf.build_Sbus.count": 1,
    "runpf.build_Sbus.total_sec": 0.00013579986989498138,
    "runpf.build_Ybus.avg_sec": 0.0016004852950572968,
    "runpf.build_Ybus.count": 1,
    "runpf.build_Ybus.total_sec": 0.0016004852950572968,
    "runpf.bus_indexing.avg_sec": 0.0009793005883693695,
    "runpf.bus_indexing.count": 1,
    "runpf.bus_indexing.total_sec": 0.0009793005883693695,
    "runpf.load_case_data.avg_sec": 0.0003025885671377182,
    "runpf.load_case_data.count": 1,
    "runpf.load_case_data.total_sec": 0.0003025885671377182,
    "runpf.newtonpf.avg_sec": 0.019114486873149872,
    "runpf.newtonpf.count": 1,
    "runpf.newtonpf.total_sec": 0.019114486873149872,
    "solve_sec": 0.019114486873149872,
    "source_profile": "pypower",
    "success": true
  },
  "timing_entries": [
    {
      "elapsed_sec": 0.0003025885671377182,
      "iter_idx": 0,
      "op_name": "load_case_data",
      "tag": "runpf"
    },
    {
      "elapsed_sec": 0.0009793005883693695,
      "iter_idx": 0,
      "op_name": "bus_indexing",
      "tag": "runpf"
    },
    {
      "elapsed_sec": 0.0016004852950572968,
      "iter_idx": 0,
      "op_name": "build_Ybus",
      "tag": "runpf"
    },
    {
      "elapsed_sec": 0.00013579986989498138,
      "iter_idx": 0,
      "op_name": "build_Sbus",
      "tag": "runpf"
    },
    {
      "elapsed_sec": 1.1740252375602722e-05,
      "iter_idx": 0,
      "op_name": "init_index",
      "tag": "newtonpf"
    },
    {
      "elapsed_sec": 5.566701292991638e-05,
      "iter_idx": 0,
      "op_name": "mismatch",
      "tag": "newtonpf"
    },
    {
      "elapsed_sec": 0.0027122292667627335,
      "iter_idx": 1,
      "op_name": "jacobian",
      "tag": "newtonpf"
    },
    {
      "elapsed_sec": 0.0019243042916059494,
      "iter_idx": 1,
      "op_name": "solve",
      "tag": "newtonpf"
    },
    {
      "elapsed_sec": 5.229935050010681e-05,
      "iter_idx": 1,
      "op_name": "update_voltage",
      "tag": "newtonpf"
    },
    {
      "elapsed_sec": 5.17088919878006e-05,
      "iter_idx": 1,
      "op_name": "mismatch",
      "tag": "newtonpf"
    },
    {
      "elapsed_sec": 0.002794865518808365,
      "iter_idx": 2,
      "op_name": "jacobian",
      "tag": "newtonpf"
    },
    {
      "elapsed_sec": 0.0018870849162340164,
      "iter_idx": 2,
      "op_name": "solve",
      "tag": "newtonpf"
    },
    {
      "elapsed_sec": 5.177222192287445e-05,
      "iter_idx": 2,
      "op_name": "update_voltage",
      "tag": "newtonpf"
    },
    {
      "elapsed_sec": 5.083344876766205e-05,
      "iter_idx": 2,
      "op_name": "mismatch",
      "tag": "newtonpf"
    },
    {
      "elapsed_sec": 0.002794753760099411,
      "iter_idx": 3,
      "op_name": "jacobian",
      "tag": "newtonpf"
    },
    {
      "elapsed_sec": 0.0018376819789409637,
      "iter_idx": 3,
      "op_name": "solve",
      "tag": "newtonpf"
    },
    {
      "elapsed_sec": 5.158036947250366e-05,
      "iter_idx": 3,
      "op_name": "update_voltage",
      "tag": "newtonpf"
    },
    {
      "elapsed_sec": 5.0419941544532776e-05,
      "iter_idx": 3,
      "op_name": "mismatch",
      "tag": "newtonpf"
    },
    {
      "elapsed_sec": 0.002753984183073044,
      "iter_idx": 4,
      "op_name": "jacobian",
      "tag": "newtonpf"
    },
    {
      "elapsed_sec": 0.0018614623695611954,
      "iter_idx": 4,
      "op_name": "solve",
      "tag": "newtonpf"
    },
    {
      "elapsed_sec": 5.162879824638367e-05,
      "iter_idx": 4,
      "op_name": "update_voltage",
      "tag": "newtonpf"
    },
    {
      "elapsed_sec": 5.0419941544532776e-05,
      "iter_idx": 4,
      "op_name": "mismatch",
      "tag": "newtonpf"
    },
    {
      "elapsed_sec": 0.019114486873149872,
      "iter_idx": 0,
      "op_name": "newtonpf",
      "tag": "runpf"
    }
  ]
}
