{
  "summary": {
    "analyze_sec": "",
    "backend": "python",
    "buses": "",
    "case_name": "case793_goc",
    "case_stem": "pglib_opf_case793_goc",
    "compute": "fp64",
    "dump_case_name": "",
    "elapsed_sec": 0.02184801921248436,
    "final_mismatch": 5.425149218751812e-10,
    "implementation": "pypower",
    "iterations": 4,
    "jacobian": "pypower",
    "max_abs_v_delta_from_v0": "",
    "measurement_mode": "operators",
    "newtonpf.init_index.avg_sec": 1.1898577213287354e-05,
    "newtonpf.init_index.count": 1,
    "newtonpf.init_index.total_sec": 1.1898577213287354e-05,
    "newtonpf.jacobian.avg_sec": 0.0027496423572301865,
    "newtonpf.jacobian.count": 4,
    "newtonpf.jacobian.total_sec": 0.010998569428920746,
    "newtonpf.mismatch.avg_sec": 4.798583686351776e-05,
    "newtonpf.mismatch.count": 5,
    "newtonpf.mismatch.total_sec": 0.0002399291843175888,
    "newtonpf.solve.avg_sec": 0.001867450773715973,
    "newtonpf.solve.count": 4,
    "newtonpf.solve.total_sec": 0.007469803094863892,
    "newtonpf.update_voltage.avg_sec": 5.2045099437236786e-05,
    "newtonpf.update_voltage.count": 4,
    "newtonpf.update_voltage.total_sec": 0.00020818039774894714,
    "pq": "",
    "profile": "pypower",
    "pv": "",
    "repeat_idx": 4,
    "runpf.build_Sbus.avg_sec": 0.0001328587532043457,
    "runpf.build_Sbus.count": 1,
    "runpf.build_Sbus.total_sec": 0.0001328587532043457,
    "runpf.build_Ybus.avg_sec": 0.0015733633190393448,
    "runpf.build_Ybus.count": 1,
    "runpf.build_Ybus.total_sec": 0.0015733633190393448,
    "runpf.bus_indexing.avg_sec": 0.0009744726121425629,
    "runpf.bus_indexing.count": 1,
    "runpf.bus_indexing.total_sec": 0.0009744726121425629,
    "runpf.load_case_data.avg_sec": 0.00030304864048957825,
    "runpf.load_case_data.count": 1,
    "runpf.load_case_data.total_sec": 0.00030304864048957825,
    "runpf.newtonpf.avg_sec": 0.01900123618543148,
    "runpf.newtonpf.count": 1,
    "runpf.newtonpf.total_sec": 0.01900123618543148,
    "solve_sec": 0.01900123618543148,
    "source_profile": "pypower",
    "success": true
  },
  "timing_entries": [
    {
      "elapsed_sec": 0.00030304864048957825,
      "iter_idx": 0,
      "op_name": "load_case_data",
      "tag": "runpf"
    },
    {
      "elapsed_sec": 0.0009744726121425629,
      "iter_idx": 0,
      "op_name": "bus_indexing",
      "tag": "runpf"
    },
    {
      "elapsed_sec": 0.0015733633190393448,
      "iter_idx": 0,
      "op_name": "build_Ybus",
      "tag": "runpf"
    },
    {
      "elapsed_sec": 0.0001328587532043457,
      "iter_idx": 0,
      "op_name": "build_Sbus",
      "tag": "runpf"
    },
    {
      "elapsed_sec": 1.1898577213287354e-05,
      "iter_idx": 0,
      "op_name": "init_index",
      "tag": "newtonpf"
    },
    {
      "elapsed_sec": 3.984011709690094e-05,
      "iter_idx": 0,
      "op_name": "mismatch",
      "tag": "newtonpf"
    },
    {
      "elapsed_sec": 0.0027103163301944733,
      "iter_idx": 1,
      "op_name": "jacobian",
      "tag": "newtonpf"
    },
    {
      "elapsed_sec": 0.0018873140215873718,
      "iter_idx": 1,
      "op_name": "solve",
      "tag": "newtonpf"
    },
    {
      "elapsed_sec": 5.2170827984809875e-05,
      "iter_idx": 1,
      "op_name": "update_voltage",
      "tag": "newtonpf"
    },
    {
      "elapsed_sec": 4.995986819267273e-05,
      "iter_idx": 1,
      "op_name": "mismatch",
      "tag": "newtonpf"
    },
    {
      "elapsed_sec": 0.0027876347303390503,
      "iter_idx": 2,
      "op_name": "jacobian",
      "tag": "newtonpf"
    },
    {
      "elapsed_sec": 0.0018868427723646164,
      "iter_idx": 2,
      "op_name": "solve",
      "tag": "newtonpf"
    },
    {
      "elapsed_sec": 5.227886140346527e-05,
      "iter_idx": 2,
      "op_name": "update_voltage",
      "tag": "newtonpf"
    },
    {
      "elapsed_sec": 5.044974386692047e-05,
      "iter_idx": 2,
      "op_name": "mismatch",
      "tag": "newtonpf"
    },
    {
      "elapsed_sec": 0.0027564652264118195,
      "iter_idx": 3,
      "op_name": "jacobian",
      "tag": "newtonpf"
    },
    {
      "elapsed_sec": 0.001843564212322235,
      "iter_idx": 3,
      "op_name": "solve",
      "tag": "newtonpf"
    },
    {
      "elapsed_sec": 5.197152495384216e-05,
      "iter_idx": 3,
      "op_name": "update_voltage",
      "tag": "newtonpf"
    },
    {
      "elapsed_sec": 4.999898374080658e-05,
      "iter_idx": 3,
      "op_name": "mismatch",
      "tag": "newtonpf"
    },
    {
      "elapsed_sec": 0.002744153141975403,
      "iter_idx": 4,
      "op_name": "jacobian",
      "tag": "newtonpf"
    },
    {
      "elapsed_sec": 0.0018520820885896683,
      "iter_idx": 4,
      "op_name": "solve",
      "tag": "newtonpf"
    },
    {
      "elapsed_sec": 5.1759183406829834e-05,
      "iter_idx": 4,
      "op_name": "update_voltage",
      "tag": "newtonpf"
    },
    {
      "elapsed_sec": 4.9680471420288086e-05,
      "iter_idx": 4,
      "op_name": "mismatch",
      "tag": "newtonpf"
    },
    {
      "elapsed_sec": 0.01900123618543148,
      "iter_idx": 0,
      "op_name": "newtonpf",
      "tag": "runpf"
    }
  ]
}
