{
  "summary": {
    "analyze_sec": "",
    "backend": "python",
    "buses": "",
    "case_name": "case793_goc",
    "case_stem": "pglib_opf_case793_goc",
    "compute": "fp64",
    "dump_case_name": "",
    "elapsed_sec": 0.021911609917879105,
    "final_mismatch": 5.425149218751812e-10,
    "implementation": "pypower",
    "iterations": 4,
    "jacobian": "pypower",
    "max_abs_v_delta_from_v0": "",
    "measurement_mode": "operators",
    "newtonpf.init_index.avg_sec": 1.1978670954704285e-05,
    "newtonpf.init_index.count": 1,
    "newtonpf.init_index.total_sec": 1.1978670954704285e-05,
    "newtonpf.jacobian.avg_sec": 0.0027608880773186684,
    "newtonpf.jacobian.count": 4,
    "newtonpf.jacobian.total_sec": 0.011043552309274673,
    "newtonpf.mismatch.avg_sec": 4.884712398052215e-05,
    "newtonpf.mismatch.count": 5,
    "newtonpf.mismatch.total_sec": 0.0002442356199026108,
    "newtonpf.solve.avg_sec": 0.0018657306209206581,
    "newtonpf.solve.count": 4,
    "newtonpf.solve.total_sec": 0.0074629224836826324,
    "newtonpf.update_voltage.avg_sec": 5.195755511522293e-05,
    "newtonpf.update_voltage.count": 4,
    "newtonpf.update_voltage.total_sec": 0.00020783022046089172,
    "pq": "",
    "profile": "pypower",
    "pv": "",
    "repeat_idx": 8,
    "runpf.build_Sbus.avg_sec": 0.00012447871267795563,
    "runpf.build_Sbus.count": 1,
    "runpf.build_Sbus.total_sec": 0.00012447871267795563,
    "runpf.build_Ybus.avg_sec": 0.001597043126821518,
    "runpf.build_Ybus.count": 1,
    "runpf.build_Ybus.total_sec": 0.001597043126821518,
    "runpf.bus_indexing.avg_sec": 0.0009734127670526505,
    "runpf.bus_indexing.count": 1,
    "runpf.bus_indexing.total_sec": 0.0009734127670526505,
    "runpf.load_case_data.avg_sec": 0.00030489079654216766,
    "runpf.load_case_data.count": 1,
    "runpf.load_case_data.total_sec": 0.00030489079654216766,
    "runpf.newtonpf.avg_sec": 0.01904013380408287,
    "runpf.newtonpf.count": 1,
    "runpf.newtonpf.total_sec": 0.01904013380408287,
    "solve_sec": 0.01904013380408287,
    "source_profile": "pypower",
    "success": true
  },
  "timing_entries": [
    {
      "elapsed_sec": 0.00030489079654216766,
      "iter_idx": 0,
      "op_name": "load_case_data",
      "tag": "runpf"
    },
    {
      "elapsed_sec": 0.0009734127670526505,
      "iter_idx": 0,
      "op_name": "bus_indexing",
      "tag": "runpf"
    },
    {
      "elapsed_sec": 0.001597043126821518,
      "iter_idx": 0,
      "op_name": "build_Ybus",
      "tag": "runpf"
    },
    {
      "elapsed_sec": 0.00012447871267795563,
      "iter_idx": 0,
      "op_name": "build_Sbus",
      "tag": "runpf"
    },
    {
      "elapsed_sec": 1.1978670954704285e-05,
      "iter_idx": 0,
      "op_name": "init_index",
      "tag": "newtonpf"
    },
    {
      "elapsed_sec": 3.9950013160705566e-05,
      "iter_idx": 0,
      "op_name": "mismatch",
      "tag": "newtonpf"
    },
    {
      "elapsed_sec": 0.0027082953602075577,
      "iter_idx": 1,
      "op_name": "jacobian",
      "tag": "newtonpf"
    },
    {
      "elapsed_sec": 0.001890074461698532,
      "iter_idx": 1,
      "op_name": "solve",
      "tag": "newtonpf"
    },
    {
      "elapsed_sec": 5.2498653531074524e-05,
      "iter_idx": 1,
      "op_name": "update_voltage",
      "tag": "newtonpf"
    },
    {
      "elapsed_sec": 5.2308663725852966e-05,
      "iter_idx": 1,
      "op_name": "mismatch",
      "tag": "newtonpf"
    },
    {
      "elapsed_sec": 0.0027994364500045776,
      "iter_idx": 2,
      "op_name": "jacobian",
      "tag": "newtonpf"
    },
    {
      "elapsed_sec": 0.0018845032900571823,
      "iter_idx": 2,
      "op_name": "solve",
      "tag": "newtonpf"
    },
    {
      "elapsed_sec": 5.1859766244888306e-05,
      "iter_idx": 2,
      "op_name": "update_voltage",
      "tag": "newtonpf"
    },
    {
      "elapsed_sec": 5.0807371735572815e-05,
      "iter_idx": 2,
      "op_name": "mismatch",
      "tag": "newtonpf"
    },
    {
      "elapsed_sec": 0.002764495089650154,
      "iter_idx": 3,
      "op_name": "jacobian",
      "tag": "newtonpf"
    },
    {
      "elapsed_sec": 0.0018554124981164932,
      "iter_idx": 3,
      "op_name": "solve",
      "tag": "newtonpf"
    },
    {
      "elapsed_sec": 5.181320011615753e-05,
      "iter_idx": 3,
      "op_name": "update_voltage",
      "tag": "newtonpf"
    },
    {
      "elapsed_sec": 5.001947283744812e-05,
      "iter_idx": 3,
      "op_name": "mismatch",
      "tag": "newtonpf"
    },
    {
      "elapsed_sec": 0.002771325409412384,
      "iter_idx": 4,
      "op_name": "jacobian",
      "tag": "newtonpf"
    },
    {
      "elapsed_sec": 0.0018329322338104248,
      "iter_idx": 4,
      "op_name": "solve",
      "tag": "newtonpf"
    },
    {
      "elapsed_sec": 5.165860056877136e-05,
      "iter_idx": 4,
      "op_name": "update_voltage",
      "tag": "newtonpf"
    },
    {
      "elapsed_sec": 5.115009844303131e-05,
      "iter_idx": 4,
      "op_name": "mismatch",
      "tag": "newtonpf"
    },
    {
      "elapsed_sec": 0.01904013380408287,
      "iter_idx": 0,
      "op_name": "newtonpf",
      "tag": "runpf"
    }
  ]
}
