{
  "summary": {
    "analyze_sec": "",
    "backend": "python",
    "buses": "",
    "case_name": "case793_goc",
    "case_stem": "pglib_opf_case793_goc",
    "compute": "fp64",
    "dump_case_name": "",
    "elapsed_sec": 0.02223001979291439,
    "final_mismatch": 5.425149218751812e-10,
    "implementation": "pypower",
    "iterations": 4,
    "jacobian": "pypower",
    "max_abs_v_delta_from_v0": "",
    "measurement_mode": "operators",
    "newtonpf.init_index.avg_sec": 1.2138858437538147e-05,
    "newtonpf.init_index.count": 1,
    "newtonpf.init_index.total_sec": 1.2138858437538147e-05,
    "newtonpf.jacobian.avg_sec": 0.0028070425614714622,
    "newtonpf.jacobian.count": 4,
    "newtonpf.jacobian.total_sec": 0.011228170245885849,
    "newtonpf.mismatch.avg_sec": 4.838444292545319e-05,
    "newtonpf.mismatch.count": 5,
    "newtonpf.mismatch.total_sec": 0.00024192221462726593,
    "newtonpf.solve.avg_sec": 0.0019045304507017136,
    "newtonpf.solve.count": 4,
    "newtonpf.solve.total_sec": 0.007618121802806854,
    "newtonpf.update_voltage.avg_sec": 5.1977112889289856e-05,
    "newtonpf.update_voltage.count": 4,
    "newtonpf.update_voltage.total_sec": 0.00020790845155715942,
    "pq": "",
    "profile": "pypower",
    "pv": "",
    "repeat_idx": 2,
    "runpf.build_Sbus.avg_sec": 0.00012636929750442505,
    "runpf.build_Sbus.count": 1,
    "runpf.build_Sbus.total_sec": 0.00012636929750442505,
    "runpf.build_Ybus.avg_sec": 0.0015807431191205978,
    "runpf.build_Ybus.count": 1,
    "runpf.build_Ybus.total_sec": 0.0015807431191205978,
    "runpf.bus_indexing.avg_sec": 0.000977352261543274,
    "runpf.bus_indexing.count": 1,
    "runpf.bus_indexing.total_sec": 0.000977352261543274,
    "runpf.load_case_data.avg_sec": 0.00030091963708400726,
    "runpf.load_case_data.count": 1,
    "runpf.load_case_data.total_sec": 0.00030091963708400726,
    "runpf.newtonpf.avg_sec": 0.01937769539654255,
    "runpf.newtonpf.count": 1,
    "runpf.newtonpf.total_sec": 0.01937769539654255,
    "solve_sec": 0.01937769539654255,
    "source_profile": "pypower",
    "success": true
  },
  "timing_entries": [
    {
      "elapsed_sec": 0.00030091963708400726,
      "iter_idx": 0,
      "op_name": "load_case_data",
      "tag": "runpf"
    },
    {
      "elapsed_sec": 0.000977352261543274,
      "iter_idx": 0,
      "op_name": "bus_indexing",
      "tag": "runpf"
    },
    {
      "elapsed_sec": 0.0015807431191205978,
      "iter_idx": 0,
      "op_name": "build_Ybus",
      "tag": "runpf"
    },
    {
      "elapsed_sec": 0.00012636929750442505,
      "iter_idx": 0,
      "op_name": "build_Sbus",
      "tag": "runpf"
    },
    {
      "elapsed_sec": 1.2138858437538147e-05,
      "iter_idx": 0,
      "op_name": "init_index",
      "tag": "newtonpf"
    },
    {
      "elapsed_sec": 4.005059599876404e-05,
      "iter_idx": 0,
      "op_name": "mismatch",
      "tag": "newtonpf"
    },
    {
      "elapsed_sec": 0.00271027535200119,
      "iter_idx": 1,
      "op_name": "jacobian",
      "tag": "newtonpf"
    },
    {
      "elapsed_sec": 0.0020486246794462204,
      "iter_idx": 1,
      "op_name": "solve",
      "tag": "newtonpf"
    },
    {
      "elapsed_sec": 5.2601099014282227e-05,
      "iter_idx": 1,
      "op_name": "update_voltage",
      "tag": "newtonpf"
    },
    {
      "elapsed_sec": 5.090795457363129e-05,
      "iter_idx": 1,
      "op_name": "mismatch",
      "tag": "newtonpf"
    },
    {
      "elapsed_sec": 0.002999763935804367,
      "iter_idx": 2,
      "op_name": "jacobian",
      "tag": "newtonpf"
    },
    {
      "elapsed_sec": 0.0018898118287324905,
      "iter_idx": 2,
      "op_name": "solve",
      "tag": "newtonpf"
    },
    {
      "elapsed_sec": 5.176849663257599e-05,
      "iter_idx": 2,
      "op_name": "update_voltage",
      "tag": "newtonpf"
    },
    {
      "elapsed_sec": 5.051121115684509e-05,
      "iter_idx": 2,
      "op_name": "mismatch",
      "tag": "newtonpf"
    },
    {
      "elapsed_sec": 0.002778194844722748,
      "iter_idx": 3,
      "op_name": "jacobian",
      "tag": "newtonpf"
    },
    {
      "elapsed_sec": 0.0018355343490839005,
      "iter_idx": 3,
      "op_name": "solve",
      "tag": "newtonpf"
    },
    {
      "elapsed_sec": 5.196034908294678e-05,
      "iter_idx": 3,
      "op_name": "update_voltage",
      "tag": "newtonpf"
    },
    {
      "elapsed_sec": 5.0440430641174316e-05,
      "iter_idx": 3,
      "op_name": "mismatch",
      "tag": "newtonpf"
    },
    {
      "elapsed_sec": 0.002739936113357544,
      "iter_idx": 4,
      "op_name": "jacobian",
      "tag": "newtonpf"
    },
    {
      "elapsed_sec": 0.0018441509455442429,
      "iter_idx": 4,
      "op_name": "solve",
      "tag": "newtonpf"
    },
    {
      "elapsed_sec": 5.157850682735443e-05,
      "iter_idx": 4,
      "op_name": "update_voltage",
      "tag": "newtonpf"
    },
    {
      "elapsed_sec": 5.0012022256851196e-05,
      "iter_idx": 4,
      "op_name": "mismatch",
      "tag": "newtonpf"
    },
    {
      "elapsed_sec": 0.01937769539654255,
      "iter_idx": 0,
      "op_name": "newtonpf",
      "tag": "runpf"
    }
  ]
}
