{
  "summary": {
    "analyze_sec": "",
    "backend": "python",
    "buses": "",
    "case_name": "case793_goc",
    "case_stem": "pglib_opf_case793_goc",
    "compute": "fp64",
    "dump_case_name": "",
    "elapsed_sec": 0.021966520696878433,
    "final_mismatch": 5.425149218751812e-10,
    "implementation": "pypower",
    "iterations": 4,
    "jacobian": "pypower",
    "max_abs_v_delta_from_v0": "",
    "measurement_mode": "operators",
    "newtonpf.init_index.avg_sec": 1.1879950761795044e-05,
    "newtonpf.init_index.count": 1,
    "newtonpf.init_index.total_sec": 1.1879950761795044e-05,
    "newtonpf.jacobian.avg_sec": 0.002776544541120529,
    "newtonpf.jacobian.count": 4,
    "newtonpf.jacobian.total_sec": 0.011106178164482117,
    "newtonpf.mismatch.avg_sec": 4.8480182886123655e-05,
    "newtonpf.mismatch.count": 5,
    "newtonpf.mismatch.total_sec": 0.00024240091443061829,
    "newtonpf.solve.avg_sec": 0.0018631340935826302,
    "newtonpf.solve.count": 4,
    "newtonpf.solve.total_sec": 0.007452536374330521,
    "newtonpf.update_voltage.avg_sec": 5.1691196858882904e-05,
    "newtonpf.update_voltage.count": 4,
    "newtonpf.update_voltage.total_sec": 0.00020676478743553162,
    "pq": "",
    "profile": "pypower",
    "pv": "",
    "repeat_idx": 7,
    "runpf.build_Sbus.avg_sec": 0.00012817047536373138,
    "runpf.build_Sbus.count": 1,
    "runpf.build_Sbus.total_sec": 0.00012817047536373138,
    "runpf.build_Ybus.avg_sec": 0.0016026422381401062,
    "runpf.build_Ybus.count": 1,
    "runpf.build_Ybus.total_sec": 0.0016026422381401062,
    "runpf.bus_indexing.avg_sec": 0.0009703096002340317,
    "runpf.bus_indexing.count": 1,
    "runpf.bus_indexing.total_sec": 0.0009703096002340317,
    "runpf.load_case_data.avg_sec": 0.0003011692315340042,
    "runpf.load_case_data.count": 1,
    "runpf.load_case_data.total_sec": 0.0003011692315340042,
    "runpf.newtonpf.avg_sec": 0.01909034512937069,
    "runpf.newtonpf.count": 1,
    "runpf.newtonpf.total_sec": 0.01909034512937069,
    "solve_sec": 0.01909034512937069,
    "source_profile": "pypower",
    "success": true
  },
  "timing_entries": [
    {
      "elapsed_sec": 0.0003011692315340042,
      "iter_idx": 0,
      "op_name": "load_case_data",
      "tag": "runpf"
    },
    {
      "elapsed_sec": 0.0009703096002340317,
      "iter_idx": 0,
      "op_name": "bus_indexing",
      "tag": "runpf"
    },
    {
      "elapsed_sec": 0.0016026422381401062,
      "iter_idx": 0,
      "op_name": "build_Ybus",
      "tag": "runpf"
    },
    {
      "elapsed_sec": 0.00012817047536373138,
      "iter_idx": 0,
      "op_name": "build_Sbus",
      "tag": "runpf"
    },
    {
      "elapsed_sec": 1.1879950761795044e-05,
      "iter_idx": 0,
      "op_name": "init_index",
      "tag": "newtonpf"
    },
    {
      "elapsed_sec": 4.0162354707717896e-05,
      "iter_idx": 0,
      "op_name": "mismatch",
      "tag": "newtonpf"
    },
    {
      "elapsed_sec": 0.0027168039232492447,
      "iter_idx": 1,
      "op_name": "jacobian",
      "tag": "newtonpf"
    },
    {
      "elapsed_sec": 0.0018947236239910126,
      "iter_idx": 1,
      "op_name": "solve",
      "tag": "newtonpf"
    },
    {
      "elapsed_sec": 5.2127987146377563e-05,
      "iter_idx": 1,
      "op_name": "update_voltage",
      "tag": "newtonpf"
    },
    {
      "elapsed_sec": 5.0688162446022034e-05,
      "iter_idx": 1,
      "op_name": "mismatch",
      "tag": "newtonpf"
    },
    {
      "elapsed_sec": 0.0028123166412115097,
      "iter_idx": 2,
      "op_name": "jacobian",
      "tag": "newtonpf"
    },
    {
      "elapsed_sec": 0.0018846932798624039,
      "iter_idx": 2,
      "op_name": "solve",
      "tag": "newtonpf"
    },
    {
      "elapsed_sec": 5.179084837436676e-05,
      "iter_idx": 2,
      "op_name": "update_voltage",
      "tag": "newtonpf"
    },
    {
      "elapsed_sec": 5.0378963351249695e-05,
      "iter_idx": 2,
      "op_name": "mismatch",
      "tag": "newtonpf"
    },
    {
      "elapsed_sec": 0.0027601346373558044,
      "iter_idx": 3,
      "op_name": "jacobian",
      "tag": "newtonpf"
    },
    {
      "elapsed_sec": 0.0018325243145227432,
      "iter_idx": 3,
      "op_name": "solve",
      "tag": "newtonpf"
    },
    {
      "elapsed_sec": 5.137920379638672e-05,
      "iter_idx": 3,
      "op_name": "update_voltage",
      "tag": "newtonpf"
    },
    {
      "elapsed_sec": 5.066022276878357e-05,
      "iter_idx": 3,
      "op_name": "mismatch",
      "tag": "newtonpf"
    },
    {
      "elapsed_sec": 0.002816922962665558,
      "iter_idx": 4,
      "op_name": "jacobian",
      "tag": "newtonpf"
    },
    {
      "elapsed_sec": 0.001840595155954361,
      "iter_idx": 4,
      "op_name": "solve",
      "tag": "newtonpf"
    },
    {
      "elapsed_sec": 5.1466748118400574e-05,
      "iter_idx": 4,
      "op_name": "update_voltage",
      "tag": "newtonpf"
    },
    {
      "elapsed_sec": 5.051121115684509e-05,
      "iter_idx": 4,
      "op_name": "mismatch",
      "tag": "newtonpf"
    },
    {
      "elapsed_sec": 0.01909034512937069,
      "iter_idx": 0,
      "op_name": "newtonpf",
      "tag": "runpf"
    }
  ]
}
