{
  "summary": {
    "analyze_sec": "",
    "backend": "python",
    "buses": "",
    "case_name": "case8387_pegase",
    "case_stem": "pglib_opf_case8387_pegase",
    "compute": "fp64",
    "dump_case_name": "",
    "elapsed_sec": 0.2414895035326481,
    "final_mismatch": 1.548287886787847e-11,
    "implementation": "pypower",
    "iterations": 6,
    "jacobian": "pypower",
    "max_abs_v_delta_from_v0": "",
    "measurement_mode": "operators",
    "newtonpf.init_index.avg_sec": 1.448020339012146e-05,
    "newtonpf.init_index.count": 1,
    "newtonpf.init_index.total_sec": 1.448020339012146e-05,
    "newtonpf.jacobian.avg_sec": 0.012651756095389525,
    "newtonpf.jacobian.count": 6,
    "newtonpf.jacobian.total_sec": 0.07591053657233715,
    "newtonpf.mismatch.avg_sec": 0.00017743637519223348,
    "newtonpf.mismatch.count": 7,
    "newtonpf.mismatch.total_sec": 0.0012420546263456345,
    "newtonpf.solve.avg_sec": 0.02439154653499524,
    "newtonpf.solve.count": 6,
    "newtonpf.solve.total_sec": 0.14634927920997143,
    "newtonpf.update_voltage.avg_sec": 0.00042761489748954773,
    "newtonpf.update_voltage.count": 6,
    "newtonpf.update_voltage.total_sec": 0.0025656893849372864,
    "pq": "",
    "profile": "pypower",
    "pv": "",
    "repeat_idx": 1,
    "runpf.build_Sbus.avg_sec": 0.0002924986183643341,
    "runpf.build_Sbus.count": 1,
    "runpf.build_Sbus.total_sec": 0.0002924986183643341,
    "runpf.build_Ybus.avg_sec": 0.011309562250971794,
    "runpf.build_Ybus.count": 1,
    "runpf.build_Ybus.total_sec": 0.011309562250971794,
    "runpf.bus_indexing.avg_sec": 0.0033369548618793488,
    "runpf.bus_indexing.count": 1,
    "runpf.bus_indexing.total_sec": 0.0033369548618793488,
    "runpf.load_case_data.avg_sec": 0.0019318237900733948,
    "runpf.load_case_data.count": 1,
    "runpf.load_case_data.total_sec": 0.0019318237900733948,
    "runpf.newtonpf.avg_sec": 0.2262462880462408,
    "runpf.newtonpf.count": 1,
    "runpf.newtonpf.total_sec": 0.2262462880462408,
    "solve_sec": 0.2262462880462408,
    "source_profile": "pypower",
    "success": true
  },
  "timing_entries": [
    {
      "elapsed_sec": 0.0019318237900733948,
      "iter_idx": 0,
      "op_name": "load_case_data",
      "tag": "runpf"
    },
    {
      "elapsed_sec": 0.0033369548618793488,
      "iter_idx": 0,
      "op_name": "bus_indexing",
      "tag": "runpf"
    },
    {
      "elapsed_sec": 0.011309562250971794,
      "iter_idx": 0,
      "op_name": "build_Ybus",
      "tag": "runpf"
    },
    {
      "elapsed_sec": 0.0002924986183643341,
      "iter_idx": 0,
      "op_name": "build_Sbus",
      "tag": "runpf"
    },
    {
      "elapsed_sec": 1.448020339012146e-05,
      "iter_idx": 0,
      "op_name": "init_index",
      "tag": "newtonpf"
    },
    {
      "elapsed_sec": 0.0001711808145046234,
      "iter_idx": 0,
      "op_name": "mismatch",
      "tag": "newtonpf"
    },
    {
      "elapsed_sec": 0.012356331571936607,
      "iter_idx": 1,
      "op_name": "jacobian",
      "tag": "newtonpf"
    },
    {
      "elapsed_sec": 0.02522653341293335,
      "iter_idx": 1,
      "op_name": "solve",
      "tag": "newtonpf"
    },
    {
      "elapsed_sec": 0.0005319211632013321,
      "iter_idx": 1,
      "op_name": "update_voltage",
      "tag": "newtonpf"
    },
    {
      "elapsed_sec": 0.00019629299640655518,
      "iter_idx": 1,
      "op_name": "mismatch",
      "tag": "newtonpf"
    },
    {
      "elapsed_sec": 0.013234352692961693,
      "iter_idx": 2,
      "op_name": "jacobian",
      "tag": "newtonpf"
    },
    {
      "elapsed_sec": 0.024322593584656715,
      "iter_idx": 2,
      "op_name": "solve",
      "tag": "newtonpf"
    },
    {
      "elapsed_sec": 0.0005000811070203781,
      "iter_idx": 2,
      "op_name": "update_voltage",
      "tag": "newtonpf"
    },
    {
      "elapsed_sec": 0.00017625093460083008,
      "iter_idx": 2,
      "op_name": "mismatch",
      "tag": "newtonpf"
    },
    {
      "elapsed_sec": 0.012567313387989998,
      "iter_idx": 3,
      "op_name": "jacobian",
      "tag": "newtonpf"
    },
    {
      "elapsed_sec": 0.02405308187007904,
      "iter_idx": 3,
      "op_name": "solve",
      "tag": "newtonpf"
    },
    {
      "elapsed_sec": 0.0003830529749393463,
      "iter_idx": 3,
      "op_name": "update_voltage",
      "tag": "newtonpf"
    },
    {
      "elapsed_sec": 0.00017512962222099304,
      "iter_idx": 3,
      "op_name": "mismatch",
      "tag": "newtonpf"
    },
    {
      "elapsed_sec": 0.012577131390571594,
      "iter_idx": 4,
      "op_name": "jacobian",
      "tag": "newtonpf"
    },
    {
      "elapsed_sec": 0.02403591386973858,
      "iter_idx": 4,
      "op_name": "solve",
      "tag": "newtonpf"
    },
    {
      "elapsed_sec": 0.0003829915076494217,
      "iter_idx": 4,
      "op_name": "update_voltage",
      "tag": "newtonpf"
    },
    {
      "elapsed_sec": 0.00017184019088745117,
      "iter_idx": 4,
      "op_name": "mismatch",
      "tag": "newtonpf"
    },
    {
      "elapsed_sec": 0.012724703177809715,
      "iter_idx": 5,
      "op_name": "jacobian",
      "tag": "newtonpf"
    },
    {
      "elapsed_sec": 0.02462347410619259,
      "iter_idx": 5,
      "op_name": "solve",
      "tag": "newtonpf"
    },
    {
      "elapsed_sec": 0.00038650259375572205,
      "iter_idx": 5,
      "op_name": "update_voltage",
      "tag": "newtonpf"
    },
    {
      "elapsed_sec": 0.0001792609691619873,
      "iter_idx": 5,
      "op_name": "mismatch",
      "tag": "newtonpf"
    },
    {
      "elapsed_sec": 0.012450704351067543,
      "iter_idx": 6,
      "op_name": "jacobian",
      "tag": "newtonpf"
    },
    {
      "elapsed_sec": 0.024087682366371155,
      "iter_idx": 6,
      "op_name": "solve",
      "tag": "newtonpf"
    },
    {
      "elapsed_sec": 0.0003811400383710861,
      "iter_idx": 6,
      "op_name": "update_voltage",
      "tag": "newtonpf"
    },
    {
      "elapsed_sec": 0.00017209909856319427,
      "iter_idx": 6,
      "op_name": "mismatch",
      "tag": "newtonpf"
    },
    {
      "elapsed_sec": 0.2262462880462408,
      "iter_idx": 0,
      "op_name": "newtonpf",
      "tag": "runpf"
    }
  ]
}
