{
  "summary": {
    "analyze_sec": "",
    "backend": "python",
    "buses": "",
    "case_name": "case8387_pegase",
    "case_stem": "pglib_opf_case8387_pegase",
    "compute": "fp64",
    "dump_case_name": "",
    "elapsed_sec": 0.24101346358656883,
    "final_mismatch": 1.548287886787847e-11,
    "implementation": "pypower",
    "iterations": 6,
    "jacobian": "pypower",
    "max_abs_v_delta_from_v0": "",
    "measurement_mode": "operators",
    "newtonpf.init_index.avg_sec": 1.4368444681167603e-05,
    "newtonpf.init_index.count": 1,
    "newtonpf.init_index.total_sec": 1.4368444681167603e-05,
    "newtonpf.jacobian.avg_sec": 0.012559374794363976,
    "newtonpf.jacobian.count": 6,
    "newtonpf.jacobian.total_sec": 0.07535624876618385,
    "newtonpf.mismatch.avg_sec": 0.0001791002494948251,
    "newtonpf.mismatch.count": 7,
    "newtonpf.mismatch.total_sec": 0.0012537017464637756,
    "newtonpf.solve.avg_sec": 0.024469432110587757,
    "newtonpf.solve.count": 6,
    "newtonpf.solve.total_sec": 0.14681659266352654,
    "newtonpf.update_voltage.avg_sec": 0.00042570879062016803,
    "newtonpf.update_voltage.count": 6,
    "newtonpf.update_voltage.total_sec": 0.0025542527437210083,
    "pq": "",
    "profile": "pypower",
    "pv": "",
    "repeat_idx": 8,
    "runpf.build_Sbus.avg_sec": 0.0002954117953777313,
    "runpf.build_Sbus.count": 1,
    "runpf.build_Sbus.total_sec": 0.0002954117953777313,
    "runpf.build_Ybus.avg_sec": 0.010915728285908699,
    "runpf.build_Ybus.count": 1,
    "runpf.build_Ybus.total_sec": 0.010915728285908699,
    "runpf.bus_indexing.avg_sec": 0.0033804848790168762,
    "runpf.bus_indexing.count": 1,
    "runpf.bus_indexing.total_sec": 0.0033804848790168762,
    "runpf.load_case_data.avg_sec": 0.0015496648848056793,
    "runpf.load_case_data.count": 1,
    "runpf.load_case_data.total_sec": 0.0015496648848056793,
    "runpf.newtonpf.avg_sec": 0.2261593248695135,
    "runpf.newtonpf.count": 1,
    "runpf.newtonpf.total_sec": 0.2261593248695135,
    "solve_sec": 0.2261593248695135,
    "source_profile": "pypower",
    "success": true
  },
  "timing_entries": [
    {
      "elapsed_sec": 0.0015496648848056793,
      "iter_idx": 0,
      "op_name": "load_case_data",
      "tag": "runpf"
    },
    {
      "elapsed_sec": 0.0033804848790168762,
      "iter_idx": 0,
      "op_name": "bus_indexing",
      "tag": "runpf"
    },
    {
      "elapsed_sec": 0.010915728285908699,
      "iter_idx": 0,
      "op_name": "build_Ybus",
      "tag": "runpf"
    },
    {
      "elapsed_sec": 0.0002954117953777313,
      "iter_idx": 0,
      "op_name": "build_Sbus",
      "tag": "runpf"
    },
    {
      "elapsed_sec": 1.4368444681167603e-05,
      "iter_idx": 0,
      "op_name": "init_index",
      "tag": "newtonpf"
    },
    {
      "elapsed_sec": 0.00016096048057079315,
      "iter_idx": 0,
      "op_name": "mismatch",
      "tag": "newtonpf"
    },
    {
      "elapsed_sec": 0.012321503832936287,
      "iter_idx": 1,
      "op_name": "jacobian",
      "tag": "newtonpf"
    },
    {
      "elapsed_sec": 0.024737903848290443,
      "iter_idx": 1,
      "op_name": "solve",
      "tag": "newtonpf"
    },
    {
      "elapsed_sec": 0.0005258899182081223,
      "iter_idx": 1,
      "op_name": "update_voltage",
      "tag": "newtonpf"
    },
    {
      "elapsed_sec": 0.00018709152936935425,
      "iter_idx": 1,
      "op_name": "mismatch",
      "tag": "newtonpf"
    },
    {
      "elapsed_sec": 0.013288863003253937,
      "iter_idx": 2,
      "op_name": "jacobian",
      "tag": "newtonpf"
    },
    {
      "elapsed_sec": 0.024421123787760735,
      "iter_idx": 2,
      "op_name": "solve",
      "tag": "newtonpf"
    },
    {
      "elapsed_sec": 0.0004894714802503586,
      "iter_idx": 2,
      "op_name": "update_voltage",
      "tag": "newtonpf"
    },
    {
      "elapsed_sec": 0.0001800786703824997,
      "iter_idx": 2,
      "op_name": "mismatch",
      "tag": "newtonpf"
    },
    {
      "elapsed_sec": 0.012648703530430794,
      "iter_idx": 3,
      "op_name": "jacobian",
      "tag": "newtonpf"
    },
    {
      "elapsed_sec": 0.024591723456978798,
      "iter_idx": 3,
      "op_name": "solve",
      "tag": "newtonpf"
    },
    {
      "elapsed_sec": 0.0003864709287881851,
      "iter_idx": 3,
      "op_name": "update_voltage",
      "tag": "newtonpf"
    },
    {
      "elapsed_sec": 0.00018207170069217682,
      "iter_idx": 3,
      "op_name": "mismatch",
      "tag": "newtonpf"
    },
    {
      "elapsed_sec": 0.01241266168653965,
      "iter_idx": 4,
      "op_name": "jacobian",
      "tag": "newtonpf"
    },
    {
      "elapsed_sec": 0.02425086311995983,
      "iter_idx": 4,
      "op_name": "solve",
      "tag": "newtonpf"
    },
    {
      "elapsed_sec": 0.0003856588155031204,
      "iter_idx": 4,
      "op_name": "update_voltage",
      "tag": "newtonpf"
    },
    {
      "elapsed_sec": 0.00018429942429065704,
      "iter_idx": 4,
      "op_name": "mismatch",
      "tag": "newtonpf"
    },
    {
      "elapsed_sec": 0.012400584295392036,
      "iter_idx": 5,
      "op_name": "jacobian",
      "tag": "newtonpf"
    },
    {
      "elapsed_sec": 0.024377183988690376,
      "iter_idx": 5,
      "op_name": "solve",
      "tag": "newtonpf"
    },
    {
      "elapsed_sec": 0.0003848318010568619,
      "iter_idx": 5,
      "op_name": "update_voltage",
      "tag": "newtonpf"
    },
    {
      "elapsed_sec": 0.00018029101192951202,
      "iter_idx": 5,
      "op_name": "mismatch",
      "tag": "newtonpf"
    },
    {
      "elapsed_sec": 0.01228393241763115,
      "iter_idx": 6,
      "op_name": "jacobian",
      "tag": "newtonpf"
    },
    {
      "elapsed_sec": 0.02443779446184635,
      "iter_idx": 6,
      "op_name": "solve",
      "tag": "newtonpf"
    },
    {
      "elapsed_sec": 0.00038192979991436005,
      "iter_idx": 6,
      "op_name": "update_voltage",
      "tag": "newtonpf"
    },
    {
      "elapsed_sec": 0.00017890892922878265,
      "iter_idx": 6,
      "op_name": "mismatch",
      "tag": "newtonpf"
    },
    {
      "elapsed_sec": 0.2261593248695135,
      "iter_idx": 0,
      "op_name": "newtonpf",
      "tag": "runpf"
    }
  ]
}
