{
  "summary": {
    "analyze_sec": "",
    "backend": "python",
    "buses": "",
    "case_name": "case8387_pegase",
    "case_stem": "pglib_opf_case8387_pegase",
    "compute": "fp64",
    "dump_case_name": "",
    "elapsed_sec": 0.24202335253357887,
    "final_mismatch": 1.548287886787847e-11,
    "implementation": "pypower",
    "iterations": 6,
    "jacobian": "pypower",
    "max_abs_v_delta_from_v0": "",
    "measurement_mode": "operators",
    "newtonpf.init_index.avg_sec": 1.418963074684143e-05,
    "newtonpf.init_index.count": 1,
    "newtonpf.init_index.total_sec": 1.418963074684143e-05,
    "newtonpf.jacobian.avg_sec": 0.012674747966229916,
    "newtonpf.jacobian.count": 6,
    "newtonpf.jacobian.total_sec": 0.0760484877973795,
    "newtonpf.mismatch.avg_sec": 0.00018217521054404124,
    "newtonpf.mismatch.count": 7,
    "newtonpf.mismatch.total_sec": 0.0012752264738082886,
    "newtonpf.solve.avg_sec": 0.024498835826913517,
    "newtonpf.solve.count": 6,
    "newtonpf.solve.total_sec": 0.1469930149614811,
    "newtonpf.update_voltage.avg_sec": 0.00043107693394025165,
    "newtonpf.update_voltage.count": 6,
    "newtonpf.update_voltage.total_sec": 0.00258646160364151,
    "pq": "",
    "profile": "pypower",
    "pv": "",
    "repeat_idx": 5,
    "runpf.build_Sbus.avg_sec": 0.00029323995113372803,
    "runpf.build_Sbus.count": 1,
    "runpf.build_Sbus.total_sec": 0.00029323995113372803,
    "runpf.build_Ybus.avg_sec": 0.010914059355854988,
    "runpf.build_Ybus.count": 1,
    "runpf.build_Ybus.total_sec": 0.010914059355854988,
    "runpf.bus_indexing.avg_sec": 0.0034334957599639893,
    "runpf.bus_indexing.count": 1,
    "runpf.bus_indexing.total_sec": 0.0034334957599639893,
    "runpf.load_case_data.avg_sec": 0.0013983584940433502,
    "runpf.load_case_data.count": 1,
    "runpf.load_case_data.total_sec": 0.0013983584940433502,
    "runpf.newtonpf.avg_sec": 0.22708643972873688,
    "runpf.newtonpf.count": 1,
    "runpf.newtonpf.total_sec": 0.22708643972873688,
    "solve_sec": 0.22708643972873688,
    "source_profile": "pypower",
    "success": true
  },
  "timing_entries": [
    {
      "elapsed_sec": 0.0013983584940433502,
      "iter_idx": 0,
      "op_name": "load_case_data",
      "tag": "runpf"
    },
    {
      "elapsed_sec": 0.0034334957599639893,
      "iter_idx": 0,
      "op_name": "bus_indexing",
      "tag": "runpf"
    },
    {
      "elapsed_sec": 0.010914059355854988,
      "iter_idx": 0,
      "op_name": "build_Ybus",
      "tag": "runpf"
    },
    {
      "elapsed_sec": 0.00029323995113372803,
      "iter_idx": 0,
      "op_name": "build_Sbus",
      "tag": "runpf"
    },
    {
      "elapsed_sec": 1.418963074684143e-05,
      "iter_idx": 0,
      "op_name": "init_index",
      "tag": "newtonpf"
    },
    {
      "elapsed_sec": 0.00016390345990657806,
      "iter_idx": 0,
      "op_name": "mismatch",
      "tag": "newtonpf"
    },
    {
      "elapsed_sec": 0.01242133229970932,
      "iter_idx": 1,
      "op_name": "jacobian",
      "tag": "newtonpf"
    },
    {
      "elapsed_sec": 0.02487068437039852,
      "iter_idx": 1,
      "op_name": "solve",
      "tag": "newtonpf"
    },
    {
      "elapsed_sec": 0.0005277898162603378,
      "iter_idx": 1,
      "op_name": "update_voltage",
      "tag": "newtonpf"
    },
    {
      "elapsed_sec": 0.00019058026373386383,
      "iter_idx": 1,
      "op_name": "mismatch",
      "tag": "newtonpf"
    },
    {
      "elapsed_sec": 0.013103874400258064,
      "iter_idx": 2,
      "op_name": "jacobian",
      "tag": "newtonpf"
    },
    {
      "elapsed_sec": 0.024616597220301628,
      "iter_idx": 2,
      "op_name": "solve",
      "tag": "newtonpf"
    },
    {
      "elapsed_sec": 0.0004913005977869034,
      "iter_idx": 2,
      "op_name": "update_voltage",
      "tag": "newtonpf"
    },
    {
      "elapsed_sec": 0.0001817215234041214,
      "iter_idx": 2,
      "op_name": "mismatch",
      "tag": "newtonpf"
    },
    {
      "elapsed_sec": 0.012780113145709038,
      "iter_idx": 3,
      "op_name": "jacobian",
      "tag": "newtonpf"
    },
    {
      "elapsed_sec": 0.02435637265443802,
      "iter_idx": 3,
      "op_name": "solve",
      "tag": "newtonpf"
    },
    {
      "elapsed_sec": 0.0003877207636833191,
      "iter_idx": 3,
      "op_name": "update_voltage",
      "tag": "newtonpf"
    },
    {
      "elapsed_sec": 0.0001838821917772293,
      "iter_idx": 3,
      "op_name": "mismatch",
      "tag": "newtonpf"
    },
    {
      "elapsed_sec": 0.012382961809635162,
      "iter_idx": 4,
      "op_name": "jacobian",
      "tag": "newtonpf"
    },
    {
      "elapsed_sec": 0.02428957261145115,
      "iter_idx": 4,
      "op_name": "solve",
      "tag": "newtonpf"
    },
    {
      "elapsed_sec": 0.0003775712102651596,
      "iter_idx": 4,
      "op_name": "update_voltage",
      "tag": "newtonpf"
    },
    {
      "elapsed_sec": 0.00017281994223594666,
      "iter_idx": 4,
      "op_name": "mismatch",
      "tag": "newtonpf"
    },
    {
      "elapsed_sec": 0.012705212458968163,
      "iter_idx": 5,
      "op_name": "jacobian",
      "tag": "newtonpf"
    },
    {
      "elapsed_sec": 0.02445572428405285,
      "iter_idx": 5,
      "op_name": "solve",
      "tag": "newtonpf"
    },
    {
      "elapsed_sec": 0.00040373019874095917,
      "iter_idx": 5,
      "op_name": "update_voltage",
      "tag": "newtonpf"
    },
    {
      "elapsed_sec": 0.00019352883100509644,
      "iter_idx": 5,
      "op_name": "mismatch",
      "tag": "newtonpf"
    },
    {
      "elapsed_sec": 0.012654993683099747,
      "iter_idx": 6,
      "op_name": "jacobian",
      "tag": "newtonpf"
    },
    {
      "elapsed_sec": 0.024404063820838928,
      "iter_idx": 6,
      "op_name": "solve",
      "tag": "newtonpf"
    },
    {
      "elapsed_sec": 0.00039834901690483093,
      "iter_idx": 6,
      "op_name": "update_voltage",
      "tag": "newtonpf"
    },
    {
      "elapsed_sec": 0.00018879026174545288,
      "iter_idx": 6,
      "op_name": "mismatch",
      "tag": "newtonpf"
    },
    {
      "elapsed_sec": 0.22708643972873688,
      "iter_idx": 0,
      "op_name": "newtonpf",
      "tag": "runpf"
    }
  ]
}
