{
  "summary": {
    "analyze_sec": "",
    "backend": "python",
    "buses": "",
    "case_name": "case8387_pegase",
    "case_stem": "pglib_opf_case8387_pegase",
    "compute": "fp64",
    "dump_case_name": "",
    "elapsed_sec": 0.24702751450240612,
    "final_mismatch": 1.548287886787847e-11,
    "implementation": "pypower",
    "iterations": 6,
    "jacobian": "pypower",
    "max_abs_v_delta_from_v0": "",
    "measurement_mode": "operators",
    "newtonpf.init_index.avg_sec": 1.4327466487884521e-05,
    "newtonpf.init_index.count": 1,
    "newtonpf.init_index.total_sec": 1.4327466487884521e-05,
    "newtonpf.jacobian.avg_sec": 0.013513819314539433,
    "newtonpf.jacobian.count": 6,
    "newtonpf.jacobian.total_sec": 0.0810829158872366,
    "newtonpf.mismatch.avg_sec": 0.00018696034593241557,
    "newtonpf.mismatch.count": 7,
    "newtonpf.mismatch.total_sec": 0.0013087224215269089,
    "newtonpf.solve.avg_sec": 0.02436139403531949,
    "newtonpf.solve.count": 6,
    "newtonpf.solve.total_sec": 0.14616836421191692,
    "newtonpf.update_voltage.avg_sec": 0.0004321097706755002,
    "newtonpf.update_voltage.count": 6,
    "newtonpf.update_voltage.total_sec": 0.0025926586240530014,
    "pq": "",
    "profile": "pypower",
    "pv": "",
    "repeat_idx": 0,
    "runpf.build_Sbus.avg_sec": 0.00029761902987957,
    "runpf.build_Sbus.count": 1,
    "runpf.build_Sbus.total_sec": 0.00029761902987957,
    "runpf.build_Ybus.avg_sec": 0.011103089898824692,
    "runpf.build_Ybus.count": 1,
    "runpf.build_Ybus.total_sec": 0.011103089898824692,
    "runpf.bus_indexing.avg_sec": 0.0032728463411331177,
    "runpf.bus_indexing.count": 1,
    "runpf.bus_indexing.total_sec": 0.0032728463411331177,
    "runpf.load_case_data.avg_sec": 0.0015846434980630875,
    "runpf.load_case_data.count": 1,
    "runpf.load_case_data.total_sec": 0.0015846434980630875,
    "runpf.newtonpf.avg_sec": 0.23134774714708328,
    "runpf.newtonpf.count": 1,
    "runpf.newtonpf.total_sec": 0.23134774714708328,
    "solve_sec": 0.23134774714708328,
    "source_profile": "pypower",
    "success": true
  },
  "timing_entries": [
    {
      "elapsed_sec": 0.0015846434980630875,
      "iter_idx": 0,
      "op_name": "load_case_data",
      "tag": "runpf"
    },
    {
      "elapsed_sec": 0.0032728463411331177,
      "iter_idx": 0,
      "op_name": "bus_indexing",
      "tag": "runpf"
    },
    {
      "elapsed_sec": 0.011103089898824692,
      "iter_idx": 0,
      "op_name": "build_Ybus",
      "tag": "runpf"
    },
    {
      "elapsed_sec": 0.00029761902987957,
      "iter_idx": 0,
      "op_name": "build_Sbus",
      "tag": "runpf"
    },
    {
      "elapsed_sec": 1.4327466487884521e-05,
      "iter_idx": 0,
      "op_name": "init_index",
      "tag": "newtonpf"
    },
    {
      "elapsed_sec": 0.0001645796000957489,
      "iter_idx": 0,
      "op_name": "mismatch",
      "tag": "newtonpf"
    },
    {
      "elapsed_sec": 0.017333751544356346,
      "iter_idx": 1,
      "op_name": "jacobian",
      "tag": "newtonpf"
    },
    {
      "elapsed_sec": 0.025260664522647858,
      "iter_idx": 1,
      "op_name": "solve",
      "tag": "newtonpf"
    },
    {
      "elapsed_sec": 0.0005459506064653397,
      "iter_idx": 1,
      "op_name": "update_voltage",
      "tag": "newtonpf"
    },
    {
      "elapsed_sec": 0.00024656951427459717,
      "iter_idx": 1,
      "op_name": "mismatch",
      "tag": "newtonpf"
    },
    {
      "elapsed_sec": 0.01321631483733654,
      "iter_idx": 2,
      "op_name": "jacobian",
      "tag": "newtonpf"
    },
    {
      "elapsed_sec": 0.024655092507600784,
      "iter_idx": 2,
      "op_name": "solve",
      "tag": "newtonpf"
    },
    {
      "elapsed_sec": 0.0005089100450277328,
      "iter_idx": 2,
      "op_name": "update_voltage",
      "tag": "newtonpf"
    },
    {
      "elapsed_sec": 0.00019404292106628418,
      "iter_idx": 2,
      "op_name": "mismatch",
      "tag": "newtonpf"
    },
    {
      "elapsed_sec": 0.012730961665511131,
      "iter_idx": 3,
      "op_name": "jacobian",
      "tag": "newtonpf"
    },
    {
      "elapsed_sec": 0.024066943675279617,
      "iter_idx": 3,
      "op_name": "solve",
      "tag": "newtonpf"
    },
    {
      "elapsed_sec": 0.0003857910633087158,
      "iter_idx": 3,
      "op_name": "update_voltage",
      "tag": "newtonpf"
    },
    {
      "elapsed_sec": 0.00017544999718666077,
      "iter_idx": 3,
      "op_name": "mismatch",
      "tag": "newtonpf"
    },
    {
      "elapsed_sec": 0.012564482167363167,
      "iter_idx": 4,
      "op_name": "jacobian",
      "tag": "newtonpf"
    },
    {
      "elapsed_sec": 0.02367214486002922,
      "iter_idx": 4,
      "op_name": "solve",
      "tag": "newtonpf"
    },
    {
      "elapsed_sec": 0.0003798026591539383,
      "iter_idx": 4,
      "op_name": "update_voltage",
      "tag": "newtonpf"
    },
    {
      "elapsed_sec": 0.00017273053526878357,
      "iter_idx": 4,
      "op_name": "mismatch",
      "tag": "newtonpf"
    },
    {
      "elapsed_sec": 0.01276848278939724,
      "iter_idx": 5,
      "op_name": "jacobian",
      "tag": "newtonpf"
    },
    {
      "elapsed_sec": 0.024430183693766594,
      "iter_idx": 5,
      "op_name": "solve",
      "tag": "newtonpf"
    },
    {
      "elapsed_sec": 0.00038363225758075714,
      "iter_idx": 5,
      "op_name": "update_voltage",
      "tag": "newtonpf"
    },
    {
      "elapsed_sec": 0.00017695128917694092,
      "iter_idx": 5,
      "op_name": "mismatch",
      "tag": "newtonpf"
    },
    {
      "elapsed_sec": 0.012468922883272171,
      "iter_idx": 6,
      "op_name": "jacobian",
      "tag": "newtonpf"
    },
    {
      "elapsed_sec": 0.02408333495259285,
      "iter_idx": 6,
      "op_name": "solve",
      "tag": "newtonpf"
    },
    {
      "elapsed_sec": 0.00038857199251651764,
      "iter_idx": 6,
      "op_name": "update_voltage",
      "tag": "newtonpf"
    },
    {
      "elapsed_sec": 0.00017839856445789337,
      "iter_idx": 6,
      "op_name": "mismatch",
      "tag": "newtonpf"
    },
    {
      "elapsed_sec": 0.23134774714708328,
      "iter_idx": 0,
      "op_name": "newtonpf",
      "tag": "runpf"
    }
  ]
}
