iter,max_abs_residual
0,2.240520000000e+03
1,2.041700000000e+02
2,4.725830000000e+01
3,3.777810000000e+00
4,5.352990000000e-02
5,2.067010000000e-05
6,4.115100000000e-09
