iter,max_abs_residual
0,1.580700000000e+01
1,6.622250000000e+00
2,6.788530000000e-01
3,2.753570000000e-02
4,3.174700000000e-05
5,1.988690000000e-10
